snapshot	source	sha256	bytes
hydra/2026-10-01/01-32-35/config.yaml	outputs/2026-10-01/01-32-35/.hydra/config.yaml	36dd29e0f90dedd9	12201
hydra/2026-10-01/01-32-35/hydra.yaml	outputs/2026-10-01/01-32-35/.hydra/hydra.yaml	50b8c08f59d06b2d	4120
hydra/2026-10-01/01-32-35/overrides.yaml	outputs/2026-10-01/01-32-35/.hydra/overrides.yaml	317f28fb85f17368	276
hydra/2026-10-01/01-34-04/config.yaml	outputs/2026-10-01/01-34-04/.hydra/config.yaml	60e276aeb36a38d0	12217
hydra/2026-10-01/01-34-04/hydra.yaml	outputs/2026-10-01/01-34-04/.hydra/hydra.yaml	09aa762e24f41272	4152
hydra/2026-10-01/01-34-04/overrides.yaml	outputs/2026-10-01/01-34-04/.hydra/overrides.yaml	6968d3dbeb663fe7	292
hydra/2026-10-01/02-07-58/config.yaml	outputs/2026-10-01/02-07-58/.hydra/config.yaml	b47287c496ca8790	11895
hydra/2026-10-01/02-07-58/hydra.yaml	outputs/2026-10-01/02-07-58/.hydra/hydra.yaml	9bbda9063978f336	4185
hydra/2026-10-01/02-07-58/overrides.yaml	outputs/2026-10-01/02-07-58/.hydra/overrides.yaml	b8885755ce636dac	300
hydra/2026-10-01/02-15-25/config.yaml	outputs/2026-10-01/02-15-25/.hydra/config.yaml	4c00e4e8d330c266	11891
hydra/2026-10-01/02-15-25/hydra.yaml	outputs/2026-10-01/02-15-25/.hydra/hydra.yaml	5b6e3c989c56557f	4129
hydra/2026-10-01/02-15-25/overrides.yaml	outputs/2026-10-01/02-15-25/.hydra/overrides.yaml	514b1ed60f96482c	273
hydra/2026-10-01/04-09-03/config.yaml	outputs/2026-10-01/04-09-03/.hydra/config.yaml	4c00e4e8d330c266	11891
hydra/2026-10-01/04-09-03/hydra.yaml	outputs/2026-10-01/04-09-03/.hydra/hydra.yaml	46ca2d6b3092414c	4129
hydra/2026-10-01/04-09-03/overrides.yaml	outputs/2026-10-01/04-09-03/.hydra/overrides.yaml	514b1ed60f96482c	273
hydra/2026-10-01/04-43-05/config.yaml	outputs/2026-10-01/04-43-05/.hydra/config.yaml	440eb2cbbf8c4884	11895
hydra/2026-10-01/04-43-05/hydra.yaml	outputs/2026-10-01/04-43-05/.hydra/hydra.yaml	331a391add513c29	4137
hydra/2026-10-01/04-43-05/overrides.yaml	outputs/2026-10-01/04-43-05/.hydra/overrides.yaml	e87741090ed6a892	277
hydra/2026-10-01/06-34-53/config.yaml	outputs/2026-10-01/06-34-53/.hydra/config.yaml	bc82a1a49e8c1143	11756
hydra/2026-10-01/06-34-53/hydra.yaml	outputs/2026-10-01/06-34-53/.hydra/hydra.yaml	9a431a420acfb08f	3702
hydra/2026-10-01/06-34-53/overrides.yaml	outputs/2026-10-01/06-34-53/.hydra/overrides.yaml	c8e6369f71560ad9	60
hydra/2026-10-01/11-04-52/config.yaml	outputs/2026-10-01/11-04-52/.hydra/config.yaml	5c3079d12163eea3	11765
hydra/2026-10-01/11-04-52/hydra.yaml	outputs/2026-10-01/11-04-52/.hydra/hydra.yaml	709c0b2d1bea1fec	4014
hydra/2026-10-01/11-04-52/overrides.yaml	outputs/2026-10-01/11-04-52/.hydra/overrides.yaml	3d372ba0bb34c1ee	217
hydra/2026-10-01/11-06-59/config.yaml	outputs/2026-10-01/11-06-59/.hydra/config.yaml	5c3079d12163eea3	11765
hydra/2026-10-01/11-06-59/hydra.yaml	outputs/2026-10-01/11-06-59/.hydra/hydra.yaml	06e5b0f4a02e9b1d	4014
hydra/2026-10-01/11-06-59/overrides.yaml	outputs/2026-10-01/11-06-59/.hydra/overrides.yaml	3d372ba0bb34c1ee	217
hydra/2026-10-01/11-09-48/config.yaml	outputs/2026-10-01/11-09-48/.hydra/config.yaml	227f8bfb26b566f8	11761
hydra/2026-10-01/11-09-48/hydra.yaml	outputs/2026-10-01/11-09-48/.hydra/hydra.yaml	26cd6d72fb95941f	4160
hydra/2026-10-01/11-09-48/overrides.yaml	outputs/2026-10-01/11-09-48/.hydra/overrides.yaml	f5205ed05b74660e	288
hydra/2026-10-01/11-38-11/config.yaml	outputs/2026-10-01/11-38-11/.hydra/config.yaml	cf97046322fadb06	12202
hydra/2026-10-01/11-38-11/hydra.yaml	outputs/2026-10-01/11-38-11/.hydra/hydra.yaml	dd63c4116113c624	3871
hydra/2026-10-01/11-38-11/overrides.yaml	outputs/2026-10-01/11-38-11/.hydra/overrides.yaml	2e6a71d4d37a4890	132
hydra/2026-10-01/11-38-49/config.yaml	outputs/2026-10-01/11-38-49/.hydra/config.yaml	42f6d0c5858eba6c	11867
hydra/2026-10-01/11-38-49/hydra.yaml	outputs/2026-10-01/11-38-49/.hydra/hydra.yaml	d3608bd33a31825f	3805
hydra/2026-10-01/11-38-49/overrides.yaml	outputs/2026-10-01/11-38-49/.hydra/overrides.yaml	7c6fd3cd29889e37	110
hydra/2026-10-01/11-39-23/config.yaml	outputs/2026-10-01/11-39-23/.hydra/config.yaml	4908a654db724097	11778
hydra/2026-10-01/11-39-23/hydra.yaml	outputs/2026-10-01/11-39-23/.hydra/hydra.yaml	42c310469097b75d	4284
hydra/2026-10-01/11-39-23/overrides.yaml	outputs/2026-10-01/11-39-23/.hydra/overrides.yaml	94e0a5c2db81a369	349
hydra/2026-10-01/11-43-32/config.yaml	outputs/2026-10-01/11-43-32/.hydra/config.yaml	eeaaaa9a22e17f19	11799
hydra/2026-10-01/11-43-32/hydra.yaml	outputs/2026-10-01/11-43-32/.hydra/hydra.yaml	adb99e78399e1c38	4282
hydra/2026-10-01/11-43-32/overrides.yaml	outputs/2026-10-01/11-43-32/.hydra/overrides.yaml	01c08fc50b657db9	348
hydra/2026-10-01/11-55-50/config.yaml	outputs/2026-10-01/11-55-50/.hydra/config.yaml	23f6397f761a9d9e	11876
hydra/2026-10-01/11-55-50/hydra.yaml	outputs/2026-10-01/11-55-50/.hydra/hydra.yaml	e243f10f7b5ebbac	4115
hydra/2026-10-01/11-55-50/overrides.yaml	outputs/2026-10-01/11-55-50/.hydra/overrides.yaml	ee905b8493340c39	261
hydra/2026-10-01/11-56-02/config.yaml	outputs/2026-10-01/11-56-02/.hydra/config.yaml	650c868e123ac704	11877
hydra/2026-10-01/11-56-02/hydra.yaml	outputs/2026-10-01/11-56-02/.hydra/hydra.yaml	54637177589cc818	4117
hydra/2026-10-01/11-56-02/overrides.yaml	outputs/2026-10-01/11-56-02/.hydra/overrides.yaml	0260fc25ec9cd69c	262
hydra/2026-10-01/11-56-14/config.yaml	outputs/2026-10-01/11-56-14/.hydra/config.yaml	e6ea13bc60786c7b	11877
hydra/2026-10-01/11-56-14/hydra.yaml	outputs/2026-10-01/11-56-14/.hydra/hydra.yaml	1509271f99837160	4117
hydra/2026-10-01/11-56-14/overrides.yaml	outputs/2026-10-01/11-56-14/.hydra/overrides.yaml	c10e99629a69f84d	262
hydra/2026-10-01/11-56-26/config.yaml	outputs/2026-10-01/11-56-26/.hydra/config.yaml	be7f79220383337c	11921
hydra/2026-10-01/11-56-26/hydra.yaml	outputs/2026-10-01/11-56-26/.hydra/hydra.yaml	5c97c39b52e64909	4135
hydra/2026-10-01/11-56-26/overrides.yaml	outputs/2026-10-01/11-56-26/.hydra/overrides.yaml	4df3126f6d4becc4	271
hydra/2026-10-01/11-56-48/config.yaml	outputs/2026-10-01/11-56-48/.hydra/config.yaml	23f6397f761a9d9e	11876
hydra/2026-10-01/11-56-48/hydra.yaml	outputs/2026-10-01/11-56-48/.hydra/hydra.yaml	57f39ef4d731957f	4115
hydra/2026-10-01/11-56-48/overrides.yaml	outputs/2026-10-01/11-56-48/.hydra/overrides.yaml	ee905b8493340c39	261
hydra/2026-10-01/11-59-03/config.yaml	outputs/2026-10-01/11-59-03/.hydra/config.yaml	2986525a90eb490d	11876
hydra/2026-10-01/11-59-03/hydra.yaml	outputs/2026-10-01/11-59-03/.hydra/hydra.yaml	ad6bb90a88b4b97f	4115
hydra/2026-10-01/11-59-03/overrides.yaml	outputs/2026-10-01/11-59-03/.hydra/overrides.yaml	1a9dca04cabf1843	261
hydra/2026-10-01/12-01-28/config.yaml	outputs/2026-10-01/12-01-28/.hydra/config.yaml	f64627ee79c11833	11876
hydra/2026-10-01/12-01-28/hydra.yaml	outputs/2026-10-01/12-01-28/.hydra/hydra.yaml	dc06b1b557be4fdf	4115
hydra/2026-10-01/12-01-28/overrides.yaml	outputs/2026-10-01/12-01-28/.hydra/overrides.yaml	8c0aa305473e0fbb	261
hydra/2026-10-01/12-03-58/config.yaml	outputs/2026-10-01/12-03-58/.hydra/config.yaml	ce8246ad0a20e560	11920
hydra/2026-10-01/12-03-58/hydra.yaml	outputs/2026-10-01/12-03-58/.hydra/hydra.yaml	6bea1228491f50fb	4133
hydra/2026-10-01/12-03-58/overrides.yaml	outputs/2026-10-01/12-03-58/.hydra/overrides.yaml	edfb775f3621bb95	270
hydra/2026-10-01/12-06-53/config.yaml	outputs/2026-10-01/12-06-53/.hydra/config.yaml	33389e419830fda9	11884
hydra/2026-10-01/12-06-53/hydra.yaml	outputs/2026-10-01/12-06-53/.hydra/hydra.yaml	d44bf55412e1229e	3913
hydra/2026-10-01/12-06-53/overrides.yaml	outputs/2026-10-01/12-06-53/.hydra/overrides.yaml	3169f534c3c79601	164
hydra/2026-10-01/12-19-39/config.yaml	outputs/2026-10-01/12-19-39/.hydra/config.yaml	6df47e6d4922fce7	12204
hydra/2026-10-01/12-19-39/hydra.yaml	outputs/2026-10-01/12-19-39/.hydra/hydra.yaml	88e796e45c5762fc	4042
hydra/2026-10-01/12-19-39/overrides.yaml	outputs/2026-10-01/12-19-39/.hydra/overrides.yaml	50abdcf83e6ffddd	213
hydra/2026-10-01/12-20-27/config.yaml	outputs/2026-10-01/12-20-27/.hydra/config.yaml	a86ac0fc151222bf	12204
hydra/2026-10-01/12-20-27/hydra.yaml	outputs/2026-10-01/12-20-27/.hydra/hydra.yaml	d972c01974795e99	4000
hydra/2026-10-01/12-20-27/overrides.yaml	outputs/2026-10-01/12-20-27/.hydra/overrides.yaml	4fa66bcb2a11431b	193
hydra/2026-10-01/12-22-40/config.yaml	outputs/2026-10-01/12-22-40/.hydra/config.yaml	adc06d3c4f044890	12204
hydra/2026-10-01/12-22-40/hydra.yaml	outputs/2026-10-01/12-22-40/.hydra/hydra.yaml	989138a535887f1d	4000
hydra/2026-10-01/12-22-40/overrides.yaml	outputs/2026-10-01/12-22-40/.hydra/overrides.yaml	4fa66bcb2a11431b	193
hydra/2026-10-01/13-03-04/config.yaml	outputs/2026-10-01/13-03-04/.hydra/config.yaml	293e5f5a70ec4400	12211
hydra/2026-10-01/13-03-04/hydra.yaml	outputs/2026-10-01/13-03-04/.hydra/hydra.yaml	d31edaab7fbaff86	4386
hydra/2026-10-01/13-03-04/overrides.yaml	outputs/2026-10-01/13-03-04/.hydra/overrides.yaml	93d17bcdaae62b7c	380
hydra/2026-10-01/13-04-00/config.yaml	outputs/2026-10-01/13-04-00/.hydra/config.yaml	ca0a0b1481ef7d58	12211
hydra/2026-10-01/13-04-00/hydra.yaml	outputs/2026-10-01/13-04-00/.hydra/hydra.yaml	81ca697b1392d077	4386
hydra/2026-10-01/13-04-00/overrides.yaml	outputs/2026-10-01/13-04-00/.hydra/overrides.yaml	9687ffbf44a95371	380
hydra/2026-10-01/13-04-54/config.yaml	outputs/2026-10-01/13-04-54/.hydra/config.yaml	b8acdfcead19eec7	12211
hydra/2026-10-01/13-04-54/hydra.yaml	outputs/2026-10-01/13-04-54/.hydra/hydra.yaml	863ed915fbee91b1	4386
hydra/2026-10-01/13-04-54/overrides.yaml	outputs/2026-10-01/13-04-54/.hydra/overrides.yaml	6c770d2116b47bb3	380
hydra/2026-10-01/13-06-10/config.yaml	outputs/2026-10-01/13-06-10/.hydra/config.yaml	02167a9cb8e367e9	12211
hydra/2026-10-01/13-06-10/hydra.yaml	outputs/2026-10-01/13-06-10/.hydra/hydra.yaml	fca35cc5a4558fb3	4386
hydra/2026-10-01/13-06-10/overrides.yaml	outputs/2026-10-01/13-06-10/.hydra/overrides.yaml	936fed5f244ce7aa	380
hydra/2026-10-01/13-07-46/config.yaml	outputs/2026-10-01/13-07-46/.hydra/config.yaml	5949f24512630186	12212
hydra/2026-10-01/13-07-46/hydra.yaml	outputs/2026-10-01/13-07-46/.hydra/hydra.yaml	eb95aa552f158316	4388
hydra/2026-10-01/13-07-46/overrides.yaml	outputs/2026-10-01/13-07-46/.hydra/overrides.yaml	2e07c7fd65207505	381
hydra/2026-10-01/13-09-19/config.yaml	outputs/2026-10-01/13-09-19/.hydra/config.yaml	85afc2ec4809664d	12213
hydra/2026-10-01/13-09-19/hydra.yaml	outputs/2026-10-01/13-09-19/.hydra/hydra.yaml	daf58ab5431682a8	4390
hydra/2026-10-01/13-09-19/overrides.yaml	outputs/2026-10-01/13-09-19/.hydra/overrides.yaml	89ab7f02f9fbe035	382
hydra/2026-10-01/13-12-26/config.yaml	outputs/2026-10-01/13-12-26/.hydra/config.yaml	f0471b6df48afae0	12304
hydra/2026-10-01/13-12-26/hydra.yaml	outputs/2026-10-01/13-12-26/.hydra/hydra.yaml	a7be2c0d1c78445e	4244
hydra/2026-10-01/13-12-26/overrides.yaml	outputs/2026-10-01/13-12-26/.hydra/overrides.yaml	276802e84ad4d04e	314
hydra/2026-10-01/14-21-24/config.yaml	outputs/2026-10-01/14-21-24/.hydra/config.yaml	75e612a71d03b056	11892
hydra/2026-10-01/14-21-24/hydra.yaml	outputs/2026-10-01/14-21-24/.hydra/hydra.yaml	1d5b7ace7a199384	4359
hydra/2026-10-01/14-21-24/overrides.yaml	outputs/2026-10-01/14-21-24/.hydra/overrides.yaml	9c2ee53a4b1554b3	380
hydra/2026-10-01/14-23-16/config.yaml	outputs/2026-10-01/14-23-16/.hydra/config.yaml	1bef4cd70ac99947	11892
hydra/2026-10-01/14-23-16/hydra.yaml	outputs/2026-10-01/14-23-16/.hydra/hydra.yaml	520e57c3de8a4dfb	4359
hydra/2026-10-01/14-23-16/overrides.yaml	outputs/2026-10-01/14-23-16/.hydra/overrides.yaml	abb1cac38bfca83a	380
hydra/2026-10-01/15-03-53/config.yaml	outputs/2026-10-01/15-03-53/.hydra/config.yaml	752072c8faeedeba	12202
hydra/2026-10-01/15-03-53/hydra.yaml	outputs/2026-10-01/15-03-53/.hydra/hydra.yaml	84c05cb952298d3e	4003
hydra/2026-10-01/15-03-53/overrides.yaml	outputs/2026-10-01/15-03-53/.hydra/overrides.yaml	0fe711dc9fdf3646	200
hydra/2026-10-01/15-04-43/config.yaml	outputs/2026-10-01/15-04-43/.hydra/config.yaml	58b29b84542aeb38	12202
hydra/2026-10-01/15-04-43/hydra.yaml	outputs/2026-10-01/15-04-43/.hydra/hydra.yaml	579e3b87e9f62015	3961
hydra/2026-10-01/15-04-43/overrides.yaml	outputs/2026-10-01/15-04-43/.hydra/overrides.yaml	f535a56ce314ee04	180
hydra/2026-10-01/15-15-00/config.yaml	outputs/2026-10-01/15-15-00/.hydra/config.yaml	1a8acbf44afd96a9	12199
hydra/2026-10-01/15-15-00/hydra.yaml	outputs/2026-10-01/15-15-00/.hydra/hydra.yaml	f55cd0fe9b26f39a	4003
hydra/2026-10-01/15-15-00/overrides.yaml	outputs/2026-10-01/15-15-00/.hydra/overrides.yaml	e7b386d1a3c69d65	200
hydra/2026-10-01/15-16-01/config.yaml	outputs/2026-10-01/15-16-01/.hydra/config.yaml	b4f76df178d919b7	12199
hydra/2026-10-01/15-16-01/hydra.yaml	outputs/2026-10-01/15-16-01/.hydra/hydra.yaml	7406d21a4c4267fd	3961
hydra/2026-10-01/15-16-01/overrides.yaml	outputs/2026-10-01/15-16-01/.hydra/overrides.yaml	eca56446073ebca9	180
hydra/2026-10-01/21-25-14/config.yaml	outputs/2026-10-01/21-25-14/.hydra/config.yaml	bd612019bb64db29	12187
hydra/2026-10-01/21-25-14/hydra.yaml	outputs/2026-10-01/21-25-14/.hydra/hydra.yaml	e7ae9340c124e77a	3949
hydra/2026-10-01/21-25-14/overrides.yaml	outputs/2026-10-01/21-25-14/.hydra/overrides.yaml	8e89e5f11bfff7fe	176
hydra/2026-10-01/21-25-15/config.yaml	outputs/2026-10-01/21-25-15/.hydra/config.yaml	eea095fad3932f71	12184
hydra/2026-10-01/21-25-15/hydra.yaml	outputs/2026-10-01/21-25-15/.hydra/hydra.yaml	fdcacae9f6e024bb	3949
hydra/2026-10-01/21-25-15/overrides.yaml	outputs/2026-10-01/21-25-15/.hydra/overrides.yaml	fb2ea9e395b90800	176
hydra/2026-10-01/22-23-29/config.yaml	outputs/2026-10-01/22-23-29/.hydra/config.yaml	b0d730e49e683649	11094
hydra/2026-10-01/22-23-29/hydra.yaml	outputs/2026-10-01/22-23-29/.hydra/hydra.yaml	43f002d2d669d15e	4035
hydra/2026-10-01/22-23-29/overrides.yaml	outputs/2026-10-01/22-23-29/.hydra/overrides.yaml	53cfe8a97cdf4d86	238
hydra/2026-10-01/22-24-22/config.yaml	outputs/2026-10-01/22-24-22/.hydra/config.yaml	b0d730e49e683649	11094
hydra/2026-10-01/22-24-22/hydra.yaml	outputs/2026-10-01/22-24-22/.hydra/hydra.yaml	472f54294062b75d	4035
hydra/2026-10-01/22-24-22/overrides.yaml	outputs/2026-10-01/22-24-22/.hydra/overrides.yaml	53cfe8a97cdf4d86	238
hydra/2026-10-01/22-24-49/config.yaml	outputs/2026-10-01/22-24-49/.hydra/config.yaml	b0d730e49e683649	11094
hydra/2026-10-01/22-24-49/hydra.yaml	outputs/2026-10-01/22-24-49/.hydra/hydra.yaml	7a61be339c4f7e95	4035
hydra/2026-10-01/22-24-49/overrides.yaml	outputs/2026-10-01/22-24-49/.hydra/overrides.yaml	53cfe8a97cdf4d86	238
hydra/2026-10-01/23-25-10/config.yaml	outputs/2026-10-01/23-25-10/.hydra/config.yaml	003523fb3a85377e	12418
hydra/2026-10-01/23-25-10/hydra.yaml	outputs/2026-10-01/23-25-10/.hydra/hydra.yaml	91938f547bf5843b	4748
hydra/2026-10-01/23-25-10/overrides.yaml	outputs/2026-10-01/23-25-10/.hydra/overrides.yaml	4b9013d155109464	556
hydra/2026-10-01/23-30-21/config.yaml	outputs/2026-10-01/23-30-21/.hydra/config.yaml	bcd218b911911077	12410
hydra/2026-10-01/23-30-21/hydra.yaml	outputs/2026-10-01/23-30-21/.hydra/hydra.yaml	9c2be36ba02eac35	4703
hydra/2026-10-01/23-30-21/overrides.yaml	outputs/2026-10-01/23-30-21/.hydra/overrides.yaml	9216fdcf88459b87	540
hydra/2026-10-01/23-35-06/config.yaml	outputs/2026-10-01/23-35-06/.hydra/config.yaml	d9130baee2dd443b	12413
hydra/2026-10-01/23-35-06/hydra.yaml	outputs/2026-10-01/23-35-06/.hydra/hydra.yaml	03193c509e3a8ec1	4703
hydra/2026-10-01/23-35-06/overrides.yaml	outputs/2026-10-01/23-35-06/.hydra/overrides.yaml	fd45e86a8330aca5	540
hydra/2026-10-01/23-39-50/config.yaml	outputs/2026-10-01/23-39-50/.hydra/config.yaml	e925deb673b42abc	12425
hydra/2026-10-01/23-39-50/hydra.yaml	outputs/2026-10-01/23-39-50/.hydra/hydra.yaml	621bbf7fb919dc4c	4762
hydra/2026-10-01/23-39-50/overrides.yaml	outputs/2026-10-01/23-39-50/.hydra/overrides.yaml	c26ee8c4feac809a	563
hydra/2026-10-01/23-56-38/config.yaml	outputs/2026-10-01/23-56-38/.hydra/config.yaml	50489d2a4f8ec69d	12364
hydra/2026-10-01/23-56-38/hydra.yaml	outputs/2026-10-01/23-56-38/.hydra/hydra.yaml	5e88cb2b0ab26fff	4640
hydra/2026-10-01/23-56-38/overrides.yaml	outputs/2026-10-01/23-56-38/.hydra/overrides.yaml	1ab3a5c32db05994	502
hydra/2026-10-01/23-57-16/config.yaml	outputs/2026-10-01/23-57-16/.hydra/config.yaml	323fe20c8c7ad8c8	12422
hydra/2026-10-01/23-57-16/hydra.yaml	outputs/2026-10-01/23-57-16/.hydra/hydra.yaml	bfb765dfd8e6c09e	4756
hydra/2026-10-01/23-57-16/overrides.yaml	outputs/2026-10-01/23-57-16/.hydra/overrides.yaml	68991982fde8f391	560
hydra/2026-10-02/00-06-31/config.yaml	outputs/2026-10-02/00-06-31/.hydra/config.yaml	73e5ec17e6cfa022	12417
hydra/2026-10-02/00-06-31/hydra.yaml	outputs/2026-10-02/00-06-31/.hydra/hydra.yaml	206f87774d4b83c1	4711
hydra/2026-10-02/00-06-31/overrides.yaml	outputs/2026-10-02/00-06-31/.hydra/overrides.yaml	969228b3bcf9cd68	544
hydra/2026-10-02/00-15-37/config.yaml	outputs/2026-10-02/00-15-37/.hydra/config.yaml	eac9f2abee47b4df	12414
hydra/2026-10-02/00-15-37/hydra.yaml	outputs/2026-10-02/00-15-37/.hydra/hydra.yaml	119ae3aeee350169	4711
hydra/2026-10-02/00-15-37/overrides.yaml	outputs/2026-10-02/00-15-37/.hydra/overrides.yaml	af118d77ef9ffaac	544
hydra/2026-10-02/00-20-29/config.yaml	outputs/2026-10-02/00-20-29/.hydra/config.yaml	04ac8a6d68d675d9	12420
hydra/2026-10-02/00-20-29/hydra.yaml	outputs/2026-10-02/00-20-29/.hydra/hydra.yaml	56ab700d1b824794	4717
hydra/2026-10-02/00-20-29/overrides.yaml	outputs/2026-10-02/00-20-29/.hydra/overrides.yaml	d6686db7b93d7680	547
hydra/2026-10-02/00-57-46/config.yaml	outputs/2026-10-02/00-57-46/.hydra/config.yaml	c58e9c9ca7212314	12417
hydra/2026-10-02/00-57-46/hydra.yaml	outputs/2026-10-02/00-57-46/.hydra/hydra.yaml	0dc032ad5b42e5d3	4717
hydra/2026-10-02/00-57-46/overrides.yaml	outputs/2026-10-02/00-57-46/.hydra/overrides.yaml	548f75dc03d50637	547
hydra/2026-10-02/09-59-31/config.yaml	outputs/2026-10-02/09-59-31/.hydra/config.yaml	f0f621ae1a1db1f2	11128
hydra/2026-10-02/09-59-31/hydra.yaml	outputs/2026-10-02/09-59-31/.hydra/hydra.yaml	e4cbe3a4589d3991	4125
hydra/2026-10-02/09-59-31/overrides.yaml	outputs/2026-10-02/09-59-31/.hydra/overrides.yaml	743aee92043980d9	282
hydra/2026-10-02/10-00-19/config.yaml	outputs/2026-10-02/10-00-19/.hydra/config.yaml	4b3833ab8cad4d8e	11125
hydra/2026-10-02/10-00-19/hydra.yaml	outputs/2026-10-02/10-00-19/.hydra/hydra.yaml	8df022167332b689	4119
hydra/2026-10-02/10-00-19/overrides.yaml	outputs/2026-10-02/10-00-19/.hydra/overrides.yaml	1262f280ff93830f	279
hydra/2026-10-02/10-28-12/config.yaml	outputs/2026-10-02/10-28-12/.hydra/config.yaml	3d1d8ed0c5601738	12201
hydra/2026-10-02/10-28-12/hydra.yaml	outputs/2026-10-02/10-28-12/.hydra/hydra.yaml	15eeba66ec15a55a	4080
hydra/2026-10-02/10-28-12/overrides.yaml	outputs/2026-10-02/10-28-12/.hydra/overrides.yaml	f68ede1977fc7c80	228
hydra/2026-10-02/10-29-02/config.yaml	outputs/2026-10-02/10-29-02/.hydra/config.yaml	b181f1375aebb9c4	12199
hydra/2026-10-02/10-29-02/hydra.yaml	outputs/2026-10-02/10-29-02/.hydra/hydra.yaml	201ef6c61733e100	3965
hydra/2026-10-02/10-29-02/overrides.yaml	outputs/2026-10-02/10-29-02/.hydra/overrides.yaml	c5e5da7838c6c06b	179
hydra/2026-10-02/10-40-08/config.yaml	outputs/2026-10-02/10-40-08/.hydra/config.yaml	7701ad4696729709	12216
hydra/2026-10-02/10-40-08/hydra.yaml	outputs/2026-10-02/10-40-08/.hydra/hydra.yaml	3339b844d3113b52	4100
hydra/2026-10-02/10-40-08/overrides.yaml	outputs/2026-10-02/10-40-08/.hydra/overrides.yaml	28a9eb5bf9482ce3	237
hydra/2026-10-02/10-40-52/config.yaml	outputs/2026-10-02/10-40-52/.hydra/config.yaml	75919e2fd5654c95	12211
hydra/2026-10-02/10-40-52/hydra.yaml	outputs/2026-10-02/10-40-52/.hydra/hydra.yaml	335125db2438b0e0	3985
hydra/2026-10-02/10-40-52/overrides.yaml	outputs/2026-10-02/10-40-52/.hydra/overrides.yaml	a748a2af84076811	188
hydra/2026-10-02/10-40-53/config.yaml	outputs/2026-10-02/10-40-53/.hydra/config.yaml	840c9d27ab817d34	12216
hydra/2026-10-02/10-40-53/hydra.yaml	outputs/2026-10-02/10-40-53/.hydra/hydra.yaml	b1876fd6f1da30af	4024
hydra/2026-10-02/10-40-53/overrides.yaml	outputs/2026-10-02/10-40-53/.hydra/overrides.yaml	b8bc2620e8e8e74e	201
hydra/2026-10-02/11-05-25/config.yaml	outputs/2026-10-02/11-05-25/.hydra/config.yaml	b686c12cd9008c7a	11153
hydra/2026-10-02/11-05-25/hydra.yaml	outputs/2026-10-02/11-05-25/.hydra/hydra.yaml	b92c7235edc215fd	4427
hydra/2026-10-02/11-05-25/overrides.yaml	outputs/2026-10-02/11-05-25/.hydra/overrides.yaml	6c6a2c2bd1bde94d	427
hydra/2026-10-02/11-26-01/config.yaml	outputs/2026-10-02/11-26-01/.hydra/config.yaml	fd169b9acf28ab30	11145
hydra/2026-10-02/11-26-01/hydra.yaml	outputs/2026-10-02/11-26-01/.hydra/hydra.yaml	8bc5650e79a7b5f8	4159
hydra/2026-10-02/11-26-01/overrides.yaml	outputs/2026-10-02/11-26-01/.hydra/overrides.yaml	d07bd3fbc3fd050b	299
hydra/2026-10-02/11-31-25/config.yaml	outputs/2026-10-02/11-31-25/.hydra/config.yaml	a2ba4b842ba12869	11145
hydra/2026-10-02/11-31-25/hydra.yaml	outputs/2026-10-02/11-31-25/.hydra/hydra.yaml	bbced6e1ea143365	4159
hydra/2026-10-02/11-31-25/overrides.yaml	outputs/2026-10-02/11-31-25/.hydra/overrides.yaml	831ea67f5a65c809	299
hydra/2026-10-02/12-15-21/config.yaml	outputs/2026-10-02/12-15-21/.hydra/config.yaml	6bb2388f25527386	11161
hydra/2026-10-02/12-15-21/hydra.yaml	outputs/2026-10-02/12-15-21/.hydra/hydra.yaml	6ef4044d4da65b68	4529
hydra/2026-10-02/12-15-21/overrides.yaml	outputs/2026-10-02/12-15-21/.hydra/overrides.yaml	7bb50577f5337ce4	476
hydra/2026-10-02/12-24-57/config.yaml	outputs/2026-10-02/12-24-57/.hydra/config.yaml	d354f9acf78a066e	11168
hydra/2026-10-02/12-24-57/hydra.yaml	outputs/2026-10-02/12-24-57/.hydra/hydra.yaml	0cb8602dafa8de81	4543
hydra/2026-10-02/12-24-57/overrides.yaml	outputs/2026-10-02/12-24-57/.hydra/overrides.yaml	cf7870f444c1a4a9	483
hydra/2026-10-02/12-43-12/config.yaml	outputs/2026-10-02/12-43-12/.hydra/config.yaml	1f78f2a347a01124	11165
hydra/2026-10-02/12-43-12/hydra.yaml	outputs/2026-10-02/12-43-12/.hydra/hydra.yaml	b677f204004f1123	4537
hydra/2026-10-02/12-43-12/overrides.yaml	outputs/2026-10-02/12-43-12/.hydra/overrides.yaml	b77fc707f1d6b2ef	480
hydra/2026-10-02/12-43-13/config.yaml	outputs/2026-10-02/12-43-13/.hydra/config.yaml	9fa017bda778b477	11165
hydra/2026-10-02/12-43-13/hydra.yaml	outputs/2026-10-02/12-43-13/.hydra/hydra.yaml	84e667dc7657d163	4537
hydra/2026-10-02/12-43-13/overrides.yaml	outputs/2026-10-02/12-43-13/.hydra/overrides.yaml	f8f15dfc48f9cb43	480
hydra/2026-10-02/13-48-05/config.yaml	outputs/2026-10-02/13-48-05/.hydra/config.yaml	6d5f19342a96724c	11419
hydra/2026-10-02/13-48-05/hydra.yaml	outputs/2026-10-02/13-48-05/.hydra/hydra.yaml	64f5a14c0f62513f	5149
hydra/2026-10-02/13-48-05/overrides.yaml	outputs/2026-10-02/13-48-05/.hydra/overrides.yaml	28a1a6c47a03e831	780
hydra/2026-10-02/13-48-33/config.yaml	outputs/2026-10-02/13-48-33/.hydra/config.yaml	811cc03e89b6232d	11299
hydra/2026-10-02/13-48-33/hydra.yaml	outputs/2026-10-02/13-48-33/.hydra/hydra.yaml	bcd8d33b9f5a2d98	4955
hydra/2026-10-02/13-48-33/overrides.yaml	outputs/2026-10-02/13-48-33/.hydra/overrides.yaml	e7555e9c144f9e3b	689
hydra/2026-10-02/13-48-49/config.yaml	outputs/2026-10-02/13-48-49/.hydra/config.yaml	df0b03c438f9abba	11411
hydra/2026-10-02/13-48-49/hydra.yaml	outputs/2026-10-02/13-48-49/.hydra/hydra.yaml	47f5930fff2ebe08	5227
hydra/2026-10-02/13-48-49/overrides.yaml	outputs/2026-10-02/13-48-49/.hydra/overrides.yaml	2381177b4f006923	823
hydra/2026-10-02/14-14-51/config.yaml	outputs/2026-10-02/14-14-51/.hydra/config.yaml	be1c80be2eb639aa	11511
hydra/2026-10-02/14-14-51/hydra.yaml	outputs/2026-10-02/14-14-51/.hydra/hydra.yaml	3cd10d3f432cf714	4772
hydra/2026-10-02/14-14-51/overrides.yaml	outputs/2026-10-02/14-14-51/.hydra/overrides.yaml	7471852c36875409	595
hydra/2026-10-02/14-15-15/config.yaml	outputs/2026-10-02/14-15-15/.hydra/config.yaml	be1c80be2eb639aa	11511
hydra/2026-10-02/14-15-15/hydra.yaml	outputs/2026-10-02/14-15-15/.hydra/hydra.yaml	1860f7148027c807	4772
hydra/2026-10-02/14-15-15/overrides.yaml	outputs/2026-10-02/14-15-15/.hydra/overrides.yaml	7471852c36875409	595
hydra/2026-10-02/14-15-37/config.yaml	outputs/2026-10-02/14-15-37/.hydra/config.yaml	be1c80be2eb639aa	11511
hydra/2026-10-02/14-15-37/hydra.yaml	outputs/2026-10-02/14-15-37/.hydra/hydra.yaml	7642b50b8fa18035	4772
hydra/2026-10-02/14-15-37/overrides.yaml	outputs/2026-10-02/14-15-37/.hydra/overrides.yaml	7471852c36875409	595
hydra/2026-10-02/14-18-09/config.yaml	outputs/2026-10-02/14-18-09/.hydra/config.yaml	bee29e688b503d73	11450
hydra/2026-10-02/14-18-09/hydra.yaml	outputs/2026-10-02/14-18-09/.hydra/hydra.yaml	7d03a7fd0b88a455	4772
hydra/2026-10-02/14-18-09/overrides.yaml	outputs/2026-10-02/14-18-09/.hydra/overrides.yaml	f0e31b137d1f7977	593
hydra/2026-10-02/14-18-53/config.yaml	outputs/2026-10-02/14-18-53/.hydra/config.yaml	bee29e688b503d73	11450
hydra/2026-10-02/14-18-53/hydra.yaml	outputs/2026-10-02/14-18-53/.hydra/hydra.yaml	91afacc608ca051a	4772
hydra/2026-10-02/14-18-53/overrides.yaml	outputs/2026-10-02/14-18-53/.hydra/overrides.yaml	f0e31b137d1f7977	593
hydra/2026-10-02/14-19-44/config.yaml	outputs/2026-10-02/14-19-44/.hydra/config.yaml	bee29e688b503d73	11450
hydra/2026-10-02/14-19-44/hydra.yaml	outputs/2026-10-02/14-19-44/.hydra/hydra.yaml	9283ed8aa5f218a3	4772
hydra/2026-10-02/14-19-44/overrides.yaml	outputs/2026-10-02/14-19-44/.hydra/overrides.yaml	f0e31b137d1f7977	593
hydra/2026-10-02/14-21-09/config.yaml	outputs/2026-10-02/14-21-09/.hydra/config.yaml	5b5296e97997ce3c	11115
hydra/2026-10-02/14-21-09/hydra.yaml	outputs/2026-10-02/14-21-09/.hydra/hydra.yaml	dcff91df245aea7c	4077
hydra/2026-10-02/14-21-09/overrides.yaml	outputs/2026-10-02/14-21-09/.hydra/overrides.yaml	9c4d419585ee21f5	259
hydra/2026-10-02/16-49-29/config.yaml	outputs/2026-10-02/16-49-29/.hydra/config.yaml	4cdd8f52a6dbc660	11325
hydra/2026-10-02/16-49-29/hydra.yaml	outputs/2026-10-02/16-49-29/.hydra/hydra.yaml	982b065fb23cf571	5069
hydra/2026-10-02/16-49-29/overrides.yaml	outputs/2026-10-02/16-49-29/.hydra/overrides.yaml	50351f341e2b4a7c	745
hydra/2026-10-02/16-50-10/config.yaml	outputs/2026-10-02/16-50-10/.hydra/config.yaml	1b14203941efd613	11326
hydra/2026-10-02/16-50-10/hydra.yaml	outputs/2026-10-02/16-50-10/.hydra/hydra.yaml	4ee3956efc4dcb0f	5071
hydra/2026-10-02/16-50-10/overrides.yaml	outputs/2026-10-02/16-50-10/.hydra/overrides.yaml	0e9feaa71f39bafa	746
hydra/2026-10-02/17-09-36/config.yaml	outputs/2026-10-02/17-09-36/.hydra/config.yaml	36ad7b305a388ea1	11378
hydra/2026-10-02/17-09-36/hydra.yaml	outputs/2026-10-02/17-09-36/.hydra/hydra.yaml	9d5343d56d49ee19	5555
hydra/2026-10-02/17-09-36/overrides.yaml	outputs/2026-10-02/17-09-36/.hydra/overrides.yaml	574c9a6efdcc5a0e	984
hydra/2026-10-02/17-19-07/config.yaml	outputs/2026-10-02/17-19-07/.hydra/config.yaml	f6d94b89602dc0d5	11186
hydra/2026-10-02/17-19-07/hydra.yaml	outputs/2026-10-02/17-19-07/.hydra/hydra.yaml	8a1d6a29dc2a3e4d	4222
hydra/2026-10-02/17-19-07/overrides.yaml	outputs/2026-10-02/17-19-07/.hydra/overrides.yaml	c491f8e8268150c1	329
hydra/2026-10-02/17-24-08/config.yaml	outputs/2026-10-02/17-24-08/.hydra/config.yaml	f6d94b89602dc0d5	11186
hydra/2026-10-02/17-24-08/hydra.yaml	outputs/2026-10-02/17-24-08/.hydra/hydra.yaml	2eb22e9949497912	4222
hydra/2026-10-02/17-24-08/overrides.yaml	outputs/2026-10-02/17-24-08/.hydra/overrides.yaml	c491f8e8268150c1	329
hydra/2026-10-02/17-39-08/config.yaml	outputs/2026-10-02/17-39-08/.hydra/config.yaml	22a8c802b9a712fb	11411
hydra/2026-10-02/17-39-08/hydra.yaml	outputs/2026-10-02/17-39-08/.hydra/hydra.yaml	1b39aff9c4c75792	5721
hydra/2026-10-02/17-39-08/overrides.yaml	outputs/2026-10-02/17-39-08/.hydra/overrides.yaml	93a27648ad405957	1065
hydra/2026-10-02/17-48-16/config.yaml	outputs/2026-10-02/17-48-16/.hydra/config.yaml	abf3364e191fddbb	11449
hydra/2026-10-02/17-48-16/hydra.yaml	outputs/2026-10-02/17-48-16/.hydra/hydra.yaml	14e3986ca0300b20	6085
hydra/2026-10-02/17-48-16/overrides.yaml	outputs/2026-10-02/17-48-16/.hydra/overrides.yaml	f4be08ba9afb9632	1244
hydra/2026-10-02/18-03-39/config.yaml	outputs/2026-10-02/18-03-39/.hydra/config.yaml	1c227fae15760c2d	11242
hydra/2026-10-02/18-03-39/hydra.yaml	outputs/2026-10-02/18-03-39/.hydra/hydra.yaml	a21cb707ac920cdf	4353
hydra/2026-10-02/18-03-39/overrides.yaml	outputs/2026-10-02/18-03-39/.hydra/overrides.yaml	e80cb33e42f083be	396
hydra/2026-10-02/18-50-15/config.yaml	outputs/2026-10-02/18-50-15/.hydra/config.yaml	59f34572c2417a7f	11246
hydra/2026-10-02/18-50-15/hydra.yaml	outputs/2026-10-02/18-50-15/.hydra/hydra.yaml	a8824b7372ee4a2d	4699
hydra/2026-10-02/18-50-15/overrides.yaml	outputs/2026-10-02/18-50-15/.hydra/overrides.yaml	c07f492d706e2425	561
hydra/2026-10-02/18-50-16/config.yaml	outputs/2026-10-02/18-50-16/.hydra/config.yaml	20ac99d4ffa61c7a	11231
hydra/2026-10-02/18-50-16/hydra.yaml	outputs/2026-10-02/18-50-16/.hydra/hydra.yaml	740e1698e6061aa0	4669
hydra/2026-10-02/18-50-16/overrides.yaml	outputs/2026-10-02/18-50-16/.hydra/overrides.yaml	1eb2b4e331270cc5	546
hydra/2026-10-02/19-02-16/config.yaml	outputs/2026-10-02/19-02-16/.hydra/config.yaml	00843e59087086c5	11411
hydra/2026-10-02/19-02-16/hydra.yaml	outputs/2026-10-02/19-02-16/.hydra/hydra.yaml	83ab709deb8f6376	5783
hydra/2026-10-02/19-02-16/overrides.yaml	outputs/2026-10-02/19-02-16/.hydra/overrides.yaml	99dfcee788948676	1095
hydra/2026-10-02/19-02-33/config.yaml	outputs/2026-10-02/19-02-33/.hydra/config.yaml	9553427003299307	11449
hydra/2026-10-02/19-02-33/hydra.yaml	outputs/2026-10-02/19-02-33/.hydra/hydra.yaml	ee0560c4d860855f	6147
hydra/2026-10-02/19-02-33/overrides.yaml	outputs/2026-10-02/19-02-33/.hydra/overrides.yaml	ab0b3d0d0f34dc02	1274
hydra/2026-10-02/19-12-02/config.yaml	outputs/2026-10-02/19-12-02/.hydra/config.yaml	00843e59087086c5	11411
hydra/2026-10-02/19-12-02/hydra.yaml	outputs/2026-10-02/19-12-02/.hydra/hydra.yaml	e5a6ac14e62dc843	5783
hydra/2026-10-02/19-12-02/overrides.yaml	outputs/2026-10-02/19-12-02/.hydra/overrides.yaml	99dfcee788948676	1095
hydra/2026-10-02/19-17-36/config.yaml	outputs/2026-10-02/19-17-36/.hydra/config.yaml	9553427003299307	11449
hydra/2026-10-02/19-17-36/hydra.yaml	outputs/2026-10-02/19-17-36/.hydra/hydra.yaml	cdb164f9ddffda4b	6147
hydra/2026-10-02/19-17-36/overrides.yaml	outputs/2026-10-02/19-17-36/.hydra/overrides.yaml	ab0b3d0d0f34dc02	1274
hydra/2026-10-02/19-30-27/config.yaml	outputs/2026-10-02/19-30-27/.hydra/config.yaml	de2ab8faed612724	11214
hydra/2026-10-02/19-30-27/hydra.yaml	outputs/2026-10-02/19-30-27/.hydra/hydra.yaml	567d0fecd59048e3	4297
hydra/2026-10-02/19-30-27/overrides.yaml	outputs/2026-10-02/19-30-27/.hydra/overrides.yaml	55daf9acfae512b8	368
hydra/2026-10-02/19-30-28/config.yaml	outputs/2026-10-02/19-30-28/.hydra/config.yaml	ec7f247e8d314e55	11234
hydra/2026-10-02/19-30-28/hydra.yaml	outputs/2026-10-02/19-30-28/.hydra/hydra.yaml	f8ef96071de2fb53	4337
hydra/2026-10-02/19-30-28/overrides.yaml	outputs/2026-10-02/19-30-28/.hydra/overrides.yaml	1b8d9194cbf0adde	368
hydra/2026-10-02/20-11-44/config.yaml	outputs/2026-10-02/20-11-44/.hydra/config.yaml	169418e600c6f8b6	11240
hydra/2026-10-02/20-11-44/hydra.yaml	outputs/2026-10-02/20-11-44/.hydra/hydra.yaml	d5f431da996a468f	4687
hydra/2026-10-02/20-11-44/overrides.yaml	outputs/2026-10-02/20-11-44/.hydra/overrides.yaml	ed06e277b998ef1a	555
hydra/2026-10-02/20-11-45/config.yaml	outputs/2026-10-02/20-11-45/.hydra/config.yaml	486cff5250af7d78	11225
hydra/2026-10-02/20-11-45/hydra.yaml	outputs/2026-10-02/20-11-45/.hydra/hydra.yaml	04a8ad9597974ff2	4657
hydra/2026-10-02/20-11-45/overrides.yaml	outputs/2026-10-02/20-11-45/.hydra/overrides.yaml	7406c2fd1134a7cd	540
hydra/2026-10-02/22-39-53/config.yaml	outputs/2026-10-02/22-39-53/.hydra/config.yaml	b20445535e7adab1	12208
hydra/2026-10-02/22-39-53/hydra.yaml	outputs/2026-10-02/22-39-53/.hydra/hydra.yaml	eb17297bf6665428	3982
hydra/2026-10-02/22-39-53/overrides.yaml	outputs/2026-10-02/22-39-53/.hydra/overrides.yaml	1fcee77f2c4a6b7b	187
hydra/2026-10-02/22-41-46/config.yaml	outputs/2026-10-02/22-41-46/.hydra/config.yaml	a72af852985701b8	12203
hydra/2026-10-02/22-41-46/hydra.yaml	outputs/2026-10-02/22-41-46/.hydra/hydra.yaml	f108e635e649ce76	4326
hydra/2026-10-02/22-41-46/overrides.yaml	outputs/2026-10-02/22-41-46/.hydra/overrides.yaml	5005b180ffa66fbf	379
hydra/2026-10-02/22-48-35/config.yaml	outputs/2026-10-02/22-48-35/.hydra/config.yaml	6e0866c51fa08b9d	12202
hydra/2026-10-02/22-48-35/hydra.yaml	outputs/2026-10-02/22-48-35/.hydra/hydra.yaml	0df972110db71b0e	4280
hydra/2026-10-02/22-48-35/overrides.yaml	outputs/2026-10-02/22-48-35/.hydra/overrides.yaml	82821d8dacb0acf5	357
hydra/2026-10-02/22-55-43/config.yaml	outputs/2026-10-02/22-55-43/.hydra/config.yaml	b66f225dd55b022e	12145
hydra/2026-10-02/22-55-43/hydra.yaml	outputs/2026-10-02/22-55-43/.hydra/hydra.yaml	0377f62f9144c01d	4004
hydra/2026-10-02/22-55-43/overrides.yaml	outputs/2026-10-02/22-55-43/.hydra/overrides.yaml	daf9f6de5be88cf8	193
hydra/2026-10-03/00-11-24/config.yaml	outputs/2026-10-03/00-11-24/.hydra/config.yaml	1bc06f0a27d20925	12217
hydra/2026-10-03/00-11-24/hydra.yaml	outputs/2026-10-03/00-11-24/.hydra/hydra.yaml	1453a33244872f95	4058
hydra/2026-10-03/00-11-24/overrides.yaml	outputs/2026-10-03/00-11-24/.hydra/overrides.yaml	d9aa206dce2e46c5	223
hydra/2026-10-03/00-18-07/config.yaml	outputs/2026-10-03/00-18-07/.hydra/config.yaml	526f521ba53987d6	12211
hydra/2026-10-03/00-18-07/hydra.yaml	outputs/2026-10-03/00-18-07/.hydra/hydra.yaml	236797142157e081	4250
hydra/2026-10-03/00-18-07/overrides.yaml	outputs/2026-10-03/00-18-07/.hydra/overrides.yaml	3e6c61290947edb2	343
hydra/2026-10-03/00-24-34/config.yaml	outputs/2026-10-03/00-24-34/.hydra/config.yaml	7c54d26ac6984016	12156
hydra/2026-10-03/00-24-34/hydra.yaml	outputs/2026-10-03/00-24-34/.hydra/hydra.yaml	c68a7ea3a3bb1e5a	3878
hydra/2026-10-03/00-24-34/overrides.yaml	outputs/2026-10-03/00-24-34/.hydra/overrides.yaml	7a28ad666fad35fb	132
hydra/2026-10-03/06-58-41/config.yaml	outputs/2026-10-03/06-58-41/.hydra/config.yaml	bb6af872956fdb73	12205
hydra/2026-10-03/06-58-41/hydra.yaml	outputs/2026-10-03/06-58-41/.hydra/hydra.yaml	3410e5571fd43ee0	3982
hydra/2026-10-03/06-58-41/overrides.yaml	outputs/2026-10-03/06-58-41/.hydra/overrides.yaml	0996d08c0eda2890	187
hydra/2026-10-03/06-58-42/config.yaml	outputs/2026-10-03/06-58-42/.hydra/config.yaml	c1ad0f01a19253d6	12217
hydra/2026-10-03/06-58-42/hydra.yaml	outputs/2026-10-03/06-58-42/.hydra/hydra.yaml	b326e3c531edd202	3970
hydra/2026-10-03/06-58-42/overrides.yaml	outputs/2026-10-03/06-58-42/.hydra/overrides.yaml	c76585a717aaecf3	183
hydra/2026-10-03/10-10-47/config.yaml	outputs/2026-10-03/10-10-47/.hydra/config.yaml	c0ecdbed079f709d	12159
hydra/2026-10-03/10-10-47/hydra.yaml	outputs/2026-10-03/10-10-47/.hydra/hydra.yaml	05ae3de5c2bb2ba1	3972
hydra/2026-10-03/10-10-47/overrides.yaml	outputs/2026-10-03/10-10-47/.hydra/overrides.yaml	2e76900b5606b23a	185
hydra/2026-10-03/10-10-48/config.yaml	outputs/2026-10-03/10-10-48/.hydra/config.yaml	6594eb590d107369	12161
hydra/2026-10-03/10-10-48/hydra.yaml	outputs/2026-10-03/10-10-48/.hydra/hydra.yaml	0220af404dbcd511	3972
hydra/2026-10-03/10-10-48/overrides.yaml	outputs/2026-10-03/10-10-48/.hydra/overrides.yaml	ebd2c31cc506d33a	185
hydra/2026-10-03/10-33-37/config.yaml	outputs/2026-10-03/10-33-37/.hydra/config.yaml	eb2914ca809f8385	12211
hydra/2026-10-03/10-33-37/hydra.yaml	outputs/2026-10-03/10-33-37/.hydra/hydra.yaml	ff50197758dec290	4250
hydra/2026-10-03/10-33-37/overrides.yaml	outputs/2026-10-03/10-33-37/.hydra/overrides.yaml	11ba8d8df3fb171f	343
hydra/2026-10-03/11-04-47/config.yaml	outputs/2026-10-03/11-04-47/.hydra/config.yaml	3ad8d035a7dc8c53	12447
hydra/2026-10-03/11-04-47/hydra.yaml	outputs/2026-10-03/11-04-47/.hydra/hydra.yaml	8177352432a12ff2	4762
hydra/2026-10-03/11-04-47/overrides.yaml	outputs/2026-10-03/11-04-47/.hydra/overrides.yaml	78ad29d9ab51aa9a	566
hydra/2026-10-03/11-09-02/config.yaml	outputs/2026-10-03/11-09-02/.hydra/config.yaml	67c01ce8ff3c687d	12444
hydra/2026-10-03/11-09-02/hydra.yaml	outputs/2026-10-03/11-09-02/.hydra/hydra.yaml	80b9bc22fca21e7f	4780
hydra/2026-10-03/11-09-02/overrides.yaml	outputs/2026-10-03/11-09-02/.hydra/overrides.yaml	c339239b03254771	575
hydra/2026-10-03/11-12-56/config.yaml	outputs/2026-10-03/11-12-56/.hydra/config.yaml	db782b16a02334cf	12422
hydra/2026-10-03/11-12-56/hydra.yaml	outputs/2026-10-03/11-12-56/.hydra/hydra.yaml	438c39026fb9eab0	4730
hydra/2026-10-03/11-12-56/overrides.yaml	outputs/2026-10-03/11-12-56/.hydra/overrides.yaml	881f5ca5ccdff7bf	552
hydra/2026-10-03/11-16-42/config.yaml	outputs/2026-10-03/11-16-42/.hydra/config.yaml	215d0add6a3c1370	12447
hydra/2026-10-03/11-16-42/hydra.yaml	outputs/2026-10-03/11-16-42/.hydra/hydra.yaml	9b10bca60a691225	4780
hydra/2026-10-03/11-16-42/overrides.yaml	outputs/2026-10-03/11-16-42/.hydra/overrides.yaml	f93fae010a41e52c	575
hydra/2026-10-03/11-20-26/config.yaml	outputs/2026-10-03/11-20-26/.hydra/config.yaml	d068df49dfb67e03	12450
hydra/2026-10-03/11-20-26/hydra.yaml	outputs/2026-10-03/11-20-26/.hydra/hydra.yaml	c7ee085af5c22e52	4780
hydra/2026-10-03/11-20-26/overrides.yaml	outputs/2026-10-03/11-20-26/.hydra/overrides.yaml	f05a2bf1f7ae348e	575
hydra/2026-10-03/11-24-09/config.yaml	outputs/2026-10-03/11-24-09/.hydra/config.yaml	c3acda3ed5d30a57	12455
hydra/2026-10-03/11-24-09/hydra.yaml	outputs/2026-10-03/11-24-09/.hydra/hydra.yaml	a0b7e0d95690f851	4825
hydra/2026-10-03/11-24-09/overrides.yaml	outputs/2026-10-03/11-24-09/.hydra/overrides.yaml	2f577d747d3cca5f	591
hydra/2026-10-03/11-27-51/config.yaml	outputs/2026-10-03/11-27-51/.hydra/config.yaml	8349890dc7c6da95	12450
hydra/2026-10-03/11-27-51/hydra.yaml	outputs/2026-10-03/11-27-51/.hydra/hydra.yaml	4a98412e1700b667	4783
hydra/2026-10-03/11-27-51/overrides.yaml	outputs/2026-10-03/11-27-51/.hydra/overrides.yaml	80306b9f96930ad9	576
hydra/2026-10-03/11-31-32/config.yaml	outputs/2026-10-03/11-31-32/.hydra/config.yaml	b32cc28b6bff5bb3	12453
hydra/2026-10-03/11-31-32/hydra.yaml	outputs/2026-10-03/11-31-32/.hydra/hydra.yaml	6ec494d625980008	4783
hydra/2026-10-03/11-31-32/overrides.yaml	outputs/2026-10-03/11-31-32/.hydra/overrides.yaml	82cefb3cee02d5c2	576
hydra/2026-10-03/11-35-20/config.yaml	outputs/2026-10-03/11-35-20/.hydra/config.yaml	3be2051362558e38	12458
hydra/2026-10-03/11-35-20/hydra.yaml	outputs/2026-10-03/11-35-20/.hydra/hydra.yaml	9205c669ef09f3d0	4828
hydra/2026-10-03/11-35-20/overrides.yaml	outputs/2026-10-03/11-35-20/.hydra/overrides.yaml	12194d18505b9371	592
hydra/2026-10-03/11-39-07/config.yaml	outputs/2026-10-03/11-39-07/.hydra/config.yaml	8650a166a19b6bf9	12390
hydra/2026-10-03/11-39-07/hydra.yaml	outputs/2026-10-03/11-39-07/.hydra/hydra.yaml	375f7b284529dfa7	4681
hydra/2026-10-03/11-39-07/overrides.yaml	outputs/2026-10-03/11-39-07/.hydra/overrides.yaml	608d3dc61ae1ec25	531
hydra/2026-10-03/11-42-50/config.yaml	outputs/2026-10-03/11-42-50/.hydra/config.yaml	4e0cfd8880b2acf8	12393
hydra/2026-10-03/11-42-50/hydra.yaml	outputs/2026-10-03/11-42-50/.hydra/hydra.yaml	a2116d64ccf28809	4681
hydra/2026-10-03/11-42-50/overrides.yaml	outputs/2026-10-03/11-42-50/.hydra/overrides.yaml	49066a78f68e7be1	531
hydra/2026-10-03/11-46-34/config.yaml	outputs/2026-10-03/11-46-34/.hydra/config.yaml	931092f74eb3c12d	12398
hydra/2026-10-03/11-46-34/hydra.yaml	outputs/2026-10-03/11-46-34/.hydra/hydra.yaml	fe90093979788b71	4726
hydra/2026-10-03/11-46-34/overrides.yaml	outputs/2026-10-03/11-46-34/.hydra/overrides.yaml	cd0cef1906d93f1d	547
hydra/2026-10-03/11-50-16/config.yaml	outputs/2026-10-03/11-50-16/.hydra/config.yaml	46810be1a85404f3	12448
hydra/2026-10-03/11-50-16/hydra.yaml	outputs/2026-10-03/11-50-16/.hydra/hydra.yaml	361d7863f9b84fbe	4764
hydra/2026-10-03/11-50-16/overrides.yaml	outputs/2026-10-03/11-50-16/.hydra/overrides.yaml	7f0cc2e0c7632e9c	567
hydra/2026-10-03/12-19-54/config.yaml	outputs/2026-10-03/12-19-54/.hydra/config.yaml	4c3e0119a5f60722	12445
hydra/2026-10-03/12-19-54/hydra.yaml	outputs/2026-10-03/12-19-54/.hydra/hydra.yaml	d61809ab97bd782d	4782
hydra/2026-10-03/12-19-54/overrides.yaml	outputs/2026-10-03/12-19-54/.hydra/overrides.yaml	6aaf34cbc78ca37e	576
hydra/2026-10-03/12-48-32/config.yaml	outputs/2026-10-03/12-48-32/.hydra/config.yaml	f0477aa14684daea	12423
hydra/2026-10-03/12-48-32/hydra.yaml	outputs/2026-10-03/12-48-32/.hydra/hydra.yaml	94439660d4164ba8	4732
hydra/2026-10-03/12-48-32/overrides.yaml	outputs/2026-10-03/12-48-32/.hydra/overrides.yaml	72e0a7704f6dd64f	553
hydra/2026-10-03/13-16-40/config.yaml	outputs/2026-10-03/13-16-40/.hydra/config.yaml	2efbdf1d09be6c2f	12448
hydra/2026-10-03/13-16-40/hydra.yaml	outputs/2026-10-03/13-16-40/.hydra/hydra.yaml	aa4859fbc08cd501	4782
hydra/2026-10-03/13-16-40/overrides.yaml	outputs/2026-10-03/13-16-40/.hydra/overrides.yaml	a460bec7dbd5e400	576
hydra/2026-10-03/13-44-19/config.yaml	outputs/2026-10-03/13-44-19/.hydra/config.yaml	7cb7b8da733612d6	12451
hydra/2026-10-03/13-44-19/hydra.yaml	outputs/2026-10-03/13-44-19/.hydra/hydra.yaml	7bdd7355df428eea	4782
hydra/2026-10-03/13-44-19/overrides.yaml	outputs/2026-10-03/13-44-19/.hydra/overrides.yaml	3751f9b6e047e268	576
hydra/2026-10-03/14-12-26/config.yaml	outputs/2026-10-03/14-12-26/.hydra/config.yaml	0c59b72fd0c7f062	12456
hydra/2026-10-03/14-12-26/hydra.yaml	outputs/2026-10-03/14-12-26/.hydra/hydra.yaml	68b57c1910532538	4827
hydra/2026-10-03/14-12-26/overrides.yaml	outputs/2026-10-03/14-12-26/.hydra/overrides.yaml	9cac0dfab3542629	592
hydra/2026-10-03/14-41-01/config.yaml	outputs/2026-10-03/14-41-01/.hydra/config.yaml	4ab2ff82ecd7929f	12451
hydra/2026-10-03/14-41-01/hydra.yaml	outputs/2026-10-03/14-41-01/.hydra/hydra.yaml	4ffaaa17df9ff422	4785
hydra/2026-10-03/14-41-01/overrides.yaml	outputs/2026-10-03/14-41-01/.hydra/overrides.yaml	e24039dbb841b606	577
hydra/2026-10-03/15-08-44/config.yaml	outputs/2026-10-03/15-08-44/.hydra/config.yaml	b081514d960c2994	12454
hydra/2026-10-03/15-08-44/hydra.yaml	outputs/2026-10-03/15-08-44/.hydra/hydra.yaml	c5b1227df3f4be6d	4785
hydra/2026-10-03/15-08-44/overrides.yaml	outputs/2026-10-03/15-08-44/.hydra/overrides.yaml	5ccf5cfeb47508ac	577
hydra/2026-10-03/15-37-04/config.yaml	outputs/2026-10-03/15-37-04/.hydra/config.yaml	b4d1ad65d2c95eb1	12459
hydra/2026-10-03/15-37-04/hydra.yaml	outputs/2026-10-03/15-37-04/.hydra/hydra.yaml	67d7cac7fcd15ba8	4830
hydra/2026-10-03/15-37-04/overrides.yaml	outputs/2026-10-03/15-37-04/.hydra/overrides.yaml	acc8ddbb50285393	593
hydra/2026-10-03/15-38-58/config.yaml	outputs/2026-10-03/15-38-58/.hydra/config.yaml	b1bf07d8d78fd43f	12325
hydra/2026-10-03/15-38-58/hydra.yaml	outputs/2026-10-03/15-38-58/.hydra/hydra.yaml	250954b7b4d61d96	4223
hydra/2026-10-03/15-38-58/overrides.yaml	outputs/2026-10-03/15-38-58/.hydra/overrides.yaml	527be52f40babbcf	307
hydra/2026-10-03/15-39-11/config.yaml	outputs/2026-10-03/15-39-11/.hydra/config.yaml	b1bf07d8d78fd43f	12325
hydra/2026-10-03/15-39-11/hydra.yaml	outputs/2026-10-03/15-39-11/.hydra/hydra.yaml	4e8773243350f46e	4223
hydra/2026-10-03/15-39-11/overrides.yaml	outputs/2026-10-03/15-39-11/.hydra/overrides.yaml	527be52f40babbcf	307
hydra/2026-10-03/15-39-37/config.yaml	outputs/2026-10-03/15-39-37/.hydra/config.yaml	d7dfab957ff7028f	12344
hydra/2026-10-03/15-39-37/hydra.yaml	outputs/2026-10-03/15-39-37/.hydra/hydra.yaml	2d7078b4d9500f21	4276
hydra/2026-10-03/15-39-37/overrides.yaml	outputs/2026-10-03/15-39-37/.hydra/overrides.yaml	ea8c5d8722158de0	330
hydra/2026-10-03/15-39-55/config.yaml	outputs/2026-10-03/15-39-55/.hydra/config.yaml	b4d6171266390bd1	12330
hydra/2026-10-03/15-39-55/hydra.yaml	outputs/2026-10-03/15-39-55/.hydra/hydra.yaml	68306dfac27f0f8b	4268
hydra/2026-10-03/15-39-55/overrides.yaml	outputs/2026-10-03/15-39-55/.hydra/overrides.yaml	7419f3495e9b3bf1	323
hydra/2026-10-03/16-06-01/config.yaml	outputs/2026-10-03/16-06-01/.hydra/config.yaml	15301466733793b2	12391
hydra/2026-10-03/16-06-01/hydra.yaml	outputs/2026-10-03/16-06-01/.hydra/hydra.yaml	35923a62333117aa	4683
hydra/2026-10-03/16-06-01/overrides.yaml	outputs/2026-10-03/16-06-01/.hydra/overrides.yaml	9f56fc81e523b216	532
hydra/2026-10-03/16-14-40/config.yaml	outputs/2026-10-03/16-14-40/.hydra/config.yaml	32d174d179ec8a72	12162
hydra/2026-10-03/16-14-40/hydra.yaml	outputs/2026-10-03/16-14-40/.hydra/hydra.yaml	1e7cdf7b7df9b1c1	3972
hydra/2026-10-03/16-14-40/overrides.yaml	outputs/2026-10-03/16-14-40/.hydra/overrides.yaml	ebd2c31cc506d33a	185
hydra/2026-10-03/16-41-09/config.yaml	outputs/2026-10-03/16-41-09/.hydra/config.yaml	17abb0665969d42d	12394
hydra/2026-10-03/16-41-09/hydra.yaml	outputs/2026-10-03/16-41-09/.hydra/hydra.yaml	87cd974253fbfe78	4683
hydra/2026-10-03/16-41-09/overrides.yaml	outputs/2026-10-03/16-41-09/.hydra/overrides.yaml	27e57ba36860cbc1	532
hydra/2026-10-03/17-21-16/config.yaml	outputs/2026-10-03/17-21-16/.hydra/config.yaml	46bcb3e0c73fe44a	12399
hydra/2026-10-03/17-21-16/hydra.yaml	outputs/2026-10-03/17-21-16/.hydra/hydra.yaml	daa0341075f77ad4	4728
hydra/2026-10-03/17-21-16/overrides.yaml	outputs/2026-10-03/17-21-16/.hydra/overrides.yaml	3f044d134d814bcd	548
hydra/2026-10-03/18-41-09/config.yaml	outputs/2026-10-03/18-41-09/.hydra/config.yaml	6bb3df636e262b10	12167
hydra/2026-10-03/18-41-09/hydra.yaml	outputs/2026-10-03/18-41-09/.hydra/hydra.yaml	68d148296bd73737	4011
hydra/2026-10-03/18-41-09/overrides.yaml	outputs/2026-10-03/18-41-09/.hydra/overrides.yaml	cea0722e8846b902	198
hydra/2026-10-03/18-41-10/config.yaml	outputs/2026-10-03/18-41-10/.hydra/config.yaml	f7f2301c7042b105	12165
hydra/2026-10-03/18-41-10/hydra.yaml	outputs/2026-10-03/18-41-10/.hydra/hydra.yaml	601e4b283fc96936	3972
hydra/2026-10-03/18-41-10/overrides.yaml	outputs/2026-10-03/18-41-10/.hydra/overrides.yaml	ebd2c31cc506d33a	185
hydra/2026-10-03/18-53-41/config.yaml	outputs/2026-10-03/18-53-41/.hydra/config.yaml	771711ec628ec24d	12179
hydra/2026-10-03/18-53-41/hydra.yaml	outputs/2026-10-03/18-53-41/.hydra/hydra.yaml	b71637e35f3e034e	3972
hydra/2026-10-03/18-53-41/overrides.yaml	outputs/2026-10-03/18-53-41/.hydra/overrides.yaml	6659ea181bcbf877	185
hydra/2026-10-03/20-36-34/config.yaml	outputs/2026-10-03/20-36-34/.hydra/config.yaml	f9f742f6edb193c4	12396
hydra/2026-10-03/20-36-34/hydra.yaml	outputs/2026-10-03/20-36-34/.hydra/hydra.yaml	41eb4ca56e23cdc8	4704
hydra/2026-10-03/20-36-34/overrides.yaml	outputs/2026-10-03/20-36-34/.hydra/overrides.yaml	350a5c6d40d040ac	534
hydra/2026-10-03/20-36-41/config.yaml	outputs/2026-10-03/20-36-41/.hydra/config.yaml	ac03341809885028	12205
hydra/2026-10-03/20-36-41/hydra.yaml	outputs/2026-10-03/20-36-41/.hydra/hydra.yaml	a7b3211ca3d3e91e	3970
hydra/2026-10-03/20-36-41/overrides.yaml	outputs/2026-10-03/20-36-41/.hydra/overrides.yaml	dfa250b79f4503b6	183
hydra/2026-10-03/20-36-42/config.yaml	outputs/2026-10-03/20-36-42/.hydra/config.yaml	0befa356fa5294f3	12208
hydra/2026-10-03/20-36-42/hydra.yaml	outputs/2026-10-03/20-36-42/.hydra/hydra.yaml	63a0eeaeda74a61d	3970
hydra/2026-10-03/20-36-42/overrides.yaml	outputs/2026-10-03/20-36-42/.hydra/overrides.yaml	342692db41f7a389	183
hydra/2026-10-03/20-36-59/config.yaml	outputs/2026-10-03/20-36-59/.hydra/config.yaml	f9f742f6edb193c4	12396
hydra/2026-10-03/20-36-59/hydra.yaml	outputs/2026-10-03/20-36-59/.hydra/hydra.yaml	76973f3987883c98	4704
hydra/2026-10-03/20-36-59/overrides.yaml	outputs/2026-10-03/20-36-59/.hydra/overrides.yaml	350a5c6d40d040ac	534
hydra/2026-10-03/20-37-25/config.yaml	outputs/2026-10-03/20-37-25/.hydra/config.yaml	f9f742f6edb193c4	12396
hydra/2026-10-03/20-37-25/hydra.yaml	outputs/2026-10-03/20-37-25/.hydra/hydra.yaml	0fe35c04e68f0438	4704
hydra/2026-10-03/20-37-25/overrides.yaml	outputs/2026-10-03/20-37-25/.hydra/overrides.yaml	350a5c6d40d040ac	534
hydra/2026-10-03/20-38-26/config.yaml	outputs/2026-10-03/20-38-26/.hydra/config.yaml	802598eadc9fe053	12329
hydra/2026-10-03/20-38-26/hydra.yaml	outputs/2026-10-03/20-38-26/.hydra/hydra.yaml	e00dfdbc81fc0928	4570
hydra/2026-10-03/20-38-26/overrides.yaml	outputs/2026-10-03/20-38-26/.hydra/overrides.yaml	ac810a4f7ea9c2bb	467
hydra/2026-10-03/20-42-35/config.yaml	outputs/2026-10-03/20-42-35/.hydra/config.yaml	8fcc7f884dcd5367	12404
hydra/2026-10-03/20-42-35/hydra.yaml	outputs/2026-10-03/20-42-35/.hydra/hydra.yaml	503f2af5261ae925	4720
hydra/2026-10-03/20-42-35/overrides.yaml	outputs/2026-10-03/20-42-35/.hydra/overrides.yaml	aa3966a77fdeb3eb	542
hydra/2026-10-03/20-43-07/config.yaml	outputs/2026-10-03/20-43-07/.hydra/config.yaml	e90f8beeea19df9c	12337
hydra/2026-10-03/20-43-07/hydra.yaml	outputs/2026-10-03/20-43-07/.hydra/hydra.yaml	0d49b02b363c4cfd	4586
hydra/2026-10-03/20-43-07/overrides.yaml	outputs/2026-10-03/20-43-07/.hydra/overrides.yaml	233ee2e60e3013eb	475
hydra/2026-10-03/21-34-08/config.yaml	outputs/2026-10-03/21-34-08/.hydra/config.yaml	159acd0e75c22fba	12318
hydra/2026-10-03/21-34-08/hydra.yaml	outputs/2026-10-03/21-34-08/.hydra/hydra.yaml	a31d8cef83a070dd	4255
hydra/2026-10-03/21-34-08/overrides.yaml	outputs/2026-10-03/21-34-08/.hydra/overrides.yaml	3a146d80c7afa394	314
hydra/2026-10-03/21-34-44/config.yaml	outputs/2026-10-03/21-34-44/.hydra/config.yaml	908024ceab160d8a	12317
hydra/2026-10-03/21-34-44/hydra.yaml	outputs/2026-10-03/21-34-44/.hydra/hydra.yaml	157ba36dd4aeca09	4221
hydra/2026-10-03/21-34-44/overrides.yaml	outputs/2026-10-03/21-34-44/.hydra/overrides.yaml	0596b4cccaf300c7	298
hydra/2026-10-03/21-35-16/config.yaml	outputs/2026-10-03/21-35-16/.hydra/config.yaml	6fc1b1d9d3442786	11254
hydra/2026-10-03/21-35-16/hydra.yaml	outputs/2026-10-03/21-35-16/.hydra/hydra.yaml	59ef2c662fc2faf1	3521
hydra/2026-10-03/21-35-16/overrides.yaml	outputs/2026-10-03/21-35-16/.hydra/overrides.yaml	37517e5f3dc66819	3
hydra/2026-10-03/21-35-26/config.yaml	outputs/2026-10-03/21-35-26/.hydra/config.yaml	6fc1b1d9d3442786	11254
hydra/2026-10-03/21-35-26/hydra.yaml	outputs/2026-10-03/21-35-26/.hydra/hydra.yaml	1b7f6c6ff95770de	3521
hydra/2026-10-03/21-35-26/overrides.yaml	outputs/2026-10-03/21-35-26/.hydra/overrides.yaml	37517e5f3dc66819	3
hydra/2026-10-03/22-59-24/config.yaml	outputs/2026-10-03/22-59-24/.hydra/config.yaml	47ba5a054a8e3edd	12392
hydra/2026-10-03/22-59-24/hydra.yaml	outputs/2026-10-03/22-59-24/.hydra/hydra.yaml	758e0eb62eb75387	4485
hydra/2026-10-03/22-59-24/overrides.yaml	outputs/2026-10-03/22-59-24/.hydra/overrides.yaml	07e25df398547791	427
hydra/2026-10-03/23-00-00/config.yaml	outputs/2026-10-03/23-00-00/.hydra/config.yaml	47ba5a054a8e3edd	12392
hydra/2026-10-03/23-00-00/hydra.yaml	outputs/2026-10-03/23-00-00/.hydra/hydra.yaml	cc6e9ddbc484ee6d	4485
hydra/2026-10-03/23-00-00/overrides.yaml	outputs/2026-10-03/23-00-00/.hydra/overrides.yaml	07e25df398547791	427
hydra/2026-10-03/23-30-05/config.yaml	outputs/2026-10-03/23-30-05/.hydra/config.yaml	69a2a4ecd9e6d2ad	12351
hydra/2026-10-03/23-30-05/hydra.yaml	outputs/2026-10-03/23-30-05/.hydra/hydra.yaml	9bca07fd85523f9c	4333
hydra/2026-10-03/23-30-05/overrides.yaml	outputs/2026-10-03/23-30-05/.hydra/overrides.yaml	03c367bd57d095b7	352
hydra/2026-10-03/23-31-35/config.yaml	outputs/2026-10-03/23-31-35/.hydra/config.yaml	ece940a2ba957766	12283
hydra/2026-10-03/23-31-35/hydra.yaml	outputs/2026-10-03/23-31-35/.hydra/hydra.yaml	ff1e0583033fd83b	5342
hydra/2026-10-03/23-31-35/overrides.yaml	outputs/2026-10-03/23-31-35/.hydra/overrides.yaml	c3b8a87d7a71c6e1	849
hydra/2026-10-03/23-31-36/config.yaml	outputs/2026-10-03/23-31-36/.hydra/config.yaml	efe9e076ed5694aa	12251
hydra/2026-10-03/23-31-36/hydra.yaml	outputs/2026-10-03/23-31-36/.hydra/hydra.yaml	bfbf96a7ffaefd3e	5240
hydra/2026-10-03/23-31-36/overrides.yaml	outputs/2026-10-03/23-31-36/.hydra/overrides.yaml	118599c5afd0dfc8	799
hydra/2026-10-04/00-59-33/config.yaml	outputs/2026-10-04/00-59-33/.hydra/config.yaml	0413da8a4f7f9480	12303
hydra/2026-10-04/00-59-33/hydra.yaml	outputs/2026-10-04/00-59-33/.hydra/hydra.yaml	4a47d897d4d423bf	5164
hydra/2026-10-04/00-59-33/overrides.yaml	outputs/2026-10-04/00-59-33/.hydra/overrides.yaml	bac30e0c5d376fbd	762
hydra/2026-10-04/01-58-01/config.yaml	outputs/2026-10-04/01-58-01/.hydra/config.yaml	3b2c0ad53c6f6cba	12240
hydra/2026-10-04/01-58-01/hydra.yaml	outputs/2026-10-04/01-58-01/.hydra/hydra.yaml	df7c7532696ab835	4766
hydra/2026-10-04/01-58-01/overrides.yaml	outputs/2026-10-04/01-58-01/.hydra/overrides.yaml	836d7c0df601e66c	565
hydra/2026-10-04/08-40-17/config.yaml	outputs/2026-10-04/08-40-17/.hydra/config.yaml	435bce2dc7688789	12261
hydra/2026-10-04/08-40-17/hydra.yaml	outputs/2026-10-04/08-40-17/.hydra/hydra.yaml	61ef73d391db212f	4898
hydra/2026-10-04/08-40-17/overrides.yaml	outputs/2026-10-04/08-40-17/.hydra/overrides.yaml	cf649279ed355960	630
hydra/2026-10-04/11-05-08/config.yaml	outputs/2026-10-04/11-05-08/.hydra/config.yaml	2dbab04e155d7915	12398
hydra/2026-10-04/11-05-08/hydra.yaml	outputs/2026-10-04/11-05-08/.hydra/hydra.yaml	0b7395a24c2b994f	4471
hydra/2026-10-04/11-05-08/overrides.yaml	outputs/2026-10-04/11-05-08/.hydra/overrides.yaml	e9ec7dc12f8bbe8e	420
hydra/2026-10-04/12-33-02/config.yaml	outputs/2026-10-04/12-33-02/.hydra/config.yaml	7ee8b8ceb57e4ca0	12310
hydra/2026-10-04/12-33-02/hydra.yaml	outputs/2026-10-04/12-33-02/.hydra/hydra.yaml	6f8027511713abc5	4976
hydra/2026-10-04/12-33-02/overrides.yaml	outputs/2026-10-04/12-33-02/.hydra/overrides.yaml	cc2386e47683d8a8	668
hydra/2026-10-04/12-34-14/config.yaml	outputs/2026-10-04/12-34-14/.hydra/config.yaml	ef7a9634dc8e71f5	12359
hydra/2026-10-04/12-34-14/hydra.yaml	outputs/2026-10-04/12-34-14/.hydra/hydra.yaml	176d8c83b9625f86	5478
hydra/2026-10-04/12-34-14/overrides.yaml	outputs/2026-10-04/12-34-14/.hydra/overrides.yaml	3b362951e0c5ea5a	914
hydra/2026-10-04/12-34-15/config.yaml	outputs/2026-10-04/12-34-15/.hydra/config.yaml	5775010d479bc9cd	12357
hydra/2026-10-04/12-34-15/hydra.yaml	outputs/2026-10-04/12-34-15/.hydra/hydra.yaml	f020eb73d0e37935	5470
hydra/2026-10-04/12-34-15/overrides.yaml	outputs/2026-10-04/12-34-15/.hydra/overrides.yaml	9ce37143473aaabb	910
hydra/2026-10-04/13-21-35/config.yaml	outputs/2026-10-04/13-21-35/.hydra/config.yaml	01d5a86cbff6fffb	12479
hydra/2026-10-04/13-21-35/hydra.yaml	outputs/2026-10-04/13-21-35/.hydra/hydra.yaml	06fadc258df22b27	4465
hydra/2026-10-04/13-21-35/overrides.yaml	outputs/2026-10-04/13-21-35/.hydra/overrides.yaml	29d556d971f4f068	417
hydra/2026-10-04/13-24-28/config.yaml	outputs/2026-10-04/13-24-28/.hydra/config.yaml	8df6c8d5ce748363	12477
hydra/2026-10-04/13-24-28/hydra.yaml	outputs/2026-10-04/13-24-28/.hydra/hydra.yaml	5ff10c00d5b26410	4461
hydra/2026-10-04/13-24-28/overrides.yaml	outputs/2026-10-04/13-24-28/.hydra/overrides.yaml	22c357d596ba9bfe	415
hydra/2026-10-04/13-27-10/config.yaml	outputs/2026-10-04/13-27-10/.hydra/config.yaml	4eb6c8c03fec8ac4	12335
hydra/2026-10-04/13-27-10/hydra.yaml	outputs/2026-10-04/13-27-10/.hydra/hydra.yaml	7c1124e4b7eb516c	4978
hydra/2026-10-04/13-27-10/overrides.yaml	outputs/2026-10-04/13-27-10/.hydra/overrides.yaml	42e6bc018471b69c	668
hydra/2026-10-04/20-09-32/config.yaml	outputs/2026-10-04/20-09-32/.hydra/config.yaml	8264dda3ab521bf0	12539
hydra/2026-10-04/20-09-32/hydra.yaml	outputs/2026-10-04/20-09-32/.hydra/hydra.yaml	1d827d858af7921e	4775
hydra/2026-10-04/20-09-32/overrides.yaml	outputs/2026-10-04/20-09-32/.hydra/overrides.yaml	7675589628843cb6	569
hydra/2026-10-05/01-57-22/config.yaml	outputs/2026-10-05/01-57-22/.hydra/config.yaml	c60ac0e826c73bb8	12344
hydra/2026-10-05/01-57-22/hydra.yaml	outputs/2026-10-05/01-57-22/.hydra/hydra.yaml	5fe5b42917eed9b9	4800
hydra/2026-10-05/01-57-22/overrides.yaml	outputs/2026-10-05/01-57-22/.hydra/overrides.yaml	19021009406f60c0	584
hydra/2026-10-05/01-57-23/config.yaml	outputs/2026-10-05/01-57-23/.hydra/config.yaml	a77df7703c1d6dda	12347
hydra/2026-10-05/01-57-23/hydra.yaml	outputs/2026-10-05/01-57-23/.hydra/hydra.yaml	0bc8b1218046b08c	4860
hydra/2026-10-05/01-57-23/overrides.yaml	outputs/2026-10-05/01-57-23/.hydra/overrides.yaml	61a139032e04b280	608
hydra/2026-10-05/02-06-25/config.yaml	outputs/2026-10-05/02-06-25/.hydra/config.yaml	e90b4fc6033145da	12494
hydra/2026-10-05/02-06-25/hydra.yaml	outputs/2026-10-05/02-06-25/.hydra/hydra.yaml	0caa099824ac456f	4585
hydra/2026-10-05/02-06-25/overrides.yaml	outputs/2026-10-05/02-06-25/.hydra/overrides.yaml	0be9a2255348222a	476
hydra/2026-10-05/02-06-48/config.yaml	outputs/2026-10-05/02-06-48/.hydra/config.yaml	1a5b4b9005d9aa8e	12337
hydra/2026-10-05/02-06-48/hydra.yaml	outputs/2026-10-05/02-06-48/.hydra/hydra.yaml	46bbba3da9516d88	4990
hydra/2026-10-05/02-06-48/overrides.yaml	outputs/2026-10-05/02-06-48/.hydra/overrides.yaml	a845eb8755bee820	675
hydra/2026-10-05/02-07-52/config.yaml	outputs/2026-10-05/02-07-52/.hydra/config.yaml	30e43d6901b5489e	12404
hydra/2026-10-05/02-07-52/hydra.yaml	outputs/2026-10-05/02-07-52/.hydra/hydra.yaml	1f0572bab001f1e2	5356
hydra/2026-10-05/02-07-52/overrides.yaml	outputs/2026-10-05/02-07-52/.hydra/overrides.yaml	ff722b9d49525501	857
hydra/2026-10-05/02-07-53/config.yaml	outputs/2026-10-05/02-07-53/.hydra/config.yaml	572b9645e072595f	12385
hydra/2026-10-05/02-07-53/hydra.yaml	outputs/2026-10-05/02-07-53/.hydra/hydra.yaml	6f3d6efaf2009dc1	5330
hydra/2026-10-05/02-07-53/overrides.yaml	outputs/2026-10-05/02-07-53/.hydra/overrides.yaml	4a68223a42e15dd4	842
hydra/2026-10-05/09-12-52/config.yaml	outputs/2026-10-05/09-12-52/.hydra/config.yaml	e3dd36e7c18bd0c8	12487
hydra/2026-10-05/09-12-52/hydra.yaml	outputs/2026-10-05/09-12-52/.hydra/hydra.yaml	46653c2ba53b6b17	4481
hydra/2026-10-05/09-12-52/overrides.yaml	outputs/2026-10-05/09-12-52/.hydra/overrides.yaml	29ca62c87403f74f	425
hydra/2026-10-05/09-15-43/config.yaml	outputs/2026-10-05/09-15-43/.hydra/config.yaml	00b278242710794b	12487
hydra/2026-10-05/09-15-43/hydra.yaml	outputs/2026-10-05/09-15-43/.hydra/hydra.yaml	d543ec6c6eaec16e	4499
hydra/2026-10-05/09-15-43/overrides.yaml	outputs/2026-10-05/09-15-43/.hydra/overrides.yaml	10a412ff9154c5c4	436
hydra/2026-10-05/09-19-00/config.yaml	outputs/2026-10-05/09-19-00/.hydra/config.yaml	a041b6b52fc031d8	12520
hydra/2026-10-05/09-19-00/hydra.yaml	outputs/2026-10-05/09-19-00/.hydra/hydra.yaml	d46b9326cf655250	4550
hydra/2026-10-05/09-19-00/overrides.yaml	outputs/2026-10-05/09-19-00/.hydra/overrides.yaml	27bdd5d53e52d5e5	456
hydra/2026-10-05/09-22-04/config.yaml	outputs/2026-10-05/09-22-04/.hydra/config.yaml	1dc8bb5d59d798e9	12526
hydra/2026-10-05/09-22-04/hydra.yaml	outputs/2026-10-05/09-22-04/.hydra/hydra.yaml	192a99638ed3b172	4559
hydra/2026-10-05/09-22-04/overrides.yaml	outputs/2026-10-05/09-22-04/.hydra/overrides.yaml	97a412e05edc5992	460
hydra/2026-10-05/09-24-55/config.yaml	outputs/2026-10-05/09-24-55/.hydra/config.yaml	9ad881244170f84c	12298
hydra/2026-10-05/09-24-55/hydra.yaml	outputs/2026-10-05/09-24-55/.hydra/hydra.yaml	8e5de7121a134318	4829
hydra/2026-10-05/09-24-55/overrides.yaml	outputs/2026-10-05/09-24-55/.hydra/overrides.yaml	7a24ee8040de2724	596
hydra/2026-10-05/10-00-13/config.yaml	outputs/2026-10-05/10-00-13/.hydra/config.yaml	483d5962318f3373	12503
hydra/2026-10-05/10-00-13/hydra.yaml	outputs/2026-10-05/10-00-13/.hydra/hydra.yaml	fce0f1f2d6ed9499	4531
hydra/2026-10-05/10-00-13/overrides.yaml	outputs/2026-10-05/10-00-13/.hydra/overrides.yaml	709cfb926b43def8	452
hydra/2026-10-05/10-04-28/config.yaml	outputs/2026-10-05/10-04-28/.hydra/config.yaml	4ccaf5f6bea586af	12536
hydra/2026-10-05/10-04-28/hydra.yaml	outputs/2026-10-05/10-04-28/.hydra/hydra.yaml	d74560af39e642e8	4582
hydra/2026-10-05/10-04-28/overrides.yaml	outputs/2026-10-05/10-04-28/.hydra/overrides.yaml	ccd184ce6b7c4a12	472
hydra/2026-10-05/10-08-12/config.yaml	outputs/2026-10-05/10-08-12/.hydra/config.yaml	6f6d361adade7b4f	12542
hydra/2026-10-05/10-08-12/hydra.yaml	outputs/2026-10-05/10-08-12/.hydra/hydra.yaml	cb6971de50025704	4591
hydra/2026-10-05/10-08-12/overrides.yaml	outputs/2026-10-05/10-08-12/.hydra/overrides.yaml	1538134e0cd3e5bb	476
hydra/2026-10-05/10-11-57/config.yaml	outputs/2026-10-05/10-11-57/.hydra/config.yaml	74dd1fbdcacc953a	12503
hydra/2026-10-05/10-11-57/hydra.yaml	outputs/2026-10-05/10-11-57/.hydra/hydra.yaml	f3f3bf084b182b66	4513
hydra/2026-10-05/10-11-57/overrides.yaml	outputs/2026-10-05/10-11-57/.hydra/overrides.yaml	5a40e90c69eb78ab	441
hydra/2026-10-05/10-21-56/config.yaml	outputs/2026-10-05/10-21-56/.hydra/config.yaml	13987f787fcd27dd	12330
hydra/2026-10-05/10-21-56/hydra.yaml	outputs/2026-10-05/10-21-56/.hydra/hydra.yaml	9fdb72ebdebca034	5094
hydra/2026-10-05/10-21-56/overrides.yaml	outputs/2026-10-05/10-21-56/.hydra/overrides.yaml	3692445d9a112f41	727
hydra/2026-10-05/12-00-41/config.yaml	outputs/2026-10-05/12-00-41/.hydra/config.yaml	bf6cc0fa37ba7dd8	12384
hydra/2026-10-05/12-00-41/hydra.yaml	outputs/2026-10-05/12-00-41/.hydra/hydra.yaml	d8da163c488d23cb	5407
hydra/2026-10-05/12-00-41/overrides.yaml	outputs/2026-10-05/12-00-41/.hydra/overrides.yaml	f67f5ce774c8ea46	880
hydra/2026-10-05/12-14-42/config.yaml	outputs/2026-10-05/12-14-42/.hydra/config.yaml	0a9d9681f6577bf0	12468
hydra/2026-10-05/12-14-42/hydra.yaml	outputs/2026-10-05/12-14-42/.hydra/hydra.yaml	8cf144732ad0813f	4528
hydra/2026-10-05/12-14-42/overrides.yaml	outputs/2026-10-05/12-14-42/.hydra/overrides.yaml	d96164a585eae02a	448
hydra/2026-10-05/12-17-18/config.yaml	outputs/2026-10-05/12-17-18/.hydra/config.yaml	c87c3ad25ed10029	12487
hydra/2026-10-05/12-17-18/hydra.yaml	outputs/2026-10-05/12-17-18/.hydra/hydra.yaml	5f891fbdd0bcc305	4566
hydra/2026-10-05/12-17-18/overrides.yaml	outputs/2026-10-05/12-17-18/.hydra/overrides.yaml	6d7b9e7eb2cd168b	467
hydra/2026-10-05/12-21-35/config.yaml	outputs/2026-10-05/12-21-35/.hydra/config.yaml	25537a715a6d6e5c	12559
hydra/2026-10-05/12-21-35/hydra.yaml	outputs/2026-10-05/12-21-35/.hydra/hydra.yaml	909ed098daeea555	4938
hydra/2026-10-05/12-21-35/overrides.yaml	outputs/2026-10-05/12-21-35/.hydra/overrides.yaml	de8709d65dcf10b9	649
hydra/2026-10-05/12-23-24/config.yaml	outputs/2026-10-05/12-23-24/.hydra/config.yaml	412a142f759fbfcf	12361
hydra/2026-10-05/12-23-24/hydra.yaml	outputs/2026-10-05/12-23-24/.hydra/hydra.yaml	7cf14602177cbf66	5216
hydra/2026-10-05/12-23-24/overrides.yaml	outputs/2026-10-05/12-23-24/.hydra/overrides.yaml	1b2930476a2e1e79	787
hydra/2026-10-05/12-26-27/config.yaml	outputs/2026-10-05/12-26-27/.hydra/config.yaml	9eaa7fee274f380a	12552
hydra/2026-10-05/12-26-27/hydra.yaml	outputs/2026-10-05/12-26-27/.hydra/hydra.yaml	0b63fd1dc3a38299	4942
hydra/2026-10-05/12-26-27/overrides.yaml	outputs/2026-10-05/12-26-27/.hydra/overrides.yaml	6c3f3e4fdf6fe7f0	653
hydra/2026-10-05/12-31-21/config.yaml	outputs/2026-10-05/12-31-21/.hydra/config.yaml	5fc39cb35769a51d	12593
hydra/2026-10-05/12-31-21/hydra.yaml	outputs/2026-10-05/12-31-21/.hydra/hydra.yaml	6bb7bbeb5f1fcd18	5009
hydra/2026-10-05/12-31-21/overrides.yaml	outputs/2026-10-05/12-31-21/.hydra/overrides.yaml	2a0806187bf64802	681
hydra/2026-10-05/12-34-06/config.yaml	outputs/2026-10-05/12-34-06/.hydra/config.yaml	119ebf5ccdfdee7c	12337
hydra/2026-10-05/12-34-06/hydra.yaml	outputs/2026-10-05/12-34-06/.hydra/hydra.yaml	9e6d288310a4c8e7	4876
hydra/2026-10-05/12-34-06/overrides.yaml	outputs/2026-10-05/12-34-06/.hydra/overrides.yaml	1110761e81144b05	619
hydra/2026-10-05/12-37-29/config.yaml	outputs/2026-10-05/12-37-29/.hydra/config.yaml	24284e326dddef33	12596
hydra/2026-10-05/12-37-29/hydra.yaml	outputs/2026-10-05/12-37-29/.hydra/hydra.yaml	342dbf4555dd18bb	5012
hydra/2026-10-05/12-37-29/overrides.yaml	outputs/2026-10-05/12-37-29/.hydra/overrides.yaml	9b5ee35322ea3e56	682
hydra/2026-10-05/12-43-50/config.yaml	outputs/2026-10-05/12-43-50/.hydra/config.yaml	f7b84dc178c97d44	12538
hydra/2026-10-05/12-43-50/hydra.yaml	outputs/2026-10-05/12-43-50/.hydra/hydra.yaml	4010bc5a32fa421c	4981
hydra/2026-10-05/12-43-50/overrides.yaml	outputs/2026-10-05/12-43-50/.hydra/overrides.yaml	5e7b269d0a757813	670
hydra/2026-10-05/12-49-43/config.yaml	outputs/2026-10-05/12-49-43/.hydra/config.yaml	c069f858c2f2c654	12563
hydra/2026-10-05/12-49-43/hydra.yaml	outputs/2026-10-05/12-49-43/.hydra/hydra.yaml	51623abb0cc5ad9b	4946
hydra/2026-10-05/12-49-43/overrides.yaml	outputs/2026-10-05/12-49-43/.hydra/overrides.yaml	07001bb99eb3f32c	653
hydra/2026-10-05/12-59-52/config.yaml	outputs/2026-10-05/12-59-52/.hydra/config.yaml	d173f92e1a66d5ec	12556
hydra/2026-10-05/12-59-52/hydra.yaml	outputs/2026-10-05/12-59-52/.hydra/hydra.yaml	0e70f2adc7e9c6f4	4950
hydra/2026-10-05/12-59-52/overrides.yaml	outputs/2026-10-05/12-59-52/.hydra/overrides.yaml	76f46e53996f2af7	657
hydra/2026-10-05/13-09-21/config.yaml	outputs/2026-10-05/13-09-21/.hydra/config.yaml	8be5e1ff87427748	12597
hydra/2026-10-05/13-09-21/hydra.yaml	outputs/2026-10-05/13-09-21/.hydra/hydra.yaml	b075fde010153ac3	5017
hydra/2026-10-05/13-09-21/overrides.yaml	outputs/2026-10-05/13-09-21/.hydra/overrides.yaml	8bed01f2c8cf1016	685
hydra/2026-10-05/13-20-06/config.yaml	outputs/2026-10-05/13-20-06/.hydra/config.yaml	59c8cd8fcf7a6683	12600
hydra/2026-10-05/13-20-06/hydra.yaml	outputs/2026-10-05/13-20-06/.hydra/hydra.yaml	5f60454bd4ffcd69	5020
hydra/2026-10-05/13-20-06/overrides.yaml	outputs/2026-10-05/13-20-06/.hydra/overrides.yaml	2f80d7fd4e94b8c4	686
hydra/2026-10-05/13-24-20/config.yaml	outputs/2026-10-05/13-24-20/.hydra/config.yaml	38a5c0a645431e8d	12518
hydra/2026-10-05/13-24-20/hydra.yaml	outputs/2026-10-05/13-24-20/.hydra/hydra.yaml	075cb74e9b5dac6f	4543
hydra/2026-10-05/13-24-20/overrides.yaml	outputs/2026-10-05/13-24-20/.hydra/overrides.yaml	de74f1bf59de0d97	456
hydra/2026-10-05/13-28-47/config.yaml	outputs/2026-10-05/13-28-47/.hydra/config.yaml	abc06f868390253f	12419
hydra/2026-10-05/13-28-47/hydra.yaml	outputs/2026-10-05/13-28-47/.hydra/hydra.yaml	f1f52ccc018c3f2e	5398
hydra/2026-10-05/13-28-47/overrides.yaml	outputs/2026-10-05/13-28-47/.hydra/overrides.yaml	8e8400fa7afaeb92	876
hydra/2026-10-05/13-30-30/config.yaml	outputs/2026-10-05/13-30-30/.hydra/config.yaml	787af98db52d09c1	12542
hydra/2026-10-05/13-30-30/hydra.yaml	outputs/2026-10-05/13-30-30/.hydra/hydra.yaml	09335e31d6c9464e	4989
hydra/2026-10-05/13-30-30/overrides.yaml	outputs/2026-10-05/13-30-30/.hydra/overrides.yaml	cb07ba9f1da5ef73	674
hydra/2026-10-05/13-41-13/config.yaml	outputs/2026-10-05/13-41-13/.hydra/config.yaml	9496377570bdb237	12560
hydra/2026-10-05/13-41-13/hydra.yaml	outputs/2026-10-05/13-41-13/.hydra/hydra.yaml	8ecbf75a3839197f	4940
hydra/2026-10-05/13-41-13/overrides.yaml	outputs/2026-10-05/13-41-13/.hydra/overrides.yaml	8bb3a4a010277ff2	650
hydra/2026-10-05/13-49-20/config.yaml	outputs/2026-10-05/13-49-20/.hydra/config.yaml	b88d1b19949ab3bc	12517
hydra/2026-10-05/13-49-20/hydra.yaml	outputs/2026-10-05/13-49-20/.hydra/hydra.yaml	c4818c33d190b400	4541
hydra/2026-10-05/13-49-20/overrides.yaml	outputs/2026-10-05/13-49-20/.hydra/overrides.yaml	00dd02b091e8033b	455
hydra/2026-10-05/13-53-58/config.yaml	outputs/2026-10-05/13-53-58/.hydra/config.yaml	e76d39c8616e87a8	12536
hydra/2026-10-05/13-53-58/hydra.yaml	outputs/2026-10-05/13-53-58/.hydra/hydra.yaml	7d6ab697889f0002	4579
hydra/2026-10-05/13-53-58/overrides.yaml	outputs/2026-10-05/13-53-58/.hydra/overrides.yaml	eef4258f4828e1fc	474
hydra/2026-10-05/14-15-03/config.yaml	outputs/2026-10-05/14-15-03/.hydra/config.yaml	e1c3773953ec7170	12553
hydra/2026-10-05/14-15-03/hydra.yaml	outputs/2026-10-05/14-15-03/.hydra/hydra.yaml	b7bf0b5fdfce6546	4944
hydra/2026-10-05/14-15-03/overrides.yaml	outputs/2026-10-05/14-15-03/.hydra/overrides.yaml	443630ac05703237	654
hydra/2026-10-05/14-35-26/config.yaml	outputs/2026-10-05/14-35-26/.hydra/config.yaml	0a60a59096943904	12483
hydra/2026-10-05/14-35-26/hydra.yaml	outputs/2026-10-05/14-35-26/.hydra/hydra.yaml	fc9c8ced5d55e96a	4353
hydra/2026-10-05/14-35-26/overrides.yaml	outputs/2026-10-05/14-35-26/.hydra/overrides.yaml	8b03a3ba3111b25a	366
hydra/2026-10-05/14-35-42/config.yaml	outputs/2026-10-05/14-35-42/.hydra/config.yaml	c0cb4482bafdb03b	12444
hydra/2026-10-05/14-35-42/hydra.yaml	outputs/2026-10-05/14-35-42/.hydra/hydra.yaml	932a5da4e408be97	4341
hydra/2026-10-05/14-35-42/overrides.yaml	outputs/2026-10-05/14-35-42/.hydra/overrides.yaml	198e8255101c47c9	363
hydra/2026-10-05/14-35-57/config.yaml	outputs/2026-10-05/14-35-57/.hydra/config.yaml	fdf2931886a40c5a	12577
hydra/2026-10-05/14-35-57/hydra.yaml	outputs/2026-10-05/14-35-57/.hydra/hydra.yaml	51e7beb03be7ceff	4974
hydra/2026-10-05/14-35-57/overrides.yaml	outputs/2026-10-05/14-35-57/.hydra/overrides.yaml	969a67537b5da8f3	667
hydra/2026-10-05/14-37-41/config.yaml	outputs/2026-10-05/14-37-41/.hydra/config.yaml	8cbf9b32a1e63c3a	12485
hydra/2026-10-05/14-37-41/hydra.yaml	outputs/2026-10-05/14-37-41/.hydra/hydra.yaml	0c55b5a93c435ef8	4744
hydra/2026-10-05/14-37-41/overrides.yaml	outputs/2026-10-05/14-37-41/.hydra/overrides.yaml	8cdcf1df30b96f33	553
hydra/2026-10-05/14-37-50/config.yaml	outputs/2026-10-05/14-37-50/.hydra/config.yaml	3c61d6a54a778f27	12501
hydra/2026-10-05/14-37-50/hydra.yaml	outputs/2026-10-05/14-37-50/.hydra/hydra.yaml	49be9f87dc9309ee	4776
hydra/2026-10-05/14-37-50/overrides.yaml	outputs/2026-10-05/14-37-50/.hydra/overrides.yaml	437284a818eeebf6	569
hydra/2026-10-05/14-37-58/config.yaml	outputs/2026-10-05/14-37-58/.hydra/config.yaml	7d06ff34743fef71	12454
hydra/2026-10-05/14-37-58/hydra.yaml	outputs/2026-10-05/14-37-58/.hydra/hydra.yaml	8a3f068749be6251	4767
hydra/2026-10-05/14-37-58/overrides.yaml	outputs/2026-10-05/14-37-58/.hydra/overrides.yaml	3ca8758c4689da19	564
hydra/2026-10-05/14-38-08/config.yaml	outputs/2026-10-05/14-38-08/.hydra/config.yaml	e2ad68268132d5da	12470
hydra/2026-10-05/14-38-08/hydra.yaml	outputs/2026-10-05/14-38-08/.hydra/hydra.yaml	7f87103777e632de	4799
hydra/2026-10-05/14-38-08/overrides.yaml	outputs/2026-10-05/14-38-08/.hydra/overrides.yaml	ac0bbba09a99c44f	580
hydra/2026-10-05/14-38-18/config.yaml	outputs/2026-10-05/14-38-18/.hydra/config.yaml	b231c892ffd0c4f5	12444
hydra/2026-10-05/14-38-18/hydra.yaml	outputs/2026-10-05/14-38-18/.hydra/hydra.yaml	bfd851b59a21a531	4542
hydra/2026-10-05/14-38-18/overrides.yaml	outputs/2026-10-05/14-38-18/.hydra/overrides.yaml	968b8b997a10016d	457
hydra/2026-10-05/14-38-28/config.yaml	outputs/2026-10-05/14-38-28/.hydra/config.yaml	58de62d64b192446	12460
hydra/2026-10-05/14-38-28/hydra.yaml	outputs/2026-10-05/14-38-28/.hydra/hydra.yaml	9fb987048d44cbdd	4574
hydra/2026-10-05/14-38-28/overrides.yaml	outputs/2026-10-05/14-38-28/.hydra/overrides.yaml	1889ab74823ff98b	473
hydra/2026-10-05/14-38-38/config.yaml	outputs/2026-10-05/14-38-38/.hydra/config.yaml	e62f29f8a08c0497	12412
hydra/2026-10-05/14-38-38/hydra.yaml	outputs/2026-10-05/14-38-38/.hydra/hydra.yaml	b72ad95b12fb4250	4544
hydra/2026-10-05/14-38-38/overrides.yaml	outputs/2026-10-05/14-38-38/.hydra/overrides.yaml	731d4739429850f2	461
hydra/2026-10-05/14-38-49/config.yaml	outputs/2026-10-05/14-38-49/.hydra/config.yaml	9becfa799e25bacf	12428
hydra/2026-10-05/14-38-49/hydra.yaml	outputs/2026-10-05/14-38-49/.hydra/hydra.yaml	ebbd8dd9060994bb	4576
hydra/2026-10-05/14-38-49/overrides.yaml	outputs/2026-10-05/14-38-49/.hydra/overrides.yaml	ed1fbd84c410ac35	477
hydra/2026-10-05/14-39-15/config.yaml	outputs/2026-10-05/14-39-15/.hydra/config.yaml	c6fd93f70f78ef5d	12594
hydra/2026-10-05/14-39-15/hydra.yaml	outputs/2026-10-05/14-39-15/.hydra/hydra.yaml	e86638bda9ab65b9	5011
hydra/2026-10-05/14-39-15/overrides.yaml	outputs/2026-10-05/14-39-15/.hydra/overrides.yaml	7530f63e6624c090	682
hydra/2026-10-05/14-39-45/config.yaml	outputs/2026-10-05/14-39-45/.hydra/config.yaml	6606cada6486bc93	12588
hydra/2026-10-05/14-39-45/hydra.yaml	outputs/2026-10-05/14-39-45/.hydra/hydra.yaml	0d3918a05c16e2de	4996
hydra/2026-10-05/14-39-45/overrides.yaml	outputs/2026-10-05/14-39-45/.hydra/overrides.yaml	3f0f14c949724e71	678
hydra/2026-10-05/14-39-52/config.yaml	outputs/2026-10-05/14-39-52/.hydra/config.yaml	50424af5e3782f93	12604
hydra/2026-10-05/14-39-52/hydra.yaml	outputs/2026-10-05/14-39-52/.hydra/hydra.yaml	c64fe28ebb174ed8	5028
hydra/2026-10-05/14-39-52/overrides.yaml	outputs/2026-10-05/14-39-52/.hydra/overrides.yaml	54b4bbdc7d55f123	694
hydra/2026-10-05/14-39-59/config.yaml	outputs/2026-10-05/14-39-59/.hydra/config.yaml	dd378c9c4ab543c6	12611
hydra/2026-10-05/14-39-59/hydra.yaml	outputs/2026-10-05/14-39-59/.hydra/hydra.yaml	3765e19ce2187880	5042
hydra/2026-10-05/14-39-59/overrides.yaml	outputs/2026-10-05/14-39-59/.hydra/overrides.yaml	bf7199c905c7cfde	701
hydra/2026-10-05/14-40-06/config.yaml	outputs/2026-10-05/14-40-06/.hydra/config.yaml	74039e41c868fb00	12607
hydra/2026-10-05/14-40-06/hydra.yaml	outputs/2026-10-05/14-40-06/.hydra/hydra.yaml	58b1a9a157bca89a	5034
hydra/2026-10-05/14-40-06/overrides.yaml	outputs/2026-10-05/14-40-06/.hydra/overrides.yaml	c613d1ec8f694721	697
hydra/2026-10-05/14-40-13/config.yaml	outputs/2026-10-05/14-40-13/.hydra/config.yaml	1545273b1e469a44	12569
hydra/2026-10-05/14-40-13/hydra.yaml	outputs/2026-10-05/14-40-13/.hydra/hydra.yaml	78de85db1b5b03b3	5043
hydra/2026-10-05/14-40-13/overrides.yaml	outputs/2026-10-05/14-40-13/.hydra/overrides.yaml	8f182a44bc8021c0	701
hydra/2026-10-05/14-40-20/config.yaml	outputs/2026-10-05/14-40-20/.hydra/config.yaml	5363121bc4f9c406	12585
hydra/2026-10-05/14-40-20/hydra.yaml	outputs/2026-10-05/14-40-20/.hydra/hydra.yaml	578770ccda3a7809	5075
hydra/2026-10-05/14-40-20/overrides.yaml	outputs/2026-10-05/14-40-20/.hydra/overrides.yaml	c49ac674845be761	717
hydra/2026-10-05/14-40-27/config.yaml	outputs/2026-10-05/14-40-27/.hydra/config.yaml	281907c560d763f5	12592
hydra/2026-10-05/14-40-27/hydra.yaml	outputs/2026-10-05/14-40-27/.hydra/hydra.yaml	0a09028f921a91e6	5089
hydra/2026-10-05/14-40-27/overrides.yaml	outputs/2026-10-05/14-40-27/.hydra/overrides.yaml	17808531e597a1e3	724
hydra/2026-10-05/14-40-35/config.yaml	outputs/2026-10-05/14-40-35/.hydra/config.yaml	b0bd99f901d1a107	12588
hydra/2026-10-05/14-40-35/hydra.yaml	outputs/2026-10-05/14-40-35/.hydra/hydra.yaml	433c27dafa3baff7	5081
hydra/2026-10-05/14-40-35/overrides.yaml	outputs/2026-10-05/14-40-35/.hydra/overrides.yaml	c1f0743a49a317d5	720
hydra/2026-10-05/14-40-42/config.yaml	outputs/2026-10-05/14-40-42/.hydra/config.yaml	99b73fb9172ea1bd	12567
hydra/2026-10-05/14-40-42/hydra.yaml	outputs/2026-10-05/14-40-42/.hydra/hydra.yaml	c4d9d00284ba2e1a	4834
hydra/2026-10-05/14-40-42/overrides.yaml	outputs/2026-10-05/14-40-42/.hydra/overrides.yaml	5f58080542323a51	602
hydra/2026-10-05/14-40-49/config.yaml	outputs/2026-10-05/14-40-49/.hydra/config.yaml	d32425d6868255a4	12583
hydra/2026-10-05/14-40-49/hydra.yaml	outputs/2026-10-05/14-40-49/.hydra/hydra.yaml	1957ac543c267315	4866
hydra/2026-10-05/14-40-49/overrides.yaml	outputs/2026-10-05/14-40-49/.hydra/overrides.yaml	f8028fff5c5fb3a4	618
hydra/2026-10-05/14-40-56/config.yaml	outputs/2026-10-05/14-40-56/.hydra/config.yaml	299f45aab0d788d6	12590
hydra/2026-10-05/14-40-56/hydra.yaml	outputs/2026-10-05/14-40-56/.hydra/hydra.yaml	2ed0a82c01125faf	4880
hydra/2026-10-05/14-40-56/overrides.yaml	outputs/2026-10-05/14-40-56/.hydra/overrides.yaml	72a3de51c82570c6	625
hydra/2026-10-05/14-41-03/config.yaml	outputs/2026-10-05/14-41-03/.hydra/config.yaml	562fdfb008604ed2	12586
hydra/2026-10-05/14-41-03/hydra.yaml	outputs/2026-10-05/14-41-03/.hydra/hydra.yaml	2fde14ea4854c551	4872
hydra/2026-10-05/14-41-03/overrides.yaml	outputs/2026-10-05/14-41-03/.hydra/overrides.yaml	a05b7c1381cacc57	621
hydra/2026-10-05/14-41-20/config.yaml	outputs/2026-10-05/14-41-20/.hydra/config.yaml	81e7acc40f7bab8e	12589
hydra/2026-10-05/14-41-20/hydra.yaml	outputs/2026-10-05/14-41-20/.hydra/hydra.yaml	7916c179c1d7d76b	4998
hydra/2026-10-05/14-41-20/overrides.yaml	outputs/2026-10-05/14-41-20/.hydra/overrides.yaml	e36007d118233b5b	679
hydra/2026-10-05/14-41-29/config.yaml	outputs/2026-10-05/14-41-29/.hydra/config.yaml	01196c5de08551f1	12548
hydra/2026-10-05/14-41-29/hydra.yaml	outputs/2026-10-05/14-41-29/.hydra/hydra.yaml	1b3cec39430875f1	4862
hydra/2026-10-05/14-41-29/overrides.yaml	outputs/2026-10-05/14-41-29/.hydra/overrides.yaml	fe64159b3a94b357	619
hydra/2026-10-05/14-41-30/config.yaml	outputs/2026-10-05/14-41-30/.hydra/config.yaml	2f36ea7a9a4d29d3	12584
hydra/2026-10-05/14-41-30/hydra.yaml	outputs/2026-10-05/14-41-30/.hydra/hydra.yaml	18a5ce570388524f	4868
hydra/2026-10-05/14-41-30/overrides.yaml	outputs/2026-10-05/14-41-30/.hydra/overrides.yaml	23e4623f9070bfea	619
hydra/2026-10-05/14-41-31/config.yaml	outputs/2026-10-05/14-41-31/.hydra/config.yaml	635e119f4d380e5b	12568
hydra/2026-10-05/14-41-31/hydra.yaml	outputs/2026-10-05/14-41-31/.hydra/hydra.yaml	b46086076694ecc0	4836
hydra/2026-10-05/14-41-31/overrides.yaml	outputs/2026-10-05/14-41-31/.hydra/overrides.yaml	a4649f745ee35bd1	603
hydra/2026-10-05/14-44-06/config.yaml	outputs/2026-10-05/14-44-06/.hydra/config.yaml	f6e1eda50ce39711	12605
hydra/2026-10-05/14-44-06/hydra.yaml	outputs/2026-10-05/14-44-06/.hydra/hydra.yaml	4c3ca234d5101dd2	5030
hydra/2026-10-05/14-44-06/overrides.yaml	outputs/2026-10-05/14-44-06/.hydra/overrides.yaml	ef95722c67f2f8e5	695
hydra/2026-10-05/14-44-51/config.yaml	outputs/2026-10-05/14-44-51/.hydra/config.yaml	363abef5f2fb5367	12584
hydra/2026-10-05/14-44-51/hydra.yaml	outputs/2026-10-05/14-44-51/.hydra/hydra.yaml	ba33b0d557521e13	4836
hydra/2026-10-05/14-44-51/overrides.yaml	outputs/2026-10-05/14-44-51/.hydra/overrides.yaml	a4649f745ee35bd1	603
hydra/2026-10-05/14-44-55/config.yaml	outputs/2026-10-05/14-44-55/.hydra/config.yaml	1ccc99a768864aa7	12532
hydra/2026-10-05/14-44-55/hydra.yaml	outputs/2026-10-05/14-44-55/.hydra/hydra.yaml	0403fa5bf2a306f1	4830
hydra/2026-10-05/14-44-55/overrides.yaml	outputs/2026-10-05/14-44-55/.hydra/overrides.yaml	20bfa331d24fd137	603
hydra/2026-10-05/14-44-56/config.yaml	outputs/2026-10-05/14-44-56/.hydra/config.yaml	01196c5de08551f1	12548
hydra/2026-10-05/14-44-56/hydra.yaml	outputs/2026-10-05/14-44-56/.hydra/hydra.yaml	7a0f4c82a5d2ae3f	4862
hydra/2026-10-05/14-44-56/overrides.yaml	outputs/2026-10-05/14-44-56/.hydra/overrides.yaml	fe64159b3a94b357	619
hydra/2026-10-05/14-47-59/config.yaml	outputs/2026-10-05/14-47-59/.hydra/config.yaml	be72f5a70d207ab5	12612
hydra/2026-10-05/14-47-59/hydra.yaml	outputs/2026-10-05/14-47-59/.hydra/hydra.yaml	8767b14edc725152	5044
hydra/2026-10-05/14-47-59/overrides.yaml	outputs/2026-10-05/14-47-59/.hydra/overrides.yaml	a5fcc0af8674eeb5	702
hydra/2026-10-05/14-48-00/config.yaml	outputs/2026-10-05/14-48-00/.hydra/config.yaml	97331ab310056594	12577
hydra/2026-10-05/14-48-00/hydra.yaml	outputs/2026-10-05/14-48-00/.hydra/hydra.yaml	f4c77ab19050a474	5059
hydra/2026-10-05/14-48-00/overrides.yaml	outputs/2026-10-05/14-48-00/.hydra/overrides.yaml	73b8ad187af2851e	709
hydra/2026-10-05/14-48-01/config.yaml	outputs/2026-10-05/14-48-01/.hydra/config.yaml	306cdc29155dd0f8	12593
hydra/2026-10-05/14-48-01/hydra.yaml	outputs/2026-10-05/14-48-01/.hydra/hydra.yaml	c4f7606aa3644f1c	5091
hydra/2026-10-05/14-48-01/overrides.yaml	outputs/2026-10-05/14-48-01/.hydra/overrides.yaml	b2190eae663fb5ac	725
hydra/2026-10-05/14-50-16/config.yaml	outputs/2026-10-05/14-50-16/.hydra/config.yaml	fa2269c0c2049943	12575
hydra/2026-10-05/14-50-16/hydra.yaml	outputs/2026-10-05/14-50-16/.hydra/hydra.yaml	522d537894f172db	4850
hydra/2026-10-05/14-50-16/overrides.yaml	outputs/2026-10-05/14-50-16/.hydra/overrides.yaml	a9c225faecb9d5e4	610
hydra/2026-10-05/14-50-21/config.yaml	outputs/2026-10-05/14-50-21/.hydra/config.yaml	1277a55d250b9091	12591
hydra/2026-10-05/14-50-21/hydra.yaml	outputs/2026-10-05/14-50-21/.hydra/hydra.yaml	f18627606f9cef7e	4882
hydra/2026-10-05/14-50-21/overrides.yaml	outputs/2026-10-05/14-50-21/.hydra/overrides.yaml	31d95ba5a6365b11	626
hydra/2026-10-05/14-51-35/config.yaml	outputs/2026-10-05/14-51-35/.hydra/config.yaml	17c54a6f7dd25a74	12597
hydra/2026-10-05/14-51-35/hydra.yaml	outputs/2026-10-05/14-51-35/.hydra/hydra.yaml	3007febc6b191769	5014
hydra/2026-10-05/14-51-35/overrides.yaml	outputs/2026-10-05/14-51-35/.hydra/overrides.yaml	8f2eb73bfb3774f2	683
hydra/2026-10-05/14-52-18/config.yaml	outputs/2026-10-05/14-52-18/.hydra/config.yaml	7bf387bc3cddb2d8	12560
hydra/2026-10-05/14-52-18/hydra.yaml	outputs/2026-10-05/14-52-18/.hydra/hydra.yaml	e2ce08ccd5bde0ce	4652
hydra/2026-10-05/14-52-18/overrides.yaml	outputs/2026-10-05/14-52-18/.hydra/overrides.yaml	68a8fbf22f65db8a	513
hydra/2026-10-05/14-52-20/config.yaml	outputs/2026-10-05/14-52-20/.hydra/config.yaml	8e20fe94fc5beec1	12538
hydra/2026-10-05/14-52-20/hydra.yaml	outputs/2026-10-05/14-52-20/.hydra/hydra.yaml	3ab6dd935bd5a539	4693
hydra/2026-10-05/14-52-20/overrides.yaml	outputs/2026-10-05/14-52-20/.hydra/overrides.yaml	82567721f42eb372	533
hydra/2026-10-05/14-52-55/config.yaml	outputs/2026-10-05/14-52-55/.hydra/config.yaml	0915396e8999a51f	12534
hydra/2026-10-05/14-52-55/hydra.yaml	outputs/2026-10-05/14-52-55/.hydra/hydra.yaml	2559950e6ef8503d	4480
hydra/2026-10-05/14-52-55/overrides.yaml	outputs/2026-10-05/14-52-55/.hydra/overrides.yaml	e8a43701a0403432	432
hydra/2026-10-05/14-52-57/config.yaml	outputs/2026-10-05/14-52-57/.hydra/config.yaml	2021286eba716bc0	12540
hydra/2026-10-05/14-52-57/hydra.yaml	outputs/2026-10-05/14-52-57/.hydra/hydra.yaml	750886914453c2be	4492
hydra/2026-10-05/14-52-57/overrides.yaml	outputs/2026-10-05/14-52-57/.hydra/overrides.yaml	92697ffdbb459b9c	438
hydra/2026-10-05/14-52-58/config.yaml	outputs/2026-10-05/14-52-58/.hydra/config.yaml	8cd67527dbb08db6	12495
hydra/2026-10-05/14-52-58/hydra.yaml	outputs/2026-10-05/14-52-58/.hydra/hydra.yaml	a484e18d274c0ce5	4468
hydra/2026-10-05/14-52-58/overrides.yaml	outputs/2026-10-05/14-52-58/.hydra/overrides.yaml	9091ebcb7cd20cca	429
hydra/2026-10-05/14-53-00/config.yaml	outputs/2026-10-05/14-53-00/.hydra/config.yaml	3c81367a8ea043ec	12501
hydra/2026-10-05/14-53-00/hydra.yaml	outputs/2026-10-05/14-53-00/.hydra/hydra.yaml	77d323dd2c17ec6f	4480
hydra/2026-10-05/14-53-00/overrides.yaml	outputs/2026-10-05/14-53-00/.hydra/overrides.yaml	5171ea35dcef7dce	435
hydra/2026-10-05/14-57-49/config.yaml	outputs/2026-10-05/14-57-49/.hydra/config.yaml	28f5f6b67f488f21	12717
hydra/2026-10-05/14-57-49/hydra.yaml	outputs/2026-10-05/14-57-49/.hydra/hydra.yaml	4e2986364fcc52f6	3680
hydra/2026-10-05/14-57-49/overrides.yaml	outputs/2026-10-05/14-57-49/.hydra/overrides.yaml	feda725cdbc6a24e	54
hydra/2026-10-05/15-00-03/config.yaml	outputs/2026-10-05/15-00-03/.hydra/config.yaml	aed5b6c454ee54d9	12688
hydra/2026-10-05/15-00-03/hydra.yaml	outputs/2026-10-05/15-00-03/.hydra/hydra.yaml	21fd2829e5196109	3944
hydra/2026-10-05/15-00-03/overrides.yaml	outputs/2026-10-05/15-00-03/.hydra/overrides.yaml	75663d3bb6858f9b	182
hydra/2026-10-05/15-00-09/config.yaml	outputs/2026-10-05/15-00-09/.hydra/config.yaml	67294bcc35feb2af	12686
hydra/2026-10-05/15-00-09/hydra.yaml	outputs/2026-10-05/15-00-09/.hydra/hydra.yaml	cc9d8766bd80fed3	4330
hydra/2026-10-05/15-00-09/overrides.yaml	outputs/2026-10-05/15-00-09/.hydra/overrides.yaml	2533b69742d8d871	369
hydra/2026-10-05/15-02-51/config.yaml	outputs/2026-10-05/15-02-51/.hydra/config.yaml	3fa08998f29dfc15	12688
hydra/2026-10-05/15-02-51/hydra.yaml	outputs/2026-10-05/15-02-51/.hydra/hydra.yaml	dff0fad8660ac6cc	3944
hydra/2026-10-05/15-02-51/overrides.yaml	outputs/2026-10-05/15-02-51/.hydra/overrides.yaml	7155e09abdc2740c	182
hydra/2026-10-05/15-02-57/config.yaml	outputs/2026-10-05/15-02-57/.hydra/config.yaml	ec37bf851f2e640c	12687
hydra/2026-10-05/15-02-57/hydra.yaml	outputs/2026-10-05/15-02-57/.hydra/hydra.yaml	48426d411dcabbe5	4332
hydra/2026-10-05/15-02-57/overrides.yaml	outputs/2026-10-05/15-02-57/.hydra/overrides.yaml	6ab46abdd4d670b5	370
hydra/2026-10-05/15-05-46/config.yaml	outputs/2026-10-05/15-05-46/.hydra/config.yaml	06f32c2a501ad137	12705
hydra/2026-10-05/15-05-46/hydra.yaml	outputs/2026-10-05/15-05-46/.hydra/hydra.yaml	a9a1412166c3ce52	3778
hydra/2026-10-05/15-05-46/overrides.yaml	outputs/2026-10-05/15-05-46/.hydra/overrides.yaml	c5cd9d326f65a4b5	101
hydra/2026-10-05/15-05-52/config.yaml	outputs/2026-10-05/15-05-52/.hydra/config.yaml	1cb02ad40d8dea0a	12703
hydra/2026-10-05/15-05-52/hydra.yaml	outputs/2026-10-05/15-05-52/.hydra/hydra.yaml	64551be9b72a5cab	4158
hydra/2026-10-05/15-05-52/overrides.yaml	outputs/2026-10-05/15-05-52/.hydra/overrides.yaml	3a4735f486f78148	288
hydra/2026-10-05/15-11-38/config.yaml	outputs/2026-10-05/15-11-38/.hydra/config.yaml	73b5d0e7ed544e88	12707
hydra/2026-10-05/15-11-38/hydra.yaml	outputs/2026-10-05/15-11-38/.hydra/hydra.yaml	cb2fcbecf4ca1f3c	3782
hydra/2026-10-05/15-11-38/overrides.yaml	outputs/2026-10-05/15-11-38/.hydra/overrides.yaml	48b1c9b3c6f4f94b	103
hydra/2026-10-05/15-11-44/config.yaml	outputs/2026-10-05/15-11-44/.hydra/config.yaml	6cfb8ca15349f9fa	12706
hydra/2026-10-05/15-11-44/hydra.yaml	outputs/2026-10-05/15-11-44/.hydra/hydra.yaml	7a0cbfad11b6b0d9	4164
hydra/2026-10-05/15-11-44/overrides.yaml	outputs/2026-10-05/15-11-44/.hydra/overrides.yaml	f5791fa44479173b	291
hydra/2026-10-05/15-14-02/config.yaml	outputs/2026-10-05/15-14-02/.hydra/config.yaml	709fbae9306c1a0f	12392
hydra/2026-10-05/15-14-02/hydra.yaml	outputs/2026-10-05/15-14-02/.hydra/hydra.yaml	83a2f309fc298a52	5448
hydra/2026-10-05/15-14-02/overrides.yaml	outputs/2026-10-05/15-14-02/.hydra/overrides.yaml	df7c0d6909b74602	900
hydra/2026-10-05/15-14-03/config.yaml	outputs/2026-10-05/15-14-03/.hydra/config.yaml	334cebd5a7b7a67a	12363
hydra/2026-10-05/15-14-03/hydra.yaml	outputs/2026-10-05/15-14-03/.hydra/hydra.yaml	34b56640aece0855	5392
hydra/2026-10-05/15-14-03/overrides.yaml	outputs/2026-10-05/15-14-03/.hydra/overrides.yaml	856e50d72726a863	872
hydra/2026-10-05/15-38-39/config.yaml	outputs/2026-10-05/15-38-39/.hydra/config.yaml	8fd6f2384915c7b1	12763
hydra/2026-10-05/15-38-39/hydra.yaml	outputs/2026-10-05/15-38-39/.hydra/hydra.yaml	dab3b2e35f2ff2c2	4151
hydra/2026-10-05/15-38-39/overrides.yaml	outputs/2026-10-05/15-38-39/.hydra/overrides.yaml	9318d6f8b6df46fa	289
hydra/2026-10-05/15-39-08/config.yaml	outputs/2026-10-05/15-39-08/.hydra/config.yaml	baf99675b3398075	12720
hydra/2026-10-05/15-39-08/hydra.yaml	outputs/2026-10-05/15-39-08/.hydra/hydra.yaml	bb9ce00c16e5bff3	4065
hydra/2026-10-05/15-39-08/overrides.yaml	outputs/2026-10-05/15-39-08/.hydra/overrides.yaml	9eaf74a1b980f372	246
hydra/2026-10-05/15-39-35/config.yaml	outputs/2026-10-05/15-39-35/.hydra/config.yaml	0a641e88bacb7c50	12761
hydra/2026-10-05/15-39-35/hydra.yaml	outputs/2026-10-05/15-39-35/.hydra/hydra.yaml	265366fa258a5061	4147
hydra/2026-10-05/15-39-35/overrides.yaml	outputs/2026-10-05/15-39-35/.hydra/overrides.yaml	d2ff2728fbb115a5	287
hydra/2026-10-05/15-39-57/config.yaml	outputs/2026-10-05/15-39-57/.hydra/config.yaml	8fba2ef50864d77d	12718
hydra/2026-10-05/15-39-57/hydra.yaml	outputs/2026-10-05/15-39-57/.hydra/hydra.yaml	ecb5d828a0eee4c1	4061
hydra/2026-10-05/15-39-57/overrides.yaml	outputs/2026-10-05/15-39-57/.hydra/overrides.yaml	cea5a4d7ad76e02e	244
hydra/2026-10-05/15-40-25/config.yaml	outputs/2026-10-05/15-40-25/.hydra/config.yaml	469141a606d580d1	12769
hydra/2026-10-05/15-40-25/hydra.yaml	outputs/2026-10-05/15-40-25/.hydra/hydra.yaml	f7b288b4d55b0f16	4499
hydra/2026-10-05/15-40-25/overrides.yaml	outputs/2026-10-05/15-40-25/.hydra/overrides.yaml	f8400f36c62821e1	455
hydra/2026-10-05/15-45-01/config.yaml	outputs/2026-10-05/15-45-01/.hydra/config.yaml	9e9ddb7b50ef0d0b	12773
hydra/2026-10-05/15-45-01/hydra.yaml	outputs/2026-10-05/15-45-01/.hydra/hydra.yaml	b2e9f823777735c8	4507
hydra/2026-10-05/15-45-01/overrides.yaml	outputs/2026-10-05/15-45-01/.hydra/overrides.yaml	f87462a02e4f3c20	459
hydra/2026-10-05/15-53-38/config.yaml	outputs/2026-10-05/15-53-38/.hydra/config.yaml	83d47a237ccf3961	12770
hydra/2026-10-05/15-53-38/hydra.yaml	outputs/2026-10-05/15-53-38/.hydra/hydra.yaml	774263c1d769a1fd	4501
hydra/2026-10-05/15-53-38/overrides.yaml	outputs/2026-10-05/15-53-38/.hydra/overrides.yaml	92386e19f7e88584	456
hydra/2026-10-05/15-57-40/config.yaml	outputs/2026-10-05/15-57-40/.hydra/config.yaml	b4a4fdb1af8e160a	12330
hydra/2026-10-05/15-57-40/hydra.yaml	outputs/2026-10-05/15-57-40/.hydra/hydra.yaml	7773f8de6e9879a0	5014
hydra/2026-10-05/15-57-40/overrides.yaml	outputs/2026-10-05/15-57-40/.hydra/overrides.yaml	8740b18b36a1066d	685
hydra/2026-10-05/15-58-48/config.yaml	outputs/2026-10-05/15-58-48/.hydra/config.yaml	0b7b7bcad7f8884e	12714
hydra/2026-10-05/15-58-48/hydra.yaml	outputs/2026-10-05/15-58-48/.hydra/hydra.yaml	a9ed0809d77cff4a	4116
hydra/2026-10-05/15-58-48/overrides.yaml	outputs/2026-10-05/15-58-48/.hydra/overrides.yaml	16ee90ddc995dd16	266
hydra/2026-10-05/15-58-56/config.yaml	outputs/2026-10-05/15-58-56/.hydra/config.yaml	752ec3b0d039080a	12713
hydra/2026-10-05/15-58-56/hydra.yaml	outputs/2026-10-05/15-58-56/.hydra/hydra.yaml	05d478d7506fc0a3	4504
hydra/2026-10-05/15-58-56/overrides.yaml	outputs/2026-10-05/15-58-56/.hydra/overrides.yaml	cabe9cd42186de33	454
hydra/2026-10-05/16-15-51/config.yaml	outputs/2026-10-05/16-15-51/.hydra/config.yaml	fd1c52fd4420960f	12775
hydra/2026-10-05/16-15-51/hydra.yaml	outputs/2026-10-05/16-15-51/.hydra/hydra.yaml	2077feb2f7614542	4511
hydra/2026-10-05/16-15-51/overrides.yaml	outputs/2026-10-05/16-15-51/.hydra/overrides.yaml	ce5fc06f79cd592a	461
hydra/2026-10-05/16-20-02/config.yaml	outputs/2026-10-05/16-20-02/.hydra/config.yaml	cd52a862a30df543	12726
hydra/2026-10-05/16-20-02/hydra.yaml	outputs/2026-10-05/16-20-02/.hydra/hydra.yaml	6303cc1d1a55c840	4077
hydra/2026-10-05/16-20-02/overrides.yaml	outputs/2026-10-05/16-20-02/.hydra/overrides.yaml	09f3384675cd5a55	252
hydra/2026-10-05/16-21-02/config.yaml	outputs/2026-10-05/16-21-02/.hydra/config.yaml	2ba551d474096276	12716
hydra/2026-10-05/16-21-02/hydra.yaml	outputs/2026-10-05/16-21-02/.hydra/hydra.yaml	87d41ac1ad2e069f	3920
hydra/2026-10-05/16-21-02/overrides.yaml	outputs/2026-10-05/16-21-02/.hydra/overrides.yaml	78e0b78b8d962d5f	171
hydra/2026-10-05/16-21-10/config.yaml	outputs/2026-10-05/16-21-10/.hydra/config.yaml	2e54d7d0ec2a7dcf	12715
hydra/2026-10-05/16-21-10/hydra.yaml	outputs/2026-10-05/16-21-10/.hydra/hydra.yaml	0f0dc4539ede0a97	4308
hydra/2026-10-05/16-21-10/overrides.yaml	outputs/2026-10-05/16-21-10/.hydra/overrides.yaml	f22dbf550d22b37d	359
hydra/2026-10-05/17-43-13/config.yaml	outputs/2026-10-05/17-43-13/.hydra/config.yaml	11e2e8b5e71a0c9f	12715
hydra/2026-10-05/17-43-13/hydra.yaml	outputs/2026-10-05/17-43-13/.hydra/hydra.yaml	08175b764c297ae9	4050
hydra/2026-10-05/17-43-13/overrides.yaml	outputs/2026-10-05/17-43-13/.hydra/overrides.yaml	7f1086d73fe2913d	234
hydra/2026-10-05/17-43-21/config.yaml	outputs/2026-10-05/17-43-21/.hydra/config.yaml	f8a3b6696c93f349	12713
hydra/2026-10-05/17-43-21/hydra.yaml	outputs/2026-10-05/17-43-21/.hydra/hydra.yaml	191da4ead34d03e2	4398
hydra/2026-10-05/17-43-21/overrides.yaml	outputs/2026-10-05/17-43-21/.hydra/overrides.yaml	55bc1333dfc449ee	403
hydra/2026-10-05/19-15-49/config.yaml	outputs/2026-10-05/19-15-49/.hydra/config.yaml	542333507d45b2d0	12773
hydra/2026-10-05/19-15-49/hydra.yaml	outputs/2026-10-05/19-15-49/.hydra/hydra.yaml	43bc9939196e3461	4507
hydra/2026-10-05/19-15-49/overrides.yaml	outputs/2026-10-05/19-15-49/.hydra/overrides.yaml	64abae5ea8edc303	459
hydra/2026-10-05/19-19-13/config.yaml	outputs/2026-10-05/19-19-13/.hydra/config.yaml	6b197be0477a7a81	12724
hydra/2026-10-05/19-19-13/hydra.yaml	outputs/2026-10-05/19-19-13/.hydra/hydra.yaml	8dd61e287d529851	4073
hydra/2026-10-05/19-19-13/overrides.yaml	outputs/2026-10-05/19-19-13/.hydra/overrides.yaml	74727f1723874da0	250
hydra/2026-10-05/19-20-36/config.yaml	outputs/2026-10-05/19-20-36/.hydra/config.yaml	3c5600bfa82ceb39	12777
hydra/2026-10-05/19-20-36/hydra.yaml	outputs/2026-10-05/19-20-36/.hydra/hydra.yaml	98c191658fd08557	4515
hydra/2026-10-05/19-20-36/overrides.yaml	outputs/2026-10-05/19-20-36/.hydra/overrides.yaml	7afc2a1023fd9011	463
hydra/2026-10-05/19-26-35/config.yaml	outputs/2026-10-05/19-26-35/.hydra/config.yaml	dff4c9f2db4543d3	12774
hydra/2026-10-05/19-26-35/hydra.yaml	outputs/2026-10-05/19-26-35/.hydra/hydra.yaml	f085f958666873de	4509
hydra/2026-10-05/19-26-35/overrides.yaml	outputs/2026-10-05/19-26-35/.hydra/overrides.yaml	726c3faa9357811e	460
hydra/2026-10-05/19-30-53/config.yaml	outputs/2026-10-05/19-30-53/.hydra/config.yaml	fc9b1a984abc1912	12341
hydra/2026-10-05/19-30-53/hydra.yaml	outputs/2026-10-05/19-30-53/.hydra/hydra.yaml	e24f1eabe2ed1bc3	4926
hydra/2026-10-05/19-30-53/overrides.yaml	outputs/2026-10-05/19-30-53/.hydra/overrides.yaml	7df0219aea8cfc67	643
hydra/2026-10-05/19-32-22/config.yaml	outputs/2026-10-05/19-32-22/.hydra/config.yaml	15713c340265998c	12789
hydra/2026-10-05/19-32-22/hydra.yaml	outputs/2026-10-05/19-32-22/.hydra/hydra.yaml	0815792369e496f9	3922
hydra/2026-10-05/19-32-22/overrides.yaml	outputs/2026-10-05/19-32-22/.hydra/overrides.yaml	908e37c1a87b7d73	174
hydra/2026-10-05/19-41-26/config.yaml	outputs/2026-10-05/19-41-26/.hydra/config.yaml	af142aecb4f7567b	12740
hydra/2026-10-05/19-41-26/hydra.yaml	outputs/2026-10-05/19-41-26/.hydra/hydra.yaml	a5c0b4f7d4484fea	4105
hydra/2026-10-05/19-41-26/overrides.yaml	outputs/2026-10-05/19-41-26/.hydra/overrides.yaml	07ed71f258ab55d9	266
hydra/2026-10-05/19-41-49/config.yaml	outputs/2026-10-05/19-41-49/.hydra/config.yaml	bd907bbe818b0520	12738
hydra/2026-10-05/19-41-49/hydra.yaml	outputs/2026-10-05/19-41-49/.hydra/hydra.yaml	bf24a80a0620def3	4101
hydra/2026-10-05/19-41-49/overrides.yaml	outputs/2026-10-05/19-41-49/.hydra/overrides.yaml	01809552a79c8bf5	264
hydra/2026-10-05/19-42-07/config.yaml	outputs/2026-10-05/19-42-07/.hydra/config.yaml	d90bede8b57c4d6c	12789
hydra/2026-10-05/19-42-07/hydra.yaml	outputs/2026-10-05/19-42-07/.hydra/hydra.yaml	9d3bdaf340292578	4539
hydra/2026-10-05/19-42-07/overrides.yaml	outputs/2026-10-05/19-42-07/.hydra/overrides.yaml	f3a54ec7768c35e3	475
hydra/2026-10-05/19-44-16/config.yaml	outputs/2026-10-05/19-44-16/.hydra/config.yaml	726e345d5b559ba9	12841
hydra/2026-10-05/19-44-16/hydra.yaml	outputs/2026-10-05/19-44-16/.hydra/hydra.yaml	b1407085751dc6c8	4651
hydra/2026-10-05/19-44-16/overrides.yaml	outputs/2026-10-05/19-44-16/.hydra/overrides.yaml	18b49efd001e3b72	531
hydra/2026-10-05/19-45-02/config.yaml	outputs/2026-10-05/19-45-02/.hydra/config.yaml	62be787b3c0a7285	12839
hydra/2026-10-05/19-45-02/hydra.yaml	outputs/2026-10-05/19-45-02/.hydra/hydra.yaml	011631e03da1a253	4647
hydra/2026-10-05/19-45-02/overrides.yaml	outputs/2026-10-05/19-45-02/.hydra/overrides.yaml	a982d8ab5d32e44d	529
hydra/2026-10-05/19-45-38/config.yaml	outputs/2026-10-05/19-45-38/.hydra/config.yaml	628126f87bb9a075	12839
hydra/2026-10-05/19-45-38/hydra.yaml	outputs/2026-10-05/19-45-38/.hydra/hydra.yaml	07b3eaaf58b8b419	4647
hydra/2026-10-05/19-45-38/overrides.yaml	outputs/2026-10-05/19-45-38/.hydra/overrides.yaml	9c73d2dee86caa49	529
hydra/2026-10-05/19-46-05/config.yaml	outputs/2026-10-05/19-46-05/.hydra/config.yaml	beaef2b598c308cc	12839
hydra/2026-10-05/19-46-05/hydra.yaml	outputs/2026-10-05/19-46-05/.hydra/hydra.yaml	46ee936d7444f372	4647
hydra/2026-10-05/19-46-05/overrides.yaml	outputs/2026-10-05/19-46-05/.hydra/overrides.yaml	82551d6dfe22d208	529
hydra/2026-10-05/19-46-26/config.yaml	outputs/2026-10-05/19-46-26/.hydra/config.yaml	2f0b18779b6d7129	12859
hydra/2026-10-05/19-46-26/hydra.yaml	outputs/2026-10-05/19-46-26/.hydra/hydra.yaml	d405921a8d795332	4687
hydra/2026-10-05/19-46-26/overrides.yaml	outputs/2026-10-05/19-46-26/.hydra/overrides.yaml	b3c2bdfd5b9645af	549
hydra/2026-10-05/19-47-19/config.yaml	outputs/2026-10-05/19-47-19/.hydra/config.yaml	0f396ed9bd31da7a	12857
hydra/2026-10-05/19-47-19/hydra.yaml	outputs/2026-10-05/19-47-19/.hydra/hydra.yaml	206b4e1b2a1d24df	4683
hydra/2026-10-05/19-47-19/overrides.yaml	outputs/2026-10-05/19-47-19/.hydra/overrides.yaml	bb7c83e206fa4cf0	547
hydra/2026-10-05/19-47-28/config.yaml	outputs/2026-10-05/19-47-28/.hydra/config.yaml	7a9fab3dde1538ee	12752
hydra/2026-10-05/19-47-28/hydra.yaml	outputs/2026-10-05/19-47-28/.hydra/hydra.yaml	d05e31c894a9c4f3	4129
hydra/2026-10-05/19-47-28/overrides.yaml	outputs/2026-10-05/19-47-28/.hydra/overrides.yaml	8a6988623ffeb675	278
hydra/2026-10-05/19-47-54/config.yaml	outputs/2026-10-05/19-47-54/.hydra/config.yaml	0d34e31306550b03	12801
hydra/2026-10-05/19-47-54/hydra.yaml	outputs/2026-10-05/19-47-54/.hydra/hydra.yaml	712650aacd4a8e37	4563
hydra/2026-10-05/19-47-54/overrides.yaml	outputs/2026-10-05/19-47-54/.hydra/overrides.yaml	13ff342c66fd2e16	487
hydra/2026-10-05/19-48-15/config.yaml	outputs/2026-10-05/19-48-15/.hydra/config.yaml	55566adbcad20edc	12857
hydra/2026-10-05/19-48-15/hydra.yaml	outputs/2026-10-05/19-48-15/.hydra/hydra.yaml	d1966f468265497e	4683
hydra/2026-10-05/19-48-15/overrides.yaml	outputs/2026-10-05/19-48-15/.hydra/overrides.yaml	fb1e9700ae8ead2b	547
hydra/2026-10-05/19-49-10/config.yaml	outputs/2026-10-05/19-49-10/.hydra/config.yaml	106f6e5bb8c1366b	12857
hydra/2026-10-05/19-49-10/hydra.yaml	outputs/2026-10-05/19-49-10/.hydra/hydra.yaml	387eb2567376030e	4683
hydra/2026-10-05/19-49-10/overrides.yaml	outputs/2026-10-05/19-49-10/.hydra/overrides.yaml	879cd661ebfde55d	547
hydra/2026-10-05/19-50-01/config.yaml	outputs/2026-10-05/19-50-01/.hydra/config.yaml	de916510a17ab665	12802
hydra/2026-10-05/19-50-01/hydra.yaml	outputs/2026-10-05/19-50-01/.hydra/hydra.yaml	39dc41363df08c6d	4573
hydra/2026-10-05/19-50-01/overrides.yaml	outputs/2026-10-05/19-50-01/.hydra/overrides.yaml	fad6d0b98ed07bee	492
hydra/2026-10-05/19-50-48/config.yaml	outputs/2026-10-05/19-50-48/.hydra/config.yaml	a6a737500f499265	12800
hydra/2026-10-05/19-50-48/hydra.yaml	outputs/2026-10-05/19-50-48/.hydra/hydra.yaml	8ee3fad3d5fe454b	4569
hydra/2026-10-05/19-50-48/overrides.yaml	outputs/2026-10-05/19-50-48/.hydra/overrides.yaml	4ce7465d637d9440	490
hydra/2026-10-05/19-51-24/config.yaml	outputs/2026-10-05/19-51-24/.hydra/config.yaml	42d753ec2f8035a0	12800
hydra/2026-10-05/19-51-24/hydra.yaml	outputs/2026-10-05/19-51-24/.hydra/hydra.yaml	a204315ddd68e421	4569
hydra/2026-10-05/19-51-24/overrides.yaml	outputs/2026-10-05/19-51-24/.hydra/overrides.yaml	3544614a83ccf9de	490
hydra/2026-10-05/19-51-49/config.yaml	outputs/2026-10-05/19-51-49/.hydra/config.yaml	66504dd19470c774	12800
hydra/2026-10-05/19-51-49/hydra.yaml	outputs/2026-10-05/19-51-49/.hydra/hydra.yaml	7cf34c22866d4b70	4569
hydra/2026-10-05/19-51-49/overrides.yaml	outputs/2026-10-05/19-51-49/.hydra/overrides.yaml	c99e93d44f4aeee8	490
hydra/2026-10-05/19-52-10/config.yaml	outputs/2026-10-05/19-52-10/.hydra/config.yaml	2c1854b18722aa13	12820
hydra/2026-10-05/19-52-10/hydra.yaml	outputs/2026-10-05/19-52-10/.hydra/hydra.yaml	ad42613ab4923b68	4609
hydra/2026-10-05/19-52-10/overrides.yaml	outputs/2026-10-05/19-52-10/.hydra/overrides.yaml	39061d3192c8287c	510
hydra/2026-10-05/19-53-01/config.yaml	outputs/2026-10-05/19-53-01/.hydra/config.yaml	63466f908e7cfa65	12818
hydra/2026-10-05/19-53-01/hydra.yaml	outputs/2026-10-05/19-53-01/.hydra/hydra.yaml	15f29b500c2fea06	4605
hydra/2026-10-05/19-53-01/overrides.yaml	outputs/2026-10-05/19-53-01/.hydra/overrides.yaml	fa185439c3435fcb	508
hydra/2026-10-05/19-53-48/config.yaml	outputs/2026-10-05/19-53-48/.hydra/config.yaml	9349db5d24980942	12818
hydra/2026-10-05/19-53-48/hydra.yaml	outputs/2026-10-05/19-53-48/.hydra/hydra.yaml	0b0dca70817936b3	4605
hydra/2026-10-05/19-53-48/overrides.yaml	outputs/2026-10-05/19-53-48/.hydra/overrides.yaml	575b4a307b8d7edf	508
hydra/2026-10-05/19-54-32/config.yaml	outputs/2026-10-05/19-54-32/.hydra/config.yaml	818cf2c1f7a4f4ba	12818
hydra/2026-10-05/19-54-32/hydra.yaml	outputs/2026-10-05/19-54-32/.hydra/hydra.yaml	a8e610476a473ae2	4605
hydra/2026-10-05/19-54-32/overrides.yaml	outputs/2026-10-05/19-54-32/.hydra/overrides.yaml	90acd4ce81cc560d	508
hydra/2026-10-05/20-02-15/config.yaml	outputs/2026-10-05/20-02-15/.hydra/config.yaml	4c480712da47514a	12734
hydra/2026-10-05/20-02-15/hydra.yaml	outputs/2026-10-05/20-02-15/.hydra/hydra.yaml	8c53372f6a3f668f	4093
hydra/2026-10-05/20-02-15/overrides.yaml	outputs/2026-10-05/20-02-15/.hydra/overrides.yaml	2e05c8525c06ee3c	260
hydra/2026-10-05/20-02-37/config.yaml	outputs/2026-10-05/20-02-37/.hydra/config.yaml	410a22458d55bf50	12773
hydra/2026-10-05/20-02-37/hydra.yaml	outputs/2026-10-05/20-02-37/.hydra/hydra.yaml	5f6591b54f8f4dfa	4171
hydra/2026-10-05/20-02-37/overrides.yaml	outputs/2026-10-05/20-02-37/.hydra/overrides.yaml	e7c88347ca4a6355	299
hydra/2026-10-05/20-02-58/config.yaml	outputs/2026-10-05/20-02-58/.hydra/config.yaml	113ea870b3b2d50e	12730
hydra/2026-10-05/20-02-58/hydra.yaml	outputs/2026-10-05/20-02-58/.hydra/hydra.yaml	814a4f64ed4c29d5	4085
hydra/2026-10-05/20-02-58/overrides.yaml	outputs/2026-10-05/20-02-58/.hydra/overrides.yaml	bc3f27a910fc4d56	256
hydra/2026-10-05/20-04-02/config.yaml	outputs/2026-10-05/20-04-02/.hydra/config.yaml	86c51765974ca411	12299
hydra/2026-10-05/20-04-02/hydra.yaml	outputs/2026-10-05/20-04-02/.hydra/hydra.yaml	cb378197f5bc7965	5222
hydra/2026-10-05/20-04-02/overrides.yaml	outputs/2026-10-05/20-04-02/.hydra/overrides.yaml	15137531a14bcc0e	787
hydra/2026-10-05/20-05-43/config.yaml	outputs/2026-10-05/20-05-43/.hydra/config.yaml	113ea870b3b2d50e	12730
hydra/2026-10-05/20-05-43/hydra.yaml	outputs/2026-10-05/20-05-43/.hydra/hydra.yaml	0f15c720e3dfca4e	4085
hydra/2026-10-05/20-05-43/overrides.yaml	outputs/2026-10-05/20-05-43/.hydra/overrides.yaml	bc3f27a910fc4d56	256
hydra/2026-10-05/20-06-05/config.yaml	outputs/2026-10-05/20-06-05/.hydra/config.yaml	bd8955ba636f6e04	12769
hydra/2026-10-05/20-06-05/hydra.yaml	outputs/2026-10-05/20-06-05/.hydra/hydra.yaml	08d8cf35f57d651c	4163
hydra/2026-10-05/20-06-05/overrides.yaml	outputs/2026-10-05/20-06-05/.hydra/overrides.yaml	ffcc4773c2c75f2b	295
hydra/2026-10-05/20-06-26/config.yaml	outputs/2026-10-05/20-06-26/.hydra/config.yaml	ac17a7257285e7ab	12734
hydra/2026-10-05/20-06-26/hydra.yaml	outputs/2026-10-05/20-06-26/.hydra/hydra.yaml	280499ae8f05f52b	4093
hydra/2026-10-05/20-06-26/overrides.yaml	outputs/2026-10-05/20-06-26/.hydra/overrides.yaml	dbee2a439a30bb35	260
hydra/2026-10-05/20-06-48/config.yaml	outputs/2026-10-05/20-06-48/.hydra/config.yaml	d5f52a847606234d	12773
hydra/2026-10-05/20-06-48/hydra.yaml	outputs/2026-10-05/20-06-48/.hydra/hydra.yaml	5929d4b309b89f0a	4171
hydra/2026-10-05/20-06-48/overrides.yaml	outputs/2026-10-05/20-06-48/.hydra/overrides.yaml	06b3d3eaab2e0f91	299
hydra/2026-10-05/20-07-10/config.yaml	outputs/2026-10-05/20-07-10/.hydra/config.yaml	5999ecfe0b8a0889	12730
hydra/2026-10-05/20-07-10/hydra.yaml	outputs/2026-10-05/20-07-10/.hydra/hydra.yaml	7dd18ec5679c106a	4085
hydra/2026-10-05/20-07-10/overrides.yaml	outputs/2026-10-05/20-07-10/.hydra/overrides.yaml	aa7f59d3361b5983	256
hydra/2026-10-05/20-07-32/config.yaml	outputs/2026-10-05/20-07-32/.hydra/config.yaml	9bd28775337be2a6	12769
hydra/2026-10-05/20-07-32/hydra.yaml	outputs/2026-10-05/20-07-32/.hydra/hydra.yaml	1b6c0336cf36d869	4163
hydra/2026-10-05/20-07-32/overrides.yaml	outputs/2026-10-05/20-07-32/.hydra/overrides.yaml	0aa434f01df771ea	295
hydra/2026-10-05/20-10-10/config.yaml	outputs/2026-10-05/20-10-10/.hydra/config.yaml	dcabcf23f5a8fa33	12299
hydra/2026-10-05/20-10-10/hydra.yaml	outputs/2026-10-05/20-10-10/.hydra/hydra.yaml	20115e8403ff4fed	5222
hydra/2026-10-05/20-10-10/overrides.yaml	outputs/2026-10-05/20-10-10/.hydra/overrides.yaml	fb59a5b1293801b7	787
hydra/2026-10-05/20-10-56/config.yaml	outputs/2026-10-05/20-10-56/.hydra/config.yaml	94ae4d91b30e6a3f	12298
hydra/2026-10-05/20-10-56/hydra.yaml	outputs/2026-10-05/20-10-56/.hydra/hydra.yaml	9687e5e35219ecdb	5220
hydra/2026-10-05/20-10-56/overrides.yaml	outputs/2026-10-05/20-10-56/.hydra/overrides.yaml	f1857fdb7692ea5e	786
hydra/2026-10-05/20-11-48/config.yaml	outputs/2026-10-05/20-11-48/.hydra/config.yaml	b388bcb819c2a41b	12299
hydra/2026-10-05/20-11-48/hydra.yaml	outputs/2026-10-05/20-11-48/.hydra/hydra.yaml	1b44974b117f9779	5222
hydra/2026-10-05/20-11-48/overrides.yaml	outputs/2026-10-05/20-11-48/.hydra/overrides.yaml	987ad087a69a9af5	787
hydra/2026-10-05/20-15-49/config.yaml	outputs/2026-10-05/20-15-49/.hydra/config.yaml	4872378a68c3474b	12388
hydra/2026-10-05/20-15-49/hydra.yaml	outputs/2026-10-05/20-15-49/.hydra/hydra.yaml	7f28152eed934b50	5736
hydra/2026-10-05/20-15-49/overrides.yaml	outputs/2026-10-05/20-15-49/.hydra/overrides.yaml	1a8bef8218e5d7c5	1039
hydra/2026-10-05/20-38-34/config.yaml	outputs/2026-10-05/20-38-34/.hydra/config.yaml	6f0808c55fbb4aa9	12722
hydra/2026-10-05/20-38-34/hydra.yaml	outputs/2026-10-05/20-38-34/.hydra/hydra.yaml	35fd40586a0e8abc	4069
hydra/2026-10-05/20-38-34/overrides.yaml	outputs/2026-10-05/20-38-34/.hydra/overrides.yaml	703d76861ace42c3	248
hydra/2026-10-05/20-41-48/config.yaml	outputs/2026-10-05/20-41-48/.hydra/config.yaml	9eee0b822fa27299	12730
hydra/2026-10-05/20-41-48/hydra.yaml	outputs/2026-10-05/20-41-48/.hydra/hydra.yaml	4007c4253174071c	4085
hydra/2026-10-05/20-41-48/overrides.yaml	outputs/2026-10-05/20-41-48/.hydra/overrides.yaml	a2c70f70ded1f727	256
hydra/2026-10-05/20-44-56/config.yaml	outputs/2026-10-05/20-44-56/.hydra/config.yaml	f971e0f2600b27d4	12779
hydra/2026-10-05/20-44-56/hydra.yaml	outputs/2026-10-05/20-44-56/.hydra/hydra.yaml	9bc7d3978e0565c7	4519
hydra/2026-10-05/20-44-56/overrides.yaml	outputs/2026-10-05/20-44-56/.hydra/overrides.yaml	3c664ee823f5facb	465
hydra/2026-10-06/00-01-11/config.yaml	outputs/2026-10-06/00-01-11/.hydra/config.yaml	991a64344a592dd5	12398
hydra/2026-10-06/00-01-11/hydra.yaml	outputs/2026-10-06/00-01-11/.hydra/hydra.yaml	90884240181011fb	5356
hydra/2026-10-06/00-01-11/overrides.yaml	outputs/2026-10-06/00-01-11/.hydra/overrides.yaml	375759358bc43bd6	855
hydra/2026-10-06/00-04-01/config.yaml	outputs/2026-10-06/00-04-01/.hydra/config.yaml	632f1af8b2bb9b36	12599
hydra/2026-10-06/00-04-01/hydra.yaml	outputs/2026-10-06/00-04-01/.hydra/hydra.yaml	a89208263ab8439b	5547
hydra/2026-10-06/00-04-01/overrides.yaml	outputs/2026-10-06/00-04-01/.hydra/overrides.yaml	4ed5c96fd2b49f28	947
hydra/2026-10-06/00-11-55/config.yaml	outputs/2026-10-06/00-11-55/.hydra/config.yaml	11e9ed7f4854f865	12478
hydra/2026-10-06/00-11-55/hydra.yaml	outputs/2026-10-06/00-11-55/.hydra/hydra.yaml	66b078f4972af4cd	4463
hydra/2026-10-06/00-11-55/overrides.yaml	outputs/2026-10-06/00-11-55/.hydra/overrides.yaml	873a55d171d85888	416
hydra/2026-10-06/00-14-41/config.yaml	outputs/2026-10-06/00-14-41/.hydra/config.yaml	38dd50c949472ae5	12497
hydra/2026-10-06/00-14-41/hydra.yaml	outputs/2026-10-06/00-14-41/.hydra/hydra.yaml	881e199fc79355de	4501
hydra/2026-10-06/00-14-41/overrides.yaml	outputs/2026-10-06/00-14-41/.hydra/overrides.yaml	1b6d8d210b632d66	435
hydra/2026-10-06/00-17-47/config.yaml	outputs/2026-10-06/00-17-47/.hydra/config.yaml	36740b114dbccc74	12516
hydra/2026-10-06/00-17-47/hydra.yaml	outputs/2026-10-06/00-17-47/.hydra/hydra.yaml	87e6d2e86109a652	4564
hydra/2026-10-06/00-17-47/overrides.yaml	outputs/2026-10-06/00-17-47/.hydra/overrides.yaml	94ed3efeadbd247a	469
hydra/2026-10-06/00-18-10/config.yaml	outputs/2026-10-06/00-18-10/.hydra/config.yaml	ec8d3f96a5a0d468	12522
hydra/2026-10-06/00-18-10/hydra.yaml	outputs/2026-10-06/00-18-10/.hydra/hydra.yaml	cbc5b79cd3aab7a6	4576
hydra/2026-10-06/00-18-10/overrides.yaml	outputs/2026-10-06/00-18-10/.hydra/overrides.yaml	0423a41e14c521b2	475
hydra/2026-10-06/08-49-04/config.yaml	outputs/2026-10-06/08-49-04/.hydra/config.yaml	b21968e8d67a72af	12553
hydra/2026-10-06/08-49-04/hydra.yaml	outputs/2026-10-06/08-49-04/.hydra/hydra.yaml	ec017c5ea5106951	4926
hydra/2026-10-06/08-49-04/overrides.yaml	outputs/2026-10-06/08-49-04/.hydra/overrides.yaml	d7b2d3c318e2f1e9	643
hydra/2026-10-06/08-52-36/config.yaml	outputs/2026-10-06/08-52-36/.hydra/config.yaml	d8e4f0d7cd892306	12557
hydra/2026-10-06/08-52-36/hydra.yaml	outputs/2026-10-06/08-52-36/.hydra/hydra.yaml	6da50a32891ac4a2	4934
hydra/2026-10-06/08-52-36/overrides.yaml	outputs/2026-10-06/08-52-36/.hydra/overrides.yaml	58c1f8577e8a1977	647
hydra/2026-10-06/08-56-48/config.yaml	outputs/2026-10-06/08-56-48/.hydra/config.yaml	09ca0d330d029cc6	12712
hydra/2026-10-06/08-56-48/hydra.yaml	outputs/2026-10-06/08-56-48/.hydra/hydra.yaml	7a91a4bb88e65a15	4296
hydra/2026-10-06/08-56-48/overrides.yaml	outputs/2026-10-06/08-56-48/.hydra/overrides.yaml	47f1bdc3c2d52b78	356
hydra/2026-10-06/08-56-56/config.yaml	outputs/2026-10-06/08-56-56/.hydra/config.yaml	80f527577a7cdef0	12710
hydra/2026-10-06/08-56-56/hydra.yaml	outputs/2026-10-06/08-56-56/.hydra/hydra.yaml	0091a5f21bd2f7f2	4392
hydra/2026-10-06/08-56-56/overrides.yaml	outputs/2026-10-06/08-56-56/.hydra/overrides.yaml	3a87a44aca05ae96	400
hydra/2026-10-06/08-58-51/config.yaml	outputs/2026-10-06/08-58-51/.hydra/config.yaml	96daff8009a464f7	12554
hydra/2026-10-06/08-58-51/hydra.yaml	outputs/2026-10-06/08-58-51/.hydra/hydra.yaml	ced164ddd24480c4	4928
hydra/2026-10-06/08-58-51/overrides.yaml	outputs/2026-10-06/08-58-51/.hydra/overrides.yaml	ed73e2272fa8a643	644
hydra/2026-10-06/08-59-01/config.yaml	outputs/2026-10-06/08-59-01/.hydra/config.yaml	4e509addef46dbef	12759
hydra/2026-10-06/08-59-01/hydra.yaml	outputs/2026-10-06/08-59-01/.hydra/hydra.yaml	824d09e9b318bc2b	4143
hydra/2026-10-06/08-59-01/overrides.yaml	outputs/2026-10-06/08-59-01/.hydra/overrides.yaml	2e214fe394dd852e	285
hydra/2026-10-06/08-59-28/config.yaml	outputs/2026-10-06/08-59-28/.hydra/config.yaml	bbbda1e25a7c6248	12773
hydra/2026-10-06/08-59-28/hydra.yaml	outputs/2026-10-06/08-59-28/.hydra/hydra.yaml	9e0dd4d7a401b811	4171
hydra/2026-10-06/08-59-28/overrides.yaml	outputs/2026-10-06/08-59-28/.hydra/overrides.yaml	a162215b51021529	299
hydra/2026-10-06/08-59-53/config.yaml	outputs/2026-10-06/08-59-53/.hydra/config.yaml	f623be4738e3ed01	12783
hydra/2026-10-06/08-59-53/hydra.yaml	outputs/2026-10-06/08-59-53/.hydra/hydra.yaml	880c46e7a1ca1ad6	4191
hydra/2026-10-06/08-59-53/overrides.yaml	outputs/2026-10-06/08-59-53/.hydra/overrides.yaml	243bb47f7b9986cf	309
hydra/2026-10-06/09-42-38/config.yaml	outputs/2026-10-06/09-42-38/.hydra/config.yaml	28bf2d42eb9d7742	12760
hydra/2026-10-06/09-42-38/hydra.yaml	outputs/2026-10-06/09-42-38/.hydra/hydra.yaml	bf30ed5fb03d5c0b	4145
hydra/2026-10-06/09-42-38/overrides.yaml	outputs/2026-10-06/09-42-38/.hydra/overrides.yaml	5ccf5c38b6e14be8	286
hydra/2026-10-06/09-42-59/config.yaml	outputs/2026-10-06/09-42-59/.hydra/config.yaml	27efafa05106cdec	12758
hydra/2026-10-06/09-42-59/hydra.yaml	outputs/2026-10-06/09-42-59/.hydra/hydra.yaml	894150bf10b8a8d6	4141
hydra/2026-10-06/09-42-59/overrides.yaml	outputs/2026-10-06/09-42-59/.hydra/overrides.yaml	7dc6cb1d14b80077	284
hydra/2026-10-06/09-43-06/config.yaml	outputs/2026-10-06/09-43-06/.hydra/config.yaml	a9f5d08b7c21b903	12726
hydra/2026-10-06/09-43-06/hydra.yaml	outputs/2026-10-06/09-43-06/.hydra/hydra.yaml	16173f3a3a5f3552	4608
hydra/2026-10-06/09-43-06/overrides.yaml	outputs/2026-10-06/09-43-06/.hydra/overrides.yaml	9cbfdd3b4d97c186	508
hydra/2026-10-06/09-43-13/config.yaml	outputs/2026-10-06/09-43-13/.hydra/config.yaml	d6b9a4d91b5c73d1	12724
hydra/2026-10-06/09-43-13/hydra.yaml	outputs/2026-10-06/09-43-13/.hydra/hydra.yaml	4020f71929cbb7e7	4662
hydra/2026-10-06/09-43-13/overrides.yaml	outputs/2026-10-06/09-43-13/.hydra/overrides.yaml	1d05817bc1d678cd	532
hydra/2026-10-06/09-43-15/config.yaml	outputs/2026-10-06/09-43-15/.hydra/config.yaml	46a5e444e74f6836	12809
hydra/2026-10-06/09-43-15/hydra.yaml	outputs/2026-10-06/09-43-15/.hydra/hydra.yaml	e6adc76099e5c3fc	4579
hydra/2026-10-06/09-43-15/overrides.yaml	outputs/2026-10-06/09-43-15/.hydra/overrides.yaml	ebb53f77c1a9c3b0	495
hydra/2026-10-06/09-46-54/config.yaml	outputs/2026-10-06/09-46-54/.hydra/config.yaml	7f221fec40a76818	12813
hydra/2026-10-06/09-46-54/hydra.yaml	outputs/2026-10-06/09-46-54/.hydra/hydra.yaml	b240edba86993cc8	4587
hydra/2026-10-06/09-46-54/overrides.yaml	outputs/2026-10-06/09-46-54/.hydra/overrides.yaml	27eb4f6ea52ed9d6	499
hydra/2026-10-06/09-53-42/config.yaml	outputs/2026-10-06/09-53-42/.hydra/config.yaml	6e43060d7a76d064	12810
hydra/2026-10-06/09-53-42/hydra.yaml	outputs/2026-10-06/09-53-42/.hydra/hydra.yaml	bb767b54989ccc78	4581
hydra/2026-10-06/09-53-42/overrides.yaml	outputs/2026-10-06/09-53-42/.hydra/overrides.yaml	ec44ea80fd281cbc	496
hydra/2026-10-06/10-19-42/config.yaml	outputs/2026-10-06/10-19-42/.hydra/config.yaml	ef0acaad74719f5c	12732
hydra/2026-10-06/10-19-42/hydra.yaml	outputs/2026-10-06/10-19-42/.hydra/hydra.yaml	39d8cf84dc367070	4089
hydra/2026-10-06/10-19-42/overrides.yaml	outputs/2026-10-06/10-19-42/.hydra/overrides.yaml	78c1e6dcce6995d4	258
hydra/2026-10-06/10-20-02/config.yaml	outputs/2026-10-06/10-20-02/.hydra/config.yaml	56fbcddc61c126ac	12730
hydra/2026-10-06/10-20-02/hydra.yaml	outputs/2026-10-06/10-20-02/.hydra/hydra.yaml	4f4e67db505c5757	4085
hydra/2026-10-06/10-20-02/overrides.yaml	outputs/2026-10-06/10-20-02/.hydra/overrides.yaml	417839d4d18e40c5	256
hydra/2026-10-06/10-20-18/config.yaml	outputs/2026-10-06/10-20-18/.hydra/config.yaml	a14ebe1b1617dc51	12781
hydra/2026-10-06/10-20-18/hydra.yaml	outputs/2026-10-06/10-20-18/.hydra/hydra.yaml	401829f18ee91499	4523
hydra/2026-10-06/10-20-18/overrides.yaml	outputs/2026-10-06/10-20-18/.hydra/overrides.yaml	0e01795f45a80c3e	467
hydra/2026-10-06/10-23-36/config.yaml	outputs/2026-10-06/10-23-36/.hydra/config.yaml	bb458b3fdc260e2f	12785
hydra/2026-10-06/10-23-36/hydra.yaml	outputs/2026-10-06/10-23-36/.hydra/hydra.yaml	113ed4e47b05f2e9	4531
hydra/2026-10-06/10-23-36/overrides.yaml	outputs/2026-10-06/10-23-36/.hydra/overrides.yaml	cea78fc074b96c68	471
hydra/2026-10-06/10-29-38/config.yaml	outputs/2026-10-06/10-29-38/.hydra/config.yaml	6eea6060f346a46d	12782
hydra/2026-10-06/10-29-38/hydra.yaml	outputs/2026-10-06/10-29-38/.hydra/hydra.yaml	ac8336d11350c6b5	4525
hydra/2026-10-06/10-29-38/overrides.yaml	outputs/2026-10-06/10-29-38/.hydra/overrides.yaml	f9210b093f5b7829	468
hydra/2026-10-06/10-40-56/config.yaml	outputs/2026-10-06/10-40-56/.hydra/config.yaml	f350978592fa8cc3	12731
hydra/2026-10-06/10-40-56/hydra.yaml	outputs/2026-10-06/10-40-56/.hydra/hydra.yaml	b7bd646385526bde	4087
hydra/2026-10-06/10-40-56/overrides.yaml	outputs/2026-10-06/10-40-56/.hydra/overrides.yaml	181e117b6b8e1a45	257
hydra/2026-10-06/10-41-20/config.yaml	outputs/2026-10-06/10-41-20/.hydra/config.yaml	25618a496f53763c	12729
hydra/2026-10-06/10-41-20/hydra.yaml	outputs/2026-10-06/10-41-20/.hydra/hydra.yaml	bcebb4ae96f8814a	4083
hydra/2026-10-06/10-41-20/overrides.yaml	outputs/2026-10-06/10-41-20/.hydra/overrides.yaml	66138f62532e26b6	255
hydra/2026-10-06/10-41-38/config.yaml	outputs/2026-10-06/10-41-38/.hydra/config.yaml	0a3c1cf48449688a	12780
hydra/2026-10-06/10-41-38/hydra.yaml	outputs/2026-10-06/10-41-38/.hydra/hydra.yaml	06118b892f68914b	4521
hydra/2026-10-06/10-41-38/overrides.yaml	outputs/2026-10-06/10-41-38/.hydra/overrides.yaml	6a3de7087af4d89c	466
hydra/2026-10-06/10-45-17/config.yaml	outputs/2026-10-06/10-45-17/.hydra/config.yaml	3a45d4febdc4c094	12784
hydra/2026-10-06/10-45-17/hydra.yaml	outputs/2026-10-06/10-45-17/.hydra/hydra.yaml	bc0642f7532d26c4	4529
hydra/2026-10-06/10-45-17/overrides.yaml	outputs/2026-10-06/10-45-17/.hydra/overrides.yaml	14531da1cbce9ccb	470
hydra/2026-10-06/10-52-01/config.yaml	outputs/2026-10-06/10-52-01/.hydra/config.yaml	566bf11e6ce49dc6	12781
hydra/2026-10-06/10-52-01/hydra.yaml	outputs/2026-10-06/10-52-01/.hydra/hydra.yaml	93b3942822ee2c16	4523
hydra/2026-10-06/10-52-01/overrides.yaml	outputs/2026-10-06/10-52-01/.hydra/overrides.yaml	e637d445b3e29985	467
hydra/2026-10-06/10-59-36/config.yaml	outputs/2026-10-06/10-59-36/.hydra/config.yaml	08591087856d0a65	12734
hydra/2026-10-06/10-59-36/hydra.yaml	outputs/2026-10-06/10-59-36/.hydra/hydra.yaml	4cd7e1ba0a2f1ddd	4466
hydra/2026-10-06/10-59-36/overrides.yaml	outputs/2026-10-06/10-59-36/.hydra/overrides.yaml	f03a1765031c705b	438
hydra/2026-10-06/10-59-37/config.yaml	outputs/2026-10-06/10-59-37/.hydra/config.yaml	a226fd41f684db0e	12710
hydra/2026-10-06/10-59-37/hydra.yaml	outputs/2026-10-06/10-59-37/.hydra/hydra.yaml	a409c5e2742976dc	4418
hydra/2026-10-06/10-59-37/overrides.yaml	outputs/2026-10-06/10-59-37/.hydra/overrides.yaml	f1ec339e9257f502	414
hydra/2026-10-06/10-59-44/config.yaml	outputs/2026-10-06/10-59-44/.hydra/config.yaml	7101f11bd011749b	12732
hydra/2026-10-06/10-59-44/hydra.yaml	outputs/2026-10-06/10-59-44/.hydra/hydra.yaml	bf845b0cd7d9b110	4562
hydra/2026-10-06/10-59-44/overrides.yaml	outputs/2026-10-06/10-59-44/.hydra/overrides.yaml	836470ce712c6805	482
hydra/2026-10-06/10-59-45/config.yaml	outputs/2026-10-06/10-59-45/.hydra/config.yaml	cce28715fada8dfe	12708
hydra/2026-10-06/10-59-45/hydra.yaml	outputs/2026-10-06/10-59-45/.hydra/hydra.yaml	293c5fe0499c7ce6	4514
hydra/2026-10-06/10-59-45/overrides.yaml	outputs/2026-10-06/10-59-45/.hydra/overrides.yaml	ffaa3aea40eb2da6	458
hydra/2026-10-06/11-16-02/config.yaml	outputs/2026-10-06/11-16-02/.hydra/config.yaml	5cb8983e16095751	12712
hydra/2026-10-06/11-16-02/hydra.yaml	outputs/2026-10-06/11-16-02/.hydra/hydra.yaml	8f3dc167bb5b69b9	4416
hydra/2026-10-06/11-16-02/overrides.yaml	outputs/2026-10-06/11-16-02/.hydra/overrides.yaml	451f4775c7ecbc40	413
hydra/2026-10-06/11-16-13/config.yaml	outputs/2026-10-06/11-16-13/.hydra/config.yaml	38e80a1daa7c19b6	12710
hydra/2026-10-06/11-16-13/hydra.yaml	outputs/2026-10-06/11-16-13/.hydra/hydra.yaml	a02a917740024296	4448
hydra/2026-10-06/11-16-13/overrides.yaml	outputs/2026-10-06/11-16-13/.hydra/overrides.yaml	003340b8d20cbaf6	427
hydra/2026-10-06/22-32-47/config.yaml	outputs/2026-10-06/22-32-47/.hydra/config.yaml	addf657295b56b63	12718
hydra/2026-10-06/22-32-47/hydra.yaml	outputs/2026-10-06/22-32-47/.hydra/hydra.yaml	80d940e6ebd80a90	4746
hydra/2026-10-06/22-32-47/overrides.yaml	outputs/2026-10-06/22-32-47/.hydra/overrides.yaml	f5fd656d016497d3	496
hydra/2026-10-06/22-32-53/config.yaml	outputs/2026-10-06/22-32-53/.hydra/config.yaml	6a9ba08f700c7ac0	12716
hydra/2026-10-06/22-32-53/hydra.yaml	outputs/2026-10-06/22-32-53/.hydra/hydra.yaml	4c3fd7ded41b71ce	4800
hydra/2026-10-06/22-32-53/overrides.yaml	outputs/2026-10-06/22-32-53/.hydra/overrides.yaml	5c272a95afe53a39	520
hydra/2026-10-06/23-39-54/config.yaml	outputs/2026-10-06/23-39-54/.hydra/config.yaml	bc7a91b173997a85	12725
hydra/2026-10-06/23-39-54/hydra.yaml	outputs/2026-10-06/23-39-54/.hydra/hydra.yaml	64beadeb94af2f19	4075
hydra/2026-10-06/23-39-54/overrides.yaml	outputs/2026-10-06/23-39-54/.hydra/overrides.yaml	dcf10a575c9b05b0	251
hydra/2026-10-06/23-40-14/config.yaml	outputs/2026-10-06/23-40-14/.hydra/config.yaml	5830bac1dab3d553	12723
hydra/2026-10-06/23-40-14/hydra.yaml	outputs/2026-10-06/23-40-14/.hydra/hydra.yaml	603329fc9a04cd17	4071
hydra/2026-10-06/23-40-14/overrides.yaml	outputs/2026-10-06/23-40-14/.hydra/overrides.yaml	3580248b34ba7fd6	249
hydra/2026-10-06/23-40-30/config.yaml	outputs/2026-10-06/23-40-30/.hydra/config.yaml	ac4a0c770af12c90	12774
hydra/2026-10-06/23-40-30/hydra.yaml	outputs/2026-10-06/23-40-30/.hydra/hydra.yaml	f30dd8a5201fd362	4509
hydra/2026-10-06/23-40-30/overrides.yaml	outputs/2026-10-06/23-40-30/.hydra/overrides.yaml	35c79150f38b7b7e	460
hydra/2026-10-06/23-44-03/config.yaml	outputs/2026-10-06/23-44-03/.hydra/config.yaml	c8e53f4a6f5acfbe	12778
hydra/2026-10-06/23-44-03/hydra.yaml	outputs/2026-10-06/23-44-03/.hydra/hydra.yaml	fdfe6bfdf1712e9f	4517
hydra/2026-10-06/23-44-03/overrides.yaml	outputs/2026-10-06/23-44-03/.hydra/overrides.yaml	45eb180b2d2bd358	464
hydra/2026-10-06/23-50-02/config.yaml	outputs/2026-10-06/23-50-02/.hydra/config.yaml	0074844d55a27369	12775
hydra/2026-10-06/23-50-02/hydra.yaml	outputs/2026-10-06/23-50-02/.hydra/hydra.yaml	7915c7a2ecc825c1	4511
hydra/2026-10-06/23-50-02/overrides.yaml	outputs/2026-10-06/23-50-02/.hydra/overrides.yaml	8953758c78b1592a	461
hydra/2026-10-07/00-13-09/config.yaml	outputs/2026-10-07/00-13-09/.hydra/config.yaml	c6d6235b56934520	12729
hydra/2026-10-07/00-13-09/hydra.yaml	outputs/2026-10-07/00-13-09/.hydra/hydra.yaml	d4ccdad9d73c0084	4083
hydra/2026-10-07/00-13-09/overrides.yaml	outputs/2026-10-07/00-13-09/.hydra/overrides.yaml	a41d8eaded9c82d6	255
hydra/2026-10-07/00-13-28/config.yaml	outputs/2026-10-07/00-13-28/.hydra/config.yaml	a11caea16246bbb8	12727
hydra/2026-10-07/00-13-28/hydra.yaml	outputs/2026-10-07/00-13-28/.hydra/hydra.yaml	b2b995bdff61c6b1	4079
hydra/2026-10-07/00-13-28/overrides.yaml	outputs/2026-10-07/00-13-28/.hydra/overrides.yaml	6d2ed43ae73483d4	253
hydra/2026-10-07/00-13-44/config.yaml	outputs/2026-10-07/00-13-44/.hydra/config.yaml	0922fc2302af58e0	12778
hydra/2026-10-07/00-13-44/hydra.yaml	outputs/2026-10-07/00-13-44/.hydra/hydra.yaml	e6b7104618787e52	4517
hydra/2026-10-07/00-13-44/overrides.yaml	outputs/2026-10-07/00-13-44/.hydra/overrides.yaml	4b3483a8cf4a52e3	464
hydra/2026-10-07/00-17-00/config.yaml	outputs/2026-10-07/00-17-00/.hydra/config.yaml	733d8dad0550a30c	12782
hydra/2026-10-07/00-17-00/hydra.yaml	outputs/2026-10-07/00-17-00/.hydra/hydra.yaml	70d1f6e87bf633c7	4525
hydra/2026-10-07/00-17-00/overrides.yaml	outputs/2026-10-07/00-17-00/.hydra/overrides.yaml	597d0e68142fe0e6	468
hydra/2026-10-07/00-23-02/config.yaml	outputs/2026-10-07/00-23-02/.hydra/config.yaml	79d90dc200647720	12779
hydra/2026-10-07/00-23-02/hydra.yaml	outputs/2026-10-07/00-23-02/.hydra/hydra.yaml	366348001b4d3e2a	4519
hydra/2026-10-07/00-23-02/overrides.yaml	outputs/2026-10-07/00-23-02/.hydra/overrides.yaml	5354aee7440a1fad	465
hydra/2026-10-07/18-02-22/config.yaml	outputs/2026-10-07/18-02-22/.hydra/config.yaml	6bcf2603e7efe996	12722
hydra/2026-10-07/18-02-22/hydra.yaml	outputs/2026-10-07/18-02-22/.hydra/hydra.yaml	c56638971ed18012	4592
hydra/2026-10-07/18-02-22/overrides.yaml	outputs/2026-10-07/18-02-22/.hydra/overrides.yaml	0dd0a9b4278daa2f	409
hydra/2026-10-07/18-02-29/config.yaml	outputs/2026-10-07/18-02-29/.hydra/config.yaml	85a89fffc3106d5f	12720
hydra/2026-10-07/18-02-29/hydra.yaml	outputs/2026-10-07/18-02-29/.hydra/hydra.yaml	f4ca6b4b6779cb8f	4460
hydra/2026-10-07/18-02-29/overrides.yaml	outputs/2026-10-07/18-02-29/.hydra/overrides.yaml	5979f7320ba9a4ce	433
hydra/2026-10-07/18-04-06/config.yaml	outputs/2026-10-07/18-04-06/.hydra/config.yaml	4c5fc15747b68e06	12727
hydra/2026-10-07/18-04-06/hydra.yaml	outputs/2026-10-07/18-04-06/.hydra/hydra.yaml	db3c9b19bb30a341	4079
hydra/2026-10-07/18-04-06/overrides.yaml	outputs/2026-10-07/18-04-06/.hydra/overrides.yaml	04821d5272289356	253
hydra/2026-10-07/18-04-33/config.yaml	outputs/2026-10-07/18-04-33/.hydra/config.yaml	f122f2e656a0d5df	12725
hydra/2026-10-07/18-04-33/hydra.yaml	outputs/2026-10-07/18-04-33/.hydra/hydra.yaml	a8f15d2c2708c559	4075
hydra/2026-10-07/18-04-33/overrides.yaml	outputs/2026-10-07/18-04-33/.hydra/overrides.yaml	6464a5b73723687c	251
hydra/2026-10-07/18-04-56/config.yaml	outputs/2026-10-07/18-04-56/.hydra/config.yaml	2095f1b4ff0f3eaf	12776
hydra/2026-10-07/18-04-56/hydra.yaml	outputs/2026-10-07/18-04-56/.hydra/hydra.yaml	75ed8de6cb6948df	4513
hydra/2026-10-07/18-04-56/overrides.yaml	outputs/2026-10-07/18-04-56/.hydra/overrides.yaml	eaab8dd4439275eb	462
hydra/2026-10-07/18-09-15/config.yaml	outputs/2026-10-07/18-09-15/.hydra/config.yaml	26c85f32bb8c3c33	12777
hydra/2026-10-07/18-09-15/hydra.yaml	outputs/2026-10-07/18-09-15/.hydra/hydra.yaml	9fb227143c8c854b	4515
hydra/2026-10-07/18-09-15/overrides.yaml	outputs/2026-10-07/18-09-15/.hydra/overrides.yaml	bfdb019dc404fc74	463
hydra/2026-10-07/18-52-06/config.yaml	outputs/2026-10-07/18-52-06/.hydra/config.yaml	733341872210ffbd	12727
hydra/2026-10-07/18-52-06/hydra.yaml	outputs/2026-10-07/18-52-06/.hydra/hydra.yaml	cecb1b34d62268b6	4079
hydra/2026-10-07/18-52-06/overrides.yaml	outputs/2026-10-07/18-52-06/.hydra/overrides.yaml	d11fdec06e360a7e	253
hydra/2026-10-07/18-52-26/config.yaml	outputs/2026-10-07/18-52-26/.hydra/config.yaml	d430011f930d0648	12725
hydra/2026-10-07/18-52-26/hydra.yaml	outputs/2026-10-07/18-52-26/.hydra/hydra.yaml	0091cd27a0a86620	4075
hydra/2026-10-07/18-52-26/overrides.yaml	outputs/2026-10-07/18-52-26/.hydra/overrides.yaml	f6a1fb72312d73d4	251
hydra/2026-10-07/18-52-41/config.yaml	outputs/2026-10-07/18-52-41/.hydra/config.yaml	1131f9c48648998a	12735
hydra/2026-10-07/18-52-41/hydra.yaml	outputs/2026-10-07/18-52-41/.hydra/hydra.yaml	39e803b82a7e6437	4431
hydra/2026-10-07/18-52-41/overrides.yaml	outputs/2026-10-07/18-52-41/.hydra/overrides.yaml	02323fe7ff991bc4	421
hydra/2026-10-07/18-52-48/config.yaml	outputs/2026-10-07/18-52-48/.hydra/config.yaml	6ccb3039b0615e88	12741
hydra/2026-10-07/18-52-48/hydra.yaml	outputs/2026-10-07/18-52-48/.hydra/hydra.yaml	4bc9143c55ab89fd	4443
hydra/2026-10-07/18-52-48/overrides.yaml	outputs/2026-10-07/18-52-48/.hydra/overrides.yaml	629e8759a43078e8	427
hydra/2026-10-07/18-52-55/config.yaml	outputs/2026-10-07/18-52-55/.hydra/config.yaml	c46a9b1abe748dab	12735
hydra/2026-10-07/18-52-55/hydra.yaml	outputs/2026-10-07/18-52-55/.hydra/hydra.yaml	20bb14118dc489c0	4431
hydra/2026-10-07/18-52-55/overrides.yaml	outputs/2026-10-07/18-52-55/.hydra/overrides.yaml	768c04722c4e2e98	421
hydra/2026-10-07/18-53-02/config.yaml	outputs/2026-10-07/18-53-02/.hydra/config.yaml	2da6eb65b4ad878e	12725
hydra/2026-10-07/18-53-02/hydra.yaml	outputs/2026-10-07/18-53-02/.hydra/hydra.yaml	c0a897b2cc18b9a0	4075
hydra/2026-10-07/18-53-02/overrides.yaml	outputs/2026-10-07/18-53-02/.hydra/overrides.yaml	e42a85b97386b2b7	251
hydra/2026-10-07/18-53-22/config.yaml	outputs/2026-10-07/18-53-22/.hydra/config.yaml	52c5b55aee321624	12723
hydra/2026-10-07/18-53-22/hydra.yaml	outputs/2026-10-07/18-53-22/.hydra/hydra.yaml	5069b65852547e4b	4071
hydra/2026-10-07/18-53-22/overrides.yaml	outputs/2026-10-07/18-53-22/.hydra/overrides.yaml	6fe52cdbcf81bc75	249
hydra/2026-10-07/18-53-38/config.yaml	outputs/2026-10-07/18-53-38/.hydra/config.yaml	e54ad467b54ecbf9	12733
hydra/2026-10-07/18-53-38/hydra.yaml	outputs/2026-10-07/18-53-38/.hydra/hydra.yaml	39091989a826c817	4427
hydra/2026-10-07/18-53-38/overrides.yaml	outputs/2026-10-07/18-53-38/.hydra/overrides.yaml	f211e7e936234d9f	419
hydra/2026-10-07/18-53-45/config.yaml	outputs/2026-10-07/18-53-45/.hydra/config.yaml	aecb9901225ad803	12739
hydra/2026-10-07/18-53-45/hydra.yaml	outputs/2026-10-07/18-53-45/.hydra/hydra.yaml	b91f4241249db0d3	4439
hydra/2026-10-07/18-53-45/overrides.yaml	outputs/2026-10-07/18-53-45/.hydra/overrides.yaml	56d265493a17e935	425
hydra/2026-10-07/18-53-52/config.yaml	outputs/2026-10-07/18-53-52/.hydra/config.yaml	9d585be6dea60876	12733
hydra/2026-10-07/18-53-52/hydra.yaml	outputs/2026-10-07/18-53-52/.hydra/hydra.yaml	c8f685e0b11a89bc	4427
hydra/2026-10-07/18-53-52/overrides.yaml	outputs/2026-10-07/18-53-52/.hydra/overrides.yaml	05f4cd1cd52019c3	419
hydra/2026-10-07/18-56-28/config.yaml	outputs/2026-10-07/18-56-28/.hydra/config.yaml	9cd0a6d158a2cd44	12776
hydra/2026-10-07/18-56-28/hydra.yaml	outputs/2026-10-07/18-56-28/.hydra/hydra.yaml	89e6ed40828ecc66	4513
hydra/2026-10-07/18-56-28/overrides.yaml	outputs/2026-10-07/18-56-28/.hydra/overrides.yaml	9db25265a79ff55f	462
hydra/2026-10-07/18-59-43/config.yaml	outputs/2026-10-07/18-59-43/.hydra/config.yaml	be3d70c03265b321	12780
hydra/2026-10-07/18-59-43/hydra.yaml	outputs/2026-10-07/18-59-43/.hydra/hydra.yaml	3d01864dd34b1041	4521
hydra/2026-10-07/18-59-43/overrides.yaml	outputs/2026-10-07/18-59-43/.hydra/overrides.yaml	2d752bc132bd0215	466
hydra/2026-10-07/19-05-45/config.yaml	outputs/2026-10-07/19-05-45/.hydra/config.yaml	d3fb7f6c91c59292	12777
hydra/2026-10-07/19-05-45/hydra.yaml	outputs/2026-10-07/19-05-45/.hydra/hydra.yaml	590d01241db5be1e	4515
hydra/2026-10-07/19-05-45/overrides.yaml	outputs/2026-10-07/19-05-45/.hydra/overrides.yaml	6060cae38a5bc738	463
hydra/2026-10-07/19-28-54/config.yaml	outputs/2026-10-07/19-28-54/.hydra/config.yaml	fd7d9b7c97dde682	12774
hydra/2026-10-07/19-28-54/hydra.yaml	outputs/2026-10-07/19-28-54/.hydra/hydra.yaml	f8970bb8f204c880	4509
hydra/2026-10-07/19-28-54/overrides.yaml	outputs/2026-10-07/19-28-54/.hydra/overrides.yaml	205303495fce0219	460
hydra/2026-10-07/19-32-10/config.yaml	outputs/2026-10-07/19-32-10/.hydra/config.yaml	940fcda586f56ccc	12778
hydra/2026-10-07/19-32-10/hydra.yaml	outputs/2026-10-07/19-32-10/.hydra/hydra.yaml	2aefc7a62f78b497	4517
hydra/2026-10-07/19-32-10/overrides.yaml	outputs/2026-10-07/19-32-10/.hydra/overrides.yaml	6c29b12c7e7a1854	464
hydra/2026-10-07/19-38-12/config.yaml	outputs/2026-10-07/19-38-12/.hydra/config.yaml	0f2ecf8be821173c	12775
hydra/2026-10-07/19-38-12/hydra.yaml	outputs/2026-10-07/19-38-12/.hydra/hydra.yaml	aa0393998bb3e575	4511
hydra/2026-10-07/19-38-12/overrides.yaml	outputs/2026-10-07/19-38-12/.hydra/overrides.yaml	2047399f5eb88af5	461
hydra/2026-10-08/10-29-18/config.yaml	outputs/2026-10-08/10-29-18/.hydra/config.yaml	8e3f5bde0de9ee23	12744
hydra/2026-10-08/10-29-18/hydra.yaml	outputs/2026-10-08/10-29-18/.hydra/hydra.yaml	067de7eba07db3e8	4732
hydra/2026-10-08/10-29-18/overrides.yaml	outputs/2026-10-08/10-29-18/.hydra/overrides.yaml	c9ffd1660bec35a1	569
hydra/2026-10-08/10-29-24/config.yaml	outputs/2026-10-08/10-29-24/.hydra/config.yaml	26c290186a65247b	12742
hydra/2026-10-08/10-29-24/hydra.yaml	outputs/2026-10-08/10-29-24/.hydra/hydra.yaml	b1e1962e95375c28	4786
hydra/2026-10-08/10-29-24/overrides.yaml	outputs/2026-10-08/10-29-24/.hydra/overrides.yaml	de8f33bba5d8fcc7	593
hydra/2026-10-08/11-20-12/config.yaml	outputs/2026-10-08/11-20-12/.hydra/config.yaml	cc49c5973b661f39	12738
hydra/2026-10-08/11-20-12/hydra.yaml	outputs/2026-10-08/11-20-12/.hydra/hydra.yaml	28977b576a0bef03	4101
hydra/2026-10-08/11-20-12/overrides.yaml	outputs/2026-10-08/11-20-12/.hydra/overrides.yaml	35b02dc3f5cf03a8	264
hydra/2026-10-08/11-20-20/config.yaml	outputs/2026-10-08/11-20-20/.hydra/config.yaml	58a45b000a20bcc2	12736
hydra/2026-10-08/11-20-20/hydra.yaml	outputs/2026-10-08/11-20-20/.hydra/hydra.yaml	9c2fc3021c69867f	4097
hydra/2026-10-08/11-20-20/overrides.yaml	outputs/2026-10-08/11-20-20/.hydra/overrides.yaml	dd0eb521d7a75ea9	262
hydra/2026-10-08/11-20-28/config.yaml	outputs/2026-10-08/11-20-28/.hydra/config.yaml	c770726eb77fae14	12787
hydra/2026-10-08/11-20-28/hydra.yaml	outputs/2026-10-08/11-20-28/.hydra/hydra.yaml	5052da66bafc764d	4535
hydra/2026-10-08/11-20-28/overrides.yaml	outputs/2026-10-08/11-20-28/.hydra/overrides.yaml	a536966941e7e9d7	473
hydra/2026-10-08/11-20-36/config.yaml	outputs/2026-10-08/11-20-36/.hydra/config.yaml	88762be48bce279f	12791
hydra/2026-10-08/11-20-36/hydra.yaml	outputs/2026-10-08/11-20-36/.hydra/hydra.yaml	ccecb1c9a6bbfda0	4543
hydra/2026-10-08/11-20-36/overrides.yaml	outputs/2026-10-08/11-20-36/.hydra/overrides.yaml	00a2a628cc00cf87	477
hydra/2026-10-08/11-20-44/config.yaml	outputs/2026-10-08/11-20-44/.hydra/config.yaml	e37dbbe996a3ed10	12788
hydra/2026-10-08/11-20-44/hydra.yaml	outputs/2026-10-08/11-20-44/.hydra/hydra.yaml	20ee8023c9242d41	4537
hydra/2026-10-08/11-20-44/overrides.yaml	outputs/2026-10-08/11-20-44/.hydra/overrides.yaml	1eb523606eda0970	474
hydra/2026-10-08/11-20-56/config.yaml	outputs/2026-10-08/11-20-56/.hydra/config.yaml	610fcfd18325100d	12740
hydra/2026-10-08/11-20-56/hydra.yaml	outputs/2026-10-08/11-20-56/.hydra/hydra.yaml	506ed88c8b70fb54	4105
hydra/2026-10-08/11-20-56/overrides.yaml	outputs/2026-10-08/11-20-56/.hydra/overrides.yaml	781018ff2c0533d1	266
hydra/2026-10-08/11-21-04/config.yaml	outputs/2026-10-08/11-21-04/.hydra/config.yaml	ba61736a743402ce	12738
hydra/2026-10-08/11-21-04/hydra.yaml	outputs/2026-10-08/11-21-04/.hydra/hydra.yaml	e40d96622067018a	4101
hydra/2026-10-08/11-21-04/overrides.yaml	outputs/2026-10-08/11-21-04/.hydra/overrides.yaml	1cc0ffd527fd8373	264
hydra/2026-10-08/11-21-12/config.yaml	outputs/2026-10-08/11-21-12/.hydra/config.yaml	839544630a53e0c6	12789
hydra/2026-10-08/11-21-12/hydra.yaml	outputs/2026-10-08/11-21-12/.hydra/hydra.yaml	7843d482f597e76a	4539
hydra/2026-10-08/11-21-12/overrides.yaml	outputs/2026-10-08/11-21-12/.hydra/overrides.yaml	81180b1633dfc31c	475
hydra/2026-10-08/11-21-20/config.yaml	outputs/2026-10-08/11-21-20/.hydra/config.yaml	60b1dc0b46f7975f	12793
hydra/2026-10-08/11-21-20/hydra.yaml	outputs/2026-10-08/11-21-20/.hydra/hydra.yaml	d58a420af0d843c4	4547
hydra/2026-10-08/11-21-20/overrides.yaml	outputs/2026-10-08/11-21-20/.hydra/overrides.yaml	3247ab8dfb2951cb	479
hydra/2026-10-08/11-21-29/config.yaml	outputs/2026-10-08/11-21-29/.hydra/config.yaml	cee701c9958963a0	12790
hydra/2026-10-08/11-21-29/hydra.yaml	outputs/2026-10-08/11-21-29/.hydra/hydra.yaml	e24cbe6ef86fcc75	4541
hydra/2026-10-08/11-21-29/overrides.yaml	outputs/2026-10-08/11-21-29/.hydra/overrides.yaml	757a285b7f523af2	476
hydra/2026-10-08/14-33-09/config.yaml	outputs/2026-10-08/14-33-09/.hydra/config.yaml	446e7d2ea5057466	12738
hydra/2026-10-08/14-33-09/hydra.yaml	outputs/2026-10-08/14-33-09/.hydra/hydra.yaml	d171fd8063835899	4197
hydra/2026-10-08/14-33-09/overrides.yaml	outputs/2026-10-08/14-33-09/.hydra/overrides.yaml	7ab052a330737abc	311
hydra/2026-10-08/14-33-28/config.yaml	outputs/2026-10-08/14-33-28/.hydra/config.yaml	fb6dcb886dbf4aaf	12736
hydra/2026-10-08/14-33-28/hydra.yaml	outputs/2026-10-08/14-33-28/.hydra/hydra.yaml	6a07bce28c33936e	4193
hydra/2026-10-08/14-33-28/overrides.yaml	outputs/2026-10-08/14-33-28/.hydra/overrides.yaml	d9ebe281c934dcda	309
hydra/2026-10-08/14-33-43/config.yaml	outputs/2026-10-08/14-33-43/.hydra/config.yaml	a60f324d0618da06	12787
hydra/2026-10-08/14-33-43/hydra.yaml	outputs/2026-10-08/14-33-43/.hydra/hydra.yaml	3ed4fcb32d9337da	4631
hydra/2026-10-08/14-33-43/overrides.yaml	outputs/2026-10-08/14-33-43/.hydra/overrides.yaml	3a7fb3be0b359078	520
hydra/2026-10-08/14-36-57/config.yaml	outputs/2026-10-08/14-36-57/.hydra/config.yaml	398b8d0e299db168	12791
hydra/2026-10-08/14-36-57/hydra.yaml	outputs/2026-10-08/14-36-57/.hydra/hydra.yaml	4ee2f2f1454ab752	4639
hydra/2026-10-08/14-36-57/overrides.yaml	outputs/2026-10-08/14-36-57/.hydra/overrides.yaml	6db7b6bfc98442b3	524
hydra/2026-10-08/14-43-39/config.yaml	outputs/2026-10-08/14-43-39/.hydra/config.yaml	e1ecab0c4d167d6d	12788
hydra/2026-10-08/14-43-39/hydra.yaml	outputs/2026-10-08/14-43-39/.hydra/hydra.yaml	eeec1dd4b3b65254	4633
hydra/2026-10-08/14-43-39/overrides.yaml	outputs/2026-10-08/14-43-39/.hydra/overrides.yaml	ce6482362b486630	521
lightning/exp/stage2_adapt_v42/c1_encfull/joint/logs/adapt_hey_eva_v42_joint_encoder_qbyt_full/version_0/hparams.yaml	data/dma-kws/exp/stage2_adapt_v42/c1_encfull/joint/logs/adapt_hey_eva_v42_joint_encoder_qbyt_full/version_0/hparams.yaml	62de3ce6a9622d9f	1617
lightning/exp/stage2_adapt_v42/c1_qbytfull/joint/logs/adapt_hey_eva_v42_joint_qbyt_full/version_0/hparams.yaml	data/dma-kws/exp/stage2_adapt_v42/c1_qbytfull/joint/logs/adapt_hey_eva_v42_joint_qbyt_full/version_0/hparams.yaml	21bf78f190726eae	1475
lightning/exp/stage2_adapt_v42/gsstream_encfull/joint/logs/adapt_hey_eva_v42_joint_encoder_qbyt_full/version_0/hparams.yaml	data/dma-kws/exp/stage2_adapt_v42/gsstream_encfull/joint/logs/adapt_hey_eva_v42_joint_encoder_qbyt_full/version_0/hparams.yaml	709f8c676737f40d	1639
lightning/exp/stage2_adapt_v42/gsstream_qbytfull/joint/logs/adapt_hey_eva_v42_joint_qbyt_full/version_0/hparams.yaml	data/dma-kws/exp/stage2_adapt_v42/gsstream_qbytfull/joint/logs/adapt_hey_eva_v42_joint_qbyt_full/version_0/hparams.yaml	ba63ef0085d3ebad	1497
lightning/exp/stage2_adapt_v42/hey_eva/real/logs/adapt_hey_eva_v42_real/version_0/hparams.yaml	data/dma-kws/exp/stage2_adapt_v42/hey_eva/real/logs/adapt_hey_eva_v42_real/version_0/hparams.yaml	176046fd0c53850d	1154
lightning/exp/stage2_adapt_v42/hey_eva/tts/logs/adapt_hey_eva_v42_tts/version_0/hparams.yaml	data/dma-kws/exp/stage2_adapt_v42/hey_eva/tts/logs/adapt_hey_eva_v42_tts/version_0/hparams.yaml	153c2fa29373dedd	1149
lightning/exp/stage2_adapt_v42/hey_eva_joint/joint/logs/adapt_hey_eva_v42_joint/version_0/hparams.yaml	data/dma-kws/exp/stage2_adapt_v42/hey_eva_joint/joint/logs/adapt_hey_eva_v42_joint/version_0/hparams.yaml	d1686eb2d9c6426a	1473
lightning/exp/stage2_adapt_v42/hey_eva_joint_r1/joint/logs/adapt_hey_eva_v42_joint/version_0/hparams.yaml	data/dma-kws/exp/stage2_adapt_v42/hey_eva_joint_r1/joint/logs/adapt_hey_eva_v42_joint/version_0/hparams.yaml	31e6092ae5032326	1470
lightning/exp/stage2_adapt_v42/hey_eva_joint_r1_enc/joint/logs/adapt_hey_eva_v42_joint_encoder_qbyt_full/version_0/hparams.yaml	data/dma-kws/exp/stage2_adapt_v42/hey_eva_joint_r1_enc/joint/logs/adapt_hey_eva_v42_joint_encoder_qbyt_full/version_0/hparams.yaml	f5a656c35331afe4	1621
lightning/exp/stage2_adapt_v42/hey_eva_realonly/real/logs/adapt_hey_eva_v42_real/version_0/hparams.yaml	data/dma-kws/exp/stage2_adapt_v42/hey_eva_realonly/real/logs/adapt_hey_eva_v42_real/version_0/hparams.yaml	f9a59621829759a9	1163
lightning/exp/stage2_adapt_v42/hey_eva_repair/real/logs/adapt_hey_eva_v42_real/version_0/hparams.yaml	data/dma-kws/exp/stage2_adapt_v42/hey_eva_repair/real/logs/adapt_hey_eva_v42_real/version_0/hparams.yaml	c73a895d5c258e48	1161
lightning/exp/stage2_adapt_v42/r1_lora_best/joint/logs/adapt_hey_eva_v42_joint/version_0/hparams.yaml	data/dma-kws/exp/stage2_adapt_v42/r1_lora_best/joint/logs/adapt_hey_eva_v42_joint/version_0/hparams.yaml	630e218d2be7b971	1466
lightning/exp/stage2_adapt_v42/r1_qbytfull/joint/logs/adapt_hey_eva_v42_joint_qbyt_full/version_0/hparams.yaml	data/dma-kws/exp/stage2_adapt_v42/r1_qbytfull/joint/logs/adapt_hey_eva_v42_joint_qbyt_full/version_0/hparams.yaml	9eb3a4e8c0e8cfdf	1469
lightning/exp/stage2_adapt_v42/r1enc_gentle/joint/logs/adapt_hey_eva_v42_joint_encoder_qbyt_full/version_0/hparams.yaml	data/dma-kws/exp/stage2_adapt_v42/r1enc_gentle/joint/logs/adapt_hey_eva_v42_joint_encoder_qbyt_full/version_0/hparams.yaml	dc1687c019335357	1613
lightning/exp/stage2_adapt_v42/r1enc_tail/joint/logs/adapt_hey_eva_v42_joint_encoder_qbyt_full/version_0/hparams.yaml	data/dma-kws/exp/stage2_adapt_v42/r1enc_tail/joint/logs/adapt_hey_eva_v42_joint_encoder_qbyt_full/version_0/hparams.yaml	53572f6a45af666f	1611
lightning/exp/stage2_adapt_v42/screen_bare_r16/joint/logs/adapt_hey_eva_v42_joint/version_0/hparams.yaml	data/dma-kws/exp/stage2_adapt_v42/screen_bare_r16/joint/logs/adapt_hey_eva_v42_joint/version_0/hparams.yaml	fd933ff424523a01	1492
lightning/exp/stage2_adapt_v42/screen_r16_1e3/joint/logs/adapt_hey_eva_v42_joint/version_0/hparams.yaml	data/dma-kws/exp/stage2_adapt_v42/screen_r16_1e3/joint/logs/adapt_hey_eva_v42_joint/version_0/hparams.yaml	6c5c29b1e0c51b8e	1466
lightning/exp/stage2_adapt_v42/screen_r64_1e3/joint/logs/adapt_hey_eva_v42_joint/version_0/hparams.yaml	data/dma-kws/exp/stage2_adapt_v42/screen_r64_1e3/joint/logs/adapt_hey_eva_v42_joint/version_0/hparams.yaml	7179b2bc27a80f87	1467
lightning/exp/stage2_adapt_v42/screen_r64_4e4/joint/logs/adapt_hey_eva_v42_joint/version_0/hparams.yaml	data/dma-kws/exp/stage2_adapt_v42/screen_r64_4e4/joint/logs/adapt_hey_eva_v42_joint/version_0/hparams.yaml	947aba9241367bb0	1468
lightning/exp/stage2_qbyt/ablations/A0-control/version_0/hparams.yaml	data/dma-kws/exp/stage2_qbyt/ablations/A0-control/logs/A0-control/version_0/hparams.yaml	7c06715f721c0f36	1567
lightning/exp/stage2_qbyt/ablations/A1-sink-additive/version_0/hparams.yaml	data/dma-kws/exp/stage2_qbyt/ablations/A1-sink-additive/logs/A1-sink-additive/version_0/hparams.yaml	e2e6ee62ca2d5314	1585
lightning/exp/stage2_qbyt/ablations/A2-sink-mixture/version_0/hparams.yaml	data/dma-kws/exp/stage2_qbyt/ablations/A2-sink-mixture/logs/A2-sink-mixture/version_0/hparams.yaml	9b413ee4f72ea8b3	1582
lightning/exp/stage2_qbyt/ablations/A3-temp-fixed-0p1/version_0/hparams.yaml	data/dma-kws/exp/stage2_qbyt/ablations/A3-temp-fixed-0p1/logs/A3-temp-fixed-0p1/version_0/hparams.yaml	40731d8d282105ca	1588
lightning/exp/stage2_qbyt/ablations/A4-temp-learnable/version_0/hparams.yaml	data/dma-kws/exp/stage2_qbyt/ablations/A4-temp-learnable/logs/A4-temp-learnable/version_0/hparams.yaml	123a5013f8f8b521	1588
lightning/exp/stage2_qbyt/ablations/A5-sink-identity/version_0/hparams.yaml	data/dma-kws/exp/stage2_qbyt/ablations/A5-sink-identity/logs/A5-sink-identity/version_0/hparams.yaml	ac0e7054c907b977	1585
lightning/exp/stage2_qbyt/ablations_b/B0-control-lr2e4/version_0/hparams.yaml	data/dma-kws/exp/stage2_qbyt/ablations_b/B0-control-lr2e4/logs/B0-control-lr2e4/version_0/hparams.yaml	82f1afc540cd1320	1586
lightning/exp/stage2_qbyt/ablations_b/B1-additive-zero/version_0/hparams.yaml	data/dma-kws/exp/stage2_qbyt/ablations_b/B1-additive-zero/logs/B1-additive-zero/version_0/hparams.yaml	191aa3a173da4432	1586
lightning/exp/stage2_qbyt/ablations_b/B2-mixture-zero/version_0/hparams.yaml	data/dma-kws/exp/stage2_qbyt/ablations_b/B2-mixture-zero/logs/B2-mixture-zero/version_0/hparams.yaml	f36efba244410ba2	1583
lightning/exp/stage2_qbyt/ablations_b/B3-additive-zero-temp01/version_0/hparams.yaml	data/dma-kws/exp/stage2_qbyt/ablations_b/B3-additive-zero-temp01/logs/B3-additive-zero-temp01/version_0/hparams.yaml	bb6c26a93a658454	1607
lightning/exp/stage2_qbyt/final/C1-notail-50k/version_0/hparams.yaml	data/dma-kws/exp/stage2_qbyt/final/C1-notail-50k/logs/C1-notail-50k/version_0/hparams.yaml	16827a030182ff8a	1540
lightning/exp/stage2_qbyt/final/C1-sink-50k/version_0/hparams.yaml	data/dma-kws/exp/stage2_qbyt/final/C1-sink-50k/logs/C1-sink-50k/version_0/hparams.yaml	136d4adf39a6d1b3	1534
lightning/exp/stage2_qbyt/final/C1E-cvaroff-50k/version_0/hparams.yaml	data/dma-kws/exp/stage2_qbyt/final/C1E-cvaroff-50k/logs/C1E-cvaroff-50k/version_0/hparams.yaml	d2a51db11a1361ec	1546
lightning/exp/stage2_qbyt/final/C2-sinusoidal-50k/version_0/hparams.yaml	data/dma-kws/exp/stage2_qbyt/final/C2-sinusoidal-50k/logs/C2-sinusoidal-50k/version_0/hparams.yaml	9efa684889417ef8	1552
lightning/exp/stage2_qbyt/final/C3-sinkloss-50k/version_0/hparams.yaml	data/dma-kws/exp/stage2_qbyt/final/C3-sinkloss-50k/logs/C3-sinkloss-50k/version_0/hparams.yaml	9159bd3864b4f815	1546
lightning/exp/stage2_qbyt/final/P1-paper-50k/version_0/hparams.yaml	data/dma-kws/exp/stage2_qbyt/final/P1-paper-50k/logs/P1-paper-50k/version_0/hparams.yaml	8531f8e705f76eec	1538
lightning/exp/stage2_qbyt/final/P2-hardneg100-frozen/version_0/hparams.yaml	data/dma-kws/exp/stage2_qbyt/final/P2-hardneg100-frozen/logs/P2-hardneg100-frozen/version_0/hparams.yaml	9d42fd6bd45f6a26	1561
lightning/exp/stage2_qbyt/final/P3-unfreeze-1to1/version_0/hparams.yaml	data/dma-kws/exp/stage2_qbyt/final/P3-unfreeze-1to1/logs/P3-unfreeze-1to1/version_0/hparams.yaml	134af6ff8c531405	1551
lightning/exp/stage2_qbyt/final/R1-unfreeze-hardneg100/version_0/hparams.yaml	data/dma-kws/exp/stage2_qbyt/final/R1-unfreeze-hardneg100/logs/R1-unfreeze-hardneg100/version_0/hparams.yaml	896ea7a2bad4234a	1589
lightning/exp/stage2_qbyt/improve/H1-hardneg100/version_0/hparams.yaml	data/dma-kws/exp/stage2_qbyt/improve/H1-hardneg100/logs/H1-hardneg100/version_0/hparams.yaml	12fd0db82fd45ce8	1565
lightning/exp/stage2_qbyt/improve/H2-hardneg100-unfreeze/version_0/hparams.yaml	data/dma-kws/exp/stage2_qbyt/improve/H2-hardneg100-unfreeze/logs/H2-hardneg100-unfreeze/version_0/hparams.yaml	b53df2e2358a0f5a	1594
lightning/exp/stage2_qbyt/improve/U1-unfreeze-lr2e5/version_0/hparams.yaml	data/dma-kws/exp/stage2_qbyt/improve/U1-unfreeze-lr2e5/logs/U1-unfreeze-lr2e5/version_0/hparams.yaml	deb48929f6045797	1579
lightning/exp/stage2_qbyt/improve/U2-unfreeze-lr5e5/version_0/hparams.yaml	data/dma-kws/exp/stage2_qbyt/improve/U2-unfreeze-lr5e5/logs/U2-unfreeze-lr5e5/version_0/hparams.yaml	e2c4b9220956b613	1579
lightning/exp/stage2_qbyt/logs/icefall-zipformer-frozen-eps-softmin-v41-musan-cached/icefall-zipformer-frozen-eps-softmin-v41-musan-cached/version_0/hparams.yaml	data/dma-kws/exp/stage2_qbyt/logs/icefall-zipformer-frozen-eps-softmin-v41-musan-cached/icefall-zipformer-frozen-eps-softmin-v41-musan-cached/version_0/hparams.yaml	7248d7e8eabe6ccc	1667
lightning/exp/stage2_qbyt/logs/icefall-zipformer-frozen-zhen3m-50k/zhen3m-lsgs1460-50k/version_0/hparams.yaml	data/dma-kws/exp/stage2_qbyt/logs/icefall-zipformer-frozen-zhen3m-50k/zhen3m-lsgs1460-50k/version_0/hparams.yaml	9fd5bebdd4e64f2e	1129
lightning/exp/stage2_qbyt/logs/icefall-zipformer-frozen-zhen3m-50k/zhen3m-lsgs1460-50k/version_1/hparams.yaml	data/dma-kws/exp/stage2_qbyt/logs/icefall-zipformer-frozen-zhen3m-50k/zhen3m-lsgs1460-50k/version_1/hparams.yaml	c02b5288a7ba8f0a	1133
lightning/exp/stage2_qbyt/logs/icefall-zipformer-frozen-zhen3m-50k/zhen3m-lsgs1460-50k/version_2/hparams.yaml	data/dma-kws/exp/stage2_qbyt/logs/icefall-zipformer-frozen-zhen3m-50k/zhen3m-lsgs1460-50k/version_2/hparams.yaml	0366491b42c11904	1133
lightning/exp/stage2_qbyt/logs/icefall-zipformer-frozen-zhen3m/icefall-zipformer-frozen-zhen3m/version_0/hparams.yaml	data/dma-kws/exp/stage2_qbyt/logs/icefall-zipformer-frozen-zhen3m/icefall-zipformer-frozen-zhen3m/version_0/hparams.yaml	7ff2f6926747d6fc	1143
lightning/exp/stage2_qbyt/logs/icefall-zipformer-frozen-zhen3m/icefall-zipformer-frozen-zhen3m/version_5/hparams.yaml	data/dma-kws/exp/stage2_qbyt/logs/icefall-zipformer-frozen-zhen3m/icefall-zipformer-frozen-zhen3m/version_5/hparams.yaml	02f8b066f545cd45	1152
lightning/exp/stage2_qbyt/logs/icefall-zipformer-frozen-zhen3m/icefall-zipformer-frozen-zhen3m/version_6/hparams.yaml	data/dma-kws/exp/stage2_qbyt/logs/icefall-zipformer-frozen-zhen3m/icefall-zipformer-frozen-zhen3m/version_6/hparams.yaml	ea3eb0ec5c306329	1152
lightning/exp/stage2_qbyt/logs/icefall-zipformer-frozen-zhen3m/icefall-zipformer-frozen-zhen3m/version_7/hparams.yaml	data/dma-kws/exp/stage2_qbyt/logs/icefall-zipformer-frozen-zhen3m/icefall-zipformer-frozen-zhen3m/version_7/hparams.yaml	8950f69a73cbffe1	1152
lightning/exp/stage2_qbyt/logs/icefall-zipformer-frozen-zhen3m/icefall-zipformer-frozen-zhen3m/version_8/hparams.yaml	data/dma-kws/exp/stage2_qbyt/logs/icefall-zipformer-frozen-zhen3m/icefall-zipformer-frozen-zhen3m/version_8/hparams.yaml	025db426c862b5be	1142
lightning/exp/stage2_qbyt/logs/icefall-zipformer-frozen/icefall-zipformer-frozen/version_1/hparams.yaml	data/dma-kws/exp/stage2_qbyt/logs/icefall-zipformer-frozen/icefall-zipformer-frozen/version_1/hparams.yaml	b143c6c2bc2e788f	1141
lightning/exp/stage2_qbyt/logs/icefall-zipformer-frozen/icefall-zipformer-frozen/version_2/hparams.yaml	data/dma-kws/exp/stage2_qbyt/logs/icefall-zipformer-frozen/icefall-zipformer-frozen/version_2/hparams.yaml	8e78e6aafde04703	1137
lightning/exp/stage2_qbyt/logs/icefall-zipformer-frozen/icefall-zipformer-frozen/version_3/hparams.yaml	data/dma-kws/exp/stage2_qbyt/logs/icefall-zipformer-frozen/icefall-zipformer-frozen/version_3/hparams.yaml	4a2df7ceb61d338d	1150
lightning/exp/stage2_qbyt/logs/icefall-zipformer-frozen/icefall-zipformer-frozen/version_4/hparams.yaml	data/dma-kws/exp/stage2_qbyt/logs/icefall-zipformer-frozen/icefall-zipformer-frozen/version_4/hparams.yaml	e1a21a04b27809cc	1140
lightning/exp/stage2_qbyt/logs/v1-ft-icefall-bg/v1-ft-icefall-bg/version_0/hparams.yaml	data/dma-kws/exp/stage2_qbyt/logs/v1-ft-icefall-bg/v1-ft-icefall-bg/version_0/hparams.yaml	fd3bca3a85aaf3dd	783
lightning/exp/stage2_qbyt/logs/v1-ft-icefall-control/v1-ft-icefall-control/version_0/hparams.yaml	data/dma-kws/exp/stage2_qbyt/logs/v1-ft-icefall-control/v1-ft-icefall-control/version_0/hparams.yaml	ab1f1e62756e285f	798
lightning/exp/stage2_qbyt/logs/v1-ft-wenet-bg/v1-ft-wenet-bg/version_0/hparams.yaml	data/dma-kws/exp/stage2_qbyt/logs/v1-ft-wenet-bg/v1-ft-wenet-bg/version_0/hparams.yaml	dc41c4bd25f7b229	777
lightning/exp/stage2_qbyt/logs/v1-ft-wenet-bg/v1-ft-wenet-bg/version_1/hparams.yaml	data/dma-kws/exp/stage2_qbyt/logs/v1-ft-wenet-bg/v1-ft-wenet-bg/version_1/hparams.yaml	b9be79a91b655668	777
lightning/exp/stage2_qbyt/logs/v1-ft-wenet-control/v1-ft-wenet-control/version_0/hparams.yaml	data/dma-kws/exp/stage2_qbyt/logs/v1-ft-wenet-control/v1-ft-wenet-control/version_0/hparams.yaml	c4bd5c8c098d0024	792
lightning/exp/stage2_qbyt/logs/v1-ft-wenet-control/v1-ft-wenet-control/version_1/hparams.yaml	data/dma-kws/exp/stage2_qbyt/logs/v1-ft-wenet-control/v1-ft-wenet-control/version_1/hparams.yaml	707b3a6dfe806c43	792
lightning/exp/stage2_qbyt/logs/v2-musan-gs-stream-50k/v2-musan-gs-stream-50k/version_0/hparams.yaml	data/dma-kws/exp/stage2_qbyt/logs/v2-musan-gs-stream-50k/v2-musan-gs-stream-50k/version_0/hparams.yaml	cf191c02f0f79f29	1573
lightning/exp/stage2_qbyt/logs/v2-musan-gsbase-mn-50k/v2-musan-gsbase-mn-50k/version_0/hparams.yaml	data/dma-kws/exp/stage2_qbyt/logs/v2-musan-gsbase-mn-50k/v2-musan-gsbase-mn-50k/version_0/hparams.yaml	7ee8f7d82e5c526f	1543
lightning/exp/stage2_qbyt/logs/v2-musan-gsbase-stream-50k/v2-musan-gsbase-stream-50k/version_0/hparams.yaml	data/dma-kws/exp/stage2_qbyt/logs/v2-musan-gsbase-stream-50k/v2-musan-gsbase-stream-50k/version_0/hparams.yaml	d570f4d7cc8320e0	1555
lightning/exp/stage2_qbyt/logs/v2-musan-paperstage1-50k/v2-musan-paperstage1-50k/version_0/hparams.yaml	data/dma-kws/exp/stage2_qbyt/logs/v2-musan-paperstage1-50k/v2-musan-paperstage1-50k/version_0/hparams.yaml	19fa8f78a1eb240b	1544
lightning/exp/stage2_qbyt/logs/v2-musan-zhen3m-mn-50k/v2-musan-zhen3m-mn-50k/version_0/hparams.yaml	data/dma-kws/exp/stage2_qbyt/logs/v2-musan-zhen3m-mn-50k/v2-musan-zhen3m-mn-50k/version_0/hparams.yaml	1e853d64a7bcc450	1554
lightning/exp/stage2_qbyt/logs/v2-musan-zhen3m-stream-50k/v2-musan-zhen3m-stream-50k/version_0/hparams.yaml	data/dma-kws/exp/stage2_qbyt/logs/v2-musan-zhen3m-stream-50k/v2-musan-zhen3m-stream-50k/version_0/hparams.yaml	1c612a3070e231f9	1562
lightning/exp/stage2_qbyt/logs/v2-musan-zhen3m-stream-50k/v2-musan-zhen3m-stream-50k/version_1/hparams.yaml	data/dma-kws/exp/stage2_qbyt/logs/v2-musan-zhen3m-stream-50k/v2-musan-zhen3m-stream-50k/version_1/hparams.yaml	408462fc1f98158e	1566
lightning/exp/stage2_qbyt/logs/v3-musan-asrxl-50k/v3-musan-asrxl-50k/version_0/hparams.yaml	data/dma-kws/exp/stage2_qbyt/logs/v3-musan-asrxl-50k/v3-musan-asrxl-50k/version_0/hparams.yaml	9765bff87e9fdf62	1540
lightning/exp/stage2_qbyt/logs/v3-musan-gs-50k/v3-musan-gs-50k/version_0/hparams.yaml	data/dma-kws/exp/stage2_qbyt/logs/v3-musan-gs-50k/v3-musan-gs-50k/version_0/hparams.yaml	d4a97bc553b5678d	1556
lightning/exp/stage2_qbyt/logs/v3-musan-gsbase-fullctx-50k/v3-musan-gsbase-fullctx-50k/version_0/hparams.yaml	data/dma-kws/exp/stage2_qbyt/logs/v3-musan-gsbase-fullctx-50k/v3-musan-gsbase-fullctx-50k/version_0/hparams.yaml	3215d2740817d290	1562
lightning/exp/stage2_qbyt/logs/v3-musan-gsbase-mn-50k/v3-musan-gsbase-mn-50k/version_0/hparams.yaml	data/dma-kws/exp/stage2_qbyt/logs/v3-musan-gsbase-mn-50k/v3-musan-gsbase-mn-50k/version_0/hparams.yaml	ec1f956cfde89a93	1547
lightning/exp/stage2_qbyt/logs/v3-musan-gsbase-stream-50k/v3-musan-gsbase-stream-50k/version_0/hparams.yaml	data/dma-kws/exp/stage2_qbyt/logs/v3-musan-gsbase-stream-50k/v3-musan-gsbase-stream-50k/version_0/hparams.yaml	0cc0e940479857c9	1559
lightning/exp/stage2_qbyt/logs/v3-musan-paperstage1-50k/v3-musan-paperstage1-50k/version_0/hparams.yaml	data/dma-kws/exp/stage2_qbyt/logs/v3-musan-paperstage1-50k/v3-musan-paperstage1-50k/version_0/hparams.yaml	227d6c0a6692752d	1528
lightning/exp/stage2_qbyt/logs/v3-musan-paperstage1-50k/v3-musan-paperstage1-50k/version_1/hparams.yaml	data/dma-kws/exp/stage2_qbyt/logs/v3-musan-paperstage1-50k/v3-musan-paperstage1-50k/version_1/hparams.yaml	79815f4e22426d68	1528
lightning/exp/stage2_qbyt/logs/v3-musan-zhen3m-50k/v3-musan-zhen3m-50k/version_0/hparams.yaml	data/dma-kws/exp/stage2_qbyt/logs/v3-musan-zhen3m-50k/v3-musan-zhen3m-50k/version_0/hparams.yaml	07bf4d5f8e324ff5	1545
lightning/exp/stage2_qbyt/logs/v3-musan-zhen3m-50k/v3-musan-zhen3m-50k/version_1/hparams.yaml	data/dma-kws/exp/stage2_qbyt/logs/v3-musan-zhen3m-50k/v3-musan-zhen3m-50k/version_1/hparams.yaml	c244e24bae52b965	1549
lightning/exp/stage2_qbyt/logs/v3-musan-zhen3m-mn-50k/v3-musan-zhen3m-mn-50k/version_0/hparams.yaml	data/dma-kws/exp/stage2_qbyt/logs/v3-musan-zhen3m-mn-50k/v3-musan-zhen3m-mn-50k/version_0/hparams.yaml	6a1aee7f6678b3b7	1558
lightning/exp/stage2_qbyt/logs/v4-musan-asrxl-50k/v4-musan-asrxl-50k/version_0/hparams.yaml	data/dma-kws/exp/stage2_qbyt/logs/v4-musan-asrxl-50k/v4-musan-asrxl-50k/version_0/hparams.yaml	7c6bb90d8ac5ce6c	1543
lightning/exp/stage2_qbyt/logs/v4-musan-gs-50k/v4-musan-gs-50k/version_0/hparams.yaml	data/dma-kws/exp/stage2_qbyt/logs/v4-musan-gs-50k/v4-musan-gs-50k/version_0/hparams.yaml	027b3cd14ef95ced	1559
lightning/exp/stage2_qbyt/logs/v4-musan-gsbase-fullctx-50k/v4-musan-gsbase-fullctx-50k/version_0/hparams.yaml	data/dma-kws/exp/stage2_qbyt/logs/v4-musan-gsbase-fullctx-50k/v4-musan-gsbase-fullctx-50k/version_0/hparams.yaml	1e168c6e5198e279	1565
lightning/exp/stage2_qbyt/logs/v4-musan-gsbase-stream-50k/v4-musan-gsbase-stream-50k/version_0/hparams.yaml	data/dma-kws/exp/stage2_qbyt/logs/v4-musan-gsbase-stream-50k/v4-musan-gsbase-stream-50k/version_0/hparams.yaml	ce68f6dfb57f3731	1562
lightning/exp/stage2_qbyt/logs/v4-musan-paperstage1-50k/v4-musan-paperstage1-50k/version_0/hparams.yaml	data/dma-kws/exp/stage2_qbyt/logs/v4-musan-paperstage1-50k/v4-musan-paperstage1-50k/version_0/hparams.yaml	e3b60558e26c64e6	1531
lightning/exp/stage2_qbyt/logs/v4-musan-paperstage1-50k/v4-musan-paperstage1-50k/version_1/hparams.yaml	data/dma-kws/exp/stage2_qbyt/logs/v4-musan-paperstage1-50k/v4-musan-paperstage1-50k/version_1/hparams.yaml	a84a98067be2210c	1531
lightning/exp/stage2_qbyt/logs/v4-musan-zhen3m-50k/v4-musan-zhen3m-50k/version_0/hparams.yaml	data/dma-kws/exp/stage2_qbyt/logs/v4-musan-zhen3m-50k/v4-musan-zhen3m-50k/version_0/hparams.yaml	4003588df55b5c3c	1548
lightning/exp/stage2_qbyt/logs/v4-musan-zhen3m-50k/v4-musan-zhen3m-50k/version_1/hparams.yaml	data/dma-kws/exp/stage2_qbyt/logs/v4-musan-zhen3m-50k/v4-musan-zhen3m-50k/version_1/hparams.yaml	7d8c0b1de07b35ed	1552
lightning/exp/stage2_qbyt/logs/v41-musan-asrxl-50k/v41-musan-asrxl-50k/version_0/hparams.yaml	data/dma-kws/exp/stage2_qbyt/logs/v41-musan-asrxl-50k/v41-musan-asrxl-50k/version_0/hparams.yaml	d0f0adec0753b469	1542
lightning/exp/stage2_qbyt/logs/v41-musan-asrxl-50k/v41-musan-asrxl-50k/version_1/hparams.yaml	data/dma-kws/exp/stage2_qbyt/logs/v41-musan-asrxl-50k/v41-musan-asrxl-50k/version_1/hparams.yaml	5b8ffe32425d6996	1546
lightning/exp/stage2_qbyt/logs/v41-musan-gs-50k/v41-musan-gs-50k/version_0/hparams.yaml	data/dma-kws/exp/stage2_qbyt/logs/v41-musan-gs-50k/v41-musan-gs-50k/version_0/hparams.yaml	611e889b1f836fb6	1562
lightning/exp/stage2_qbyt/logs/v41-musan-gsbase-fullctx-50k/v41-musan-gsbase-fullctx-50k/version_0/hparams.yaml	data/dma-kws/exp/stage2_qbyt/logs/v41-musan-gsbase-fullctx-50k/v41-musan-gsbase-fullctx-50k/version_0/hparams.yaml	c242837866bf6af4	1564
lightning/exp/stage2_qbyt/logs/v41-musan-gsbase-fullctx-50k/v41-musan-gsbase-fullctx-50k/version_1/hparams.yaml	data/dma-kws/exp/stage2_qbyt/logs/v41-musan-gsbase-fullctx-50k/v41-musan-gsbase-fullctx-50k/version_1/hparams.yaml	ef642ccb25f84d84	1568
lightning/exp/stage2_qbyt/logs/v41-musan-gsbase-stream-50k/v41-musan-gsbase-stream-50k/version_0/hparams.yaml	data/dma-kws/exp/stage2_qbyt/logs/v41-musan-gsbase-stream-50k/v41-musan-gsbase-stream-50k/version_0/hparams.yaml	a4ebf1c178e56538	1565
lightning/exp/stage2_qbyt/logs/v41-musan-paperstage1-50k/v41-musan-paperstage1-50k/version_0/hparams.yaml	data/dma-kws/exp/stage2_qbyt/logs/v41-musan-paperstage1-50k/v41-musan-paperstage1-50k/version_0/hparams.yaml	8017ea6574297054	1534
lightning/exp/stage2_qbyt/logs/v41-musan-paperstage1-50k/v41-musan-paperstage1-50k/version_1/hparams.yaml	data/dma-kws/exp/stage2_qbyt/logs/v41-musan-paperstage1-50k/v41-musan-paperstage1-50k/version_1/hparams.yaml	3df10fa5930751ed	1534
lightning/exp/stage2_qbyt/logs/v41-musan-zhen3m-50k/v41-musan-zhen3m-50k/version_0/hparams.yaml	data/dma-kws/exp/stage2_qbyt/logs/v41-musan-zhen3m-50k/v41-musan-zhen3m-50k/version_0/hparams.yaml	f94ac5b90ef196e2	1551
lightning/exp/stage2_qbyt/logs/v41-musan-zhen3m-50k/v41-musan-zhen3m-50k/version_1/hparams.yaml	data/dma-kws/exp/stage2_qbyt/logs/v41-musan-zhen3m-50k/v41-musan-zhen3m-50k/version_1/hparams.yaml	38e1a299bf161fd8	1555
lightning/exp/stage2_qbyt/logs/v41-musan-zhen3m-50k/v41-musan-zhen3m-50k/version_2/hparams.yaml	data/dma-kws/exp/stage2_qbyt/logs/v41-musan-zhen3m-50k/v41-musan-zhen3m-50k/version_2/hparams.yaml	e59aa42c6b111aa1	1555
lightning/exp/stage2_qbyt/logs/v41-musan-zhen3m-50k/v41-musan-zhen3m-50k/version_3/hparams.yaml	data/dma-kws/exp/stage2_qbyt/logs/v41-musan-zhen3m-50k/v41-musan-zhen3m-50k/version_3/hparams.yaml	9531f1e829eb40c5	1558
lightning/exp/stage2_qbyt/logs/v41-musan-zhen3m-50k/v41-musan-zhen3m-50k/version_4/hparams.yaml	data/dma-kws/exp/stage2_qbyt/logs/v41-musan-zhen3m-50k/v41-musan-zhen3m-50k/version_4/hparams.yaml	af7fdbc437137811	1558
lightning/exp/stage2_qbyt/logs/v41-musan-zhen3m-50k/v41-musan-zhen3m-50k/version_5/hparams.yaml	data/dma-kws/exp/stage2_qbyt/logs/v41-musan-zhen3m-50k/v41-musan-zhen3m-50k/version_5/hparams.yaml	af768a1b610e5194	1558
lightning/exp/stage2_qbyt/logs/v41-musan-zhen3m-50k/v41-musan-zhen3m-50k/version_6/hparams.yaml	data/dma-kws/exp/stage2_qbyt/logs/v41-musan-zhen3m-50k/v41-musan-zhen3m-50k/version_6/hparams.yaml	da85685b089a92dc	1558
lightning/exp/stage2_qbyt/logs/v41-musan-zhen3m-50k/v41-musan-zhen3m-50k/version_7/hparams.yaml	data/dma-kws/exp/stage2_qbyt/logs/v41-musan-zhen3m-50k/v41-musan-zhen3m-50k/version_7/hparams.yaml	639b8757b028e318	1558
lightning/exp/stage2_qbyt/logs/v41-musan-zhen3m-50k/v41-musan-zhen3m-50k/version_8/hparams.yaml	data/dma-kws/exp/stage2_qbyt/logs/v41-musan-zhen3m-50k/v41-musan-zhen3m-50k/version_8/hparams.yaml	612179f132ceefac	1559
lightning/exp/stage2_qbyt/logs/v41-musan-zhen3m-50k/v41-musan-zhen3m-50k/version_9/hparams.yaml	data/dma-kws/exp/stage2_qbyt/logs/v41-musan-zhen3m-50k/v41-musan-zhen3m-50k/version_9/hparams.yaml	a69b2d0686e744d1	1606
lightning/exp/stage2_qbyt/sinkhead_stage2/SS-R1/version_0/hparams.yaml	data/dma-kws/exp/stage2_qbyt/sinkhead_stage2/SS-R1/logs/SS-R1/version_0/hparams.yaml	34c81dffa088faea	1566
lightning/exp/stage2_qbyt/sinkhead_stage2/SS-c1notail/version_0/hparams.yaml	data/dma-kws/exp/stage2_qbyt/sinkhead_stage2/SS-c1notail/logs/SS-c1notail/version_0/hparams.yaml	56882b45968861df	1587
lightning/exp/stage2_qbyt/sinkhead_stage2/SS-gsbase-fullctx/version_0/hparams.yaml	data/dma-kws/exp/stage2_qbyt/sinkhead_stage2/SS-gsbase-fullctx/logs/SS-gsbase-fullctx/version_0/hparams.yaml	d0a3b70ff475734c	1608
lightning/exp/stage2_qbyt/sinkhead_stage2/SS-gsbase-stream/version_0/hparams.yaml	data/dma-kws/exp/stage2_qbyt/sinkhead_stage2/SS-gsbase-stream/logs/SS-gsbase-stream/version_0/hparams.yaml	274537afa9c56614	1603
lightning/exp/stage2_qbyt/sinkhead_stage2/SS-gsfinetune/version_0/hparams.yaml	data/dma-kws/exp/stage2_qbyt/sinkhead_stage2/SS-gsfinetune/logs/SS-gsfinetune/version_0/hparams.yaml	f60389aa6366eda4	1572
lightning/exp/stage2_qbyt/sinkhead_stage2/SS-paperstage1/version_0/hparams.yaml	data/dma-kws/exp/stage2_qbyt/sinkhead_stage2/SS-paperstage1/logs/SS-paperstage1/version_0/hparams.yaml	c1251a58b1791a77	1572
lightning/exp/stage2_qbyt/sinkhead_stage2/SS-zh-en/version_0/hparams.yaml	data/dma-kws/exp/stage2_qbyt/sinkhead_stage2/SS-zh-en/logs/SS-zh-en/version_0/hparams.yaml	fbb800f2b327d984	1553
lightning/exp/stage2_qbyt/sinkloss_ab/E1-cvar-off/version_0/hparams.yaml	data/dma-kws/exp/stage2_qbyt/sinkloss_ab/E1-cvar-off/logs/E1-cvar-off/version_0/hparams.yaml	b0c597f37cee6775	1559
lightning/exp/stage2_qbyt/sinkloss_ab/S0-control/version_0/hparams.yaml	data/dma-kws/exp/stage2_qbyt/sinkloss_ab/S0-control/logs/S0-control/version_0/hparams.yaml	d1a1966801d2f3d2	1556
lightning/exp/stage2_qbyt/sinkloss_ab/S1-bce-0p25/version_0/hparams.yaml	data/dma-kws/exp/stage2_qbyt/sinkloss_ab/S1-bce-0p25/logs/S1-bce-0p25/version_0/hparams.yaml	aa4d128d2f50637c	1559
lightning/exp/stage2_qbyt/sinkloss_ab/S2-bce-0p5/version_0/hparams.yaml	data/dma-kws/exp/stage2_qbyt/sinkloss_ab/S2-bce-0p5/logs/S2-bce-0p5/version_0/hparams.yaml	2b1f5558ee650f96	1556
lightning/exp/stage2_qbyt/v42_encoders/V42-gsbase-fullctx/version_0/hparams.yaml	data/dma-kws/exp/stage2_qbyt/v42_encoders/V42-gsbase-fullctx/logs/V42-gsbase-fullctx/version_0/hparams.yaml	a73cb77382c486db	1551
lightning/exp/stage2_qbyt/v42_encoders/V42-gsbase-stream/version_0/hparams.yaml	data/dma-kws/exp/stage2_qbyt/v42_encoders/V42-gsbase-stream/logs/V42-gsbase-stream/version_0/hparams.yaml	7a2b434277446a8c	1548
lightning/exp/stage2_qbyt/v42_encoders/V42-gsfinetune/version_0/hparams.yaml	data/dma-kws/exp/stage2_qbyt/v42_encoders/V42-gsfinetune/logs/V42-gsfinetune/version_0/hparams.yaml	b99fb11fdb107a78	1569
lightning/exp/stage2_qbyt/v42_encoders/V42-paperstage1/version_0/hparams.yaml	data/dma-kws/exp/stage2_qbyt/v42_encoders/V42-paperstage1/logs/V42-paperstage1/version_0/hparams.yaml	f6c76ae6c6950e82	1517
lightning/exp/stage2_qbyt/v42_encoders/V42-paperstage1/version_1/hparams.yaml	data/dma-kws/exp/stage2_qbyt/v42_encoders/V42-paperstage1/logs/V42-paperstage1/version_1/hparams.yaml	8b10a47ae9b9c8d6	1517
lightning/exp/stage2_qbyt/version_1/hparams.yaml	data/dma-kws/exp/stage2_qbyt/logs/stage2_qbyt/version_1/hparams.yaml	fc943470cb56365d	753
lightning/exp/stage2_qbyt/version_2/hparams.yaml	data/dma-kws/exp/stage2_qbyt/logs/stage2_qbyt/version_2/hparams.yaml	c79e7de480a5db29	754
lightning/exp/stage2_qbyt/version_3/hparams.yaml	data/dma-kws/exp/stage2_qbyt/logs/stage2_qbyt/version_3/hparams.yaml	cd42bdc3ede0206f	753
lightning/outputs/bench_b256/logs/bench-b256/version_0/hparams.yaml	outputs/bench_b256/logs/bench-b256/version_0/hparams.yaml	f90983177eb88b51	1523
lightning/outputs/hey_eva_v42_base/real/logs/adapt_hey_eva_v42_real/version_0/hparams.yaml	outputs/hey_eva_v42_base/real/logs/adapt_hey_eva_v42_real/version_0/hparams.yaml	4ca0d98b01756986	1130
lightning/outputs/hey_eva_v42_smoke/tts/logs/adapt_hey_eva_v42_tts/version_0/hparams.yaml	outputs/hey_eva_v42_smoke/tts/logs/adapt_hey_eva_v42_tts/version_0/hparams.yaml	6023fb69c9d683f0	1127
lightning/outputs/probe_b256/logs/probe-b256/version_0/hparams.yaml	outputs/probe_b256/logs/probe-b256/version_0/hparams.yaml	7107c522ec03a037	1523
lightning/outputs/probe_b384/logs/probe-b384/version_0/hparams.yaml	outputs/probe_b384/logs/probe-b384/version_0/hparams.yaml	8cc515c9de9a3a91	1522
lightning/outputs/probe_b512/logs/probe-b512/version_0/hparams.yaml	outputs/probe_b512/logs/probe-b512/version_0/hparams.yaml	b6a326e2da7b5a85	1523
lightning/outputs/v41_sinkhead_smoke/logs/smoke-sinkhead/version_0/hparams.yaml	outputs/v41_sinkhead_smoke/logs/smoke-sinkhead/version_0/hparams.yaml	5db9737f3d260ca8	1533
lightning/outputs/v41_sinkloss_smoke/logs/smoke-sinkloss/version_0/hparams.yaml	outputs/v41_sinkloss_smoke/logs/smoke-sinkloss/version_0/hparams.yaml	1600c3e22e6fc859	1534
