asset	relpath	bytes	sha256	readout	run	snapshot
exp__author_v1__stage1_v1.pt	exp/author_v1/stage1_v1.pt	17405707	9c366e76d27f03cea9c26197e38084ac2102baf7433e7e953e56c9e13dde4e2e		author_v1	
exp__author_v1__stage2_v1_si.pt	exp/author_v1/stage2_v1_si.pt	22031994	4ce829f4029e31fff095c6f99ad249597ad91a362af2c27499c5b23b7ec84413	QbyTScoreSpec(version=1, value=QbyTV1Spec(readout='gru_last_padded'))	author_v1	
exp__stage2_adapt_v42__c1_encfull__joint__checkpoints__adapt_hey_eva_v42_joint_encoder_qbyt_full__version_0__last.ckpt	exp/stage2_adapt_v42/c1_encfull/joint/checkpoints/adapt_hey_eva_v42_joint_encoder_qbyt_full/version_0/last.ckpt	41397605	25bc08a03bfa07b68e7109f74731bf20da912f8bf2d21ac7bcb77b5731d957ff	QbyTScoreSpec(version=4, value=QbyTReadoutConfig(mode='eps_softmin', temperature=1.0, sink_token=True, text_position='learned', audio_position='relative_bias', relative_num_buckets=32, relative_max_distance=64, sink_readout='additive', sink_identity=False, sink_zero_init=True, temperature_learnable=False, score_temperature=None))	stage2_adapt_v42/c1_encfull/joint	
exp__stage2_adapt_v42__c1_encfull__joint__checkpoints__adapt_hey_eva_v42_joint_encoder_qbyt_full__version_0__stage2_adapted.pt	exp/stage2_adapt_v42/c1_encfull/joint/checkpoints/adapt_hey_eva_v42_joint_encoder_qbyt_full/version_0/stage2_adapted.pt	15563899	9c164a5f2244f54e649df63d5e85aba767ff96362479acd98463fff7636b5f69	QbyTScoreSpec(version=4, value=QbyTReadoutConfig(mode='eps_softmin', temperature=1.0, sink_token=True, text_position='learned', audio_position='relative_bias', relative_num_buckets=32, relative_max_distance=64, sink_readout='additive', sink_identity=False, sink_zero_init=True, temperature_learnable=False, score_temperature=None))	stage2_adapt_v42/c1_encfull/joint	
exp__stage2_adapt_v42__c1_encfull__joint__checkpoints__adapt_hey_eva_v42_joint_encoder_qbyt_full__version_0__step_step-000900_target_auc_val_target_auc-0.998520.ckpt	exp/stage2_adapt_v42/c1_encfull/joint/checkpoints/adapt_hey_eva_v42_joint_encoder_qbyt_full/version_0/step_step=000900_target_auc_val_target_auc=0.998520.ckpt	41397605	96a6208a4d1a622c740bc232a98ceb92b6019e8480fa8e701fafb46dee38bb71	QbyTScoreSpec(version=4, value=QbyTReadoutConfig(mode='eps_softmin', temperature=1.0, sink_token=True, text_position='learned', audio_position='relative_bias', relative_num_buckets=32, relative_max_distance=64, sink_readout='additive', sink_identity=False, sink_zero_init=True, temperature_learnable=False, score_temperature=None))	stage2_adapt_v42/c1_encfull/joint	
exp__stage2_adapt_v42__c1_encfull__joint__checkpoints__adapt_hey_eva_v42_joint_encoder_qbyt_full__version_0__step_step-001800_target_auc_val_target_auc-0.999130.ckpt	exp/stage2_adapt_v42/c1_encfull/joint/checkpoints/adapt_hey_eva_v42_joint_encoder_qbyt_full/version_0/step_step=001800_target_auc_val_target_auc=0.999130.ckpt	41397605	ae386098d321c1bfffb6cc92efb76eb8e39b5bc505e622b92fcfba0383177312	QbyTScoreSpec(version=4, value=QbyTReadoutConfig(mode='eps_softmin', temperature=1.0, sink_token=True, text_position='learned', audio_position='relative_bias', relative_num_buckets=32, relative_max_distance=64, sink_readout='additive', sink_identity=False, sink_zero_init=True, temperature_learnable=False, score_temperature=None))	stage2_adapt_v42/c1_encfull/joint	
exp__stage2_adapt_v42__c1_encfull__joint__checkpoints__adapt_hey_eva_v42_joint_encoder_qbyt_full__version_0__step_step-002100_target_auc_val_target_auc-0.999040.ckpt	exp/stage2_adapt_v42/c1_encfull/joint/checkpoints/adapt_hey_eva_v42_joint_encoder_qbyt_full/version_0/step_step=002100_target_auc_val_target_auc=0.999040.ckpt	41397605	e302e2faa2559b9fce01f3b7fda44bd9670fe140845aec5c68bc7d5ec094fc73	QbyTScoreSpec(version=4, value=QbyTReadoutConfig(mode='eps_softmin', temperature=1.0, sink_token=True, text_position='learned', audio_position='relative_bias', relative_num_buckets=32, relative_max_distance=64, sink_readout='additive', sink_identity=False, sink_zero_init=True, temperature_learnable=False, score_temperature=None))	stage2_adapt_v42/c1_encfull/joint	
exp__stage2_adapt_v42__c1_encfull__joint__stage2_adapted.pt	exp/stage2_adapt_v42/c1_encfull/joint/stage2_adapted.pt	15563899	d8861d1717526ce2873852047b556a827932807ed6a98034782aaf95e10810c4	QbyTScoreSpec(version=4, value=QbyTReadoutConfig(mode='eps_softmin', temperature=1.0, sink_token=True, text_position='learned', audio_position='relative_bias', relative_num_buckets=32, relative_max_distance=64, sink_readout='additive', sink_identity=False, sink_zero_init=True, temperature_learnable=False, score_temperature=None))	stage2_adapt_v42/c1_encfull/joint	
exp__stage2_adapt_v42__c1_encfull__stage2_adapted.pt	exp/stage2_adapt_v42/c1_encfull/stage2_adapted.pt	15563899	25fdeee6413602733012938047bcda7c858bad670543cb764887f81483848803	QbyTScoreSpec(version=4, value=QbyTReadoutConfig(mode='eps_softmin', temperature=1.0, sink_token=True, text_position='learned', audio_position='relative_bias', relative_num_buckets=32, relative_max_distance=64, sink_readout='additive', sink_identity=False, sink_zero_init=True, temperature_learnable=False, score_temperature=None))	stage2_adapt_v42/c1_encfull	
exp__stage2_adapt_v42__c1_qbytfull__joint__checkpoints__adapt_hey_eva_v42_joint_qbyt_full__version_0__last.ckpt	exp/stage2_adapt_v42/c1_qbytfull/joint/checkpoints/adapt_hey_eva_v42_joint_qbyt_full/version_0/last.ckpt	19104741	561cc92d7f047f5f9799069bccaaa6cbaf010779ab87d04e6b3d340a6334f664	QbyTScoreSpec(version=4, value=QbyTReadoutConfig(mode='eps_softmin', temperature=1.0, sink_token=True, text_position='learned', audio_position='relative_bias', relative_num_buckets=32, relative_max_distance=64, sink_readout='additive', sink_identity=False, sink_zero_init=True, temperature_learnable=False, score_temperature=None))	stage2_adapt_v42/c1_qbytfull/joint	
exp__stage2_adapt_v42__c1_qbytfull__joint__checkpoints__adapt_hey_eva_v42_joint_qbyt_full__version_0__stage2_adapted.pt	exp/stage2_adapt_v42/c1_qbytfull/joint/checkpoints/adapt_hey_eva_v42_joint_qbyt_full/version_0/stage2_adapted.pt	15563899	cf824714b2b34dda0c3ec53595ae2931da98136f86edc450353d94ace6414b6d	QbyTScoreSpec(version=4, value=QbyTReadoutConfig(mode='eps_softmin', temperature=1.0, sink_token=True, text_position='learned', audio_position='relative_bias', relative_num_buckets=32, relative_max_distance=64, sink_readout='additive', sink_identity=False, sink_zero_init=True, temperature_learnable=False, score_temperature=None))	stage2_adapt_v42/c1_qbytfull/joint	
exp__stage2_adapt_v42__c1_qbytfull__joint__checkpoints__adapt_hey_eva_v42_joint_qbyt_full__version_0__step_step-000600_target_auc_val_target_auc-0.991696.ckpt	exp/stage2_adapt_v42/c1_qbytfull/joint/checkpoints/adapt_hey_eva_v42_joint_qbyt_full/version_0/step_step=000600_target_auc_val_target_auc=0.991696.ckpt	19104549	baeb06559780ff19ee1b18968e36d22867c324143f318a9954853db18a9bfef4	QbyTScoreSpec(version=4, value=QbyTReadoutConfig(mode='eps_softmin', temperature=1.0, sink_token=True, text_position='learned', audio_position='relative_bias', relative_num_buckets=32, relative_max_distance=64, sink_readout='additive', sink_identity=False, sink_zero_init=True, temperature_learnable=False, score_temperature=None))	stage2_adapt_v42/c1_qbytfull/joint	
exp__stage2_adapt_v42__c1_qbytfull__joint__checkpoints__adapt_hey_eva_v42_joint_qbyt_full__version_0__step_step-001800_target_auc_val_target_auc-0.991753.ckpt	exp/stage2_adapt_v42/c1_qbytfull/joint/checkpoints/adapt_hey_eva_v42_joint_qbyt_full/version_0/step_step=001800_target_auc_val_target_auc=0.991753.ckpt	19104741	7f641c0a93e9c1010d2dc81c917cce998087dc5376276ea5f252eb35d0f42154	QbyTScoreSpec(version=4, value=QbyTReadoutConfig(mode='eps_softmin', temperature=1.0, sink_token=True, text_position='learned', audio_position='relative_bias', relative_num_buckets=32, relative_max_distance=64, sink_readout='additive', sink_identity=False, sink_zero_init=True, temperature_learnable=False, score_temperature=None))	stage2_adapt_v42/c1_qbytfull/joint	
exp__stage2_adapt_v42__c1_qbytfull__joint__checkpoints__adapt_hey_eva_v42_joint_qbyt_full__version_0__step_step-002100_target_auc_val_target_auc-0.992213.ckpt	exp/stage2_adapt_v42/c1_qbytfull/joint/checkpoints/adapt_hey_eva_v42_joint_qbyt_full/version_0/step_step=002100_target_auc_val_target_auc=0.992213.ckpt	19104741	9a748da15d5d952fd6b7f83c9b69e8e2d2561500a83e27919aa63bac0df75318	QbyTScoreSpec(version=4, value=QbyTReadoutConfig(mode='eps_softmin', temperature=1.0, sink_token=True, text_position='learned', audio_position='relative_bias', relative_num_buckets=32, relative_max_distance=64, sink_readout='additive', sink_identity=False, sink_zero_init=True, temperature_learnable=False, score_temperature=None))	stage2_adapt_v42/c1_qbytfull/joint	
exp__stage2_adapt_v42__c1_qbytfull__joint__stage2_adapted.pt	exp/stage2_adapt_v42/c1_qbytfull/joint/stage2_adapted.pt	15563899	3d6226039482fc347dadef8f679265662eb9e2b7ce2352802c2f68c23e9e48b3	QbyTScoreSpec(version=4, value=QbyTReadoutConfig(mode='eps_softmin', temperature=1.0, sink_token=True, text_position='learned', audio_position='relative_bias', relative_num_buckets=32, relative_max_distance=64, sink_readout='additive', sink_identity=False, sink_zero_init=True, temperature_learnable=False, score_temperature=None))	stage2_adapt_v42/c1_qbytfull/joint	
exp__stage2_adapt_v42__c1_qbytfull__stage2_adapted.pt	exp/stage2_adapt_v42/c1_qbytfull/stage2_adapted.pt	15563899	3f495ee7d4a6d157b301bbb5453fffeeb6c0d69245a801bff1284a1a029eacb2	QbyTScoreSpec(version=4, value=QbyTReadoutConfig(mode='eps_softmin', temperature=1.0, sink_token=True, text_position='learned', audio_position='relative_bias', relative_num_buckets=32, relative_max_distance=64, sink_readout='additive', sink_identity=False, sink_zero_init=True, temperature_learnable=False, score_temperature=None))	stage2_adapt_v42/c1_qbytfull	
exp__stage2_adapt_v42__gsstream_encfull__joint__checkpoints__adapt_hey_eva_v42_joint_encoder_qbyt_full__version_0__last.ckpt	exp/stage2_adapt_v42/gsstream_encfull/joint/checkpoints/adapt_hey_eva_v42_joint_encoder_qbyt_full/version_0/last.ckpt	41913765	ac869a6bf67dc59d2fe877db71697fe7ebcff3af61d988e31daf4f75500c1844	QbyTScoreSpec(version=4, value=QbyTReadoutConfig(mode='eps_softmin', temperature=1.0, sink_token=True, text_position='learned', audio_position='relative_bias', relative_num_buckets=32, relative_max_distance=64, sink_readout='additive', sink_identity=False, sink_zero_init=True, temperature_learnable=False, score_temperature=None))	stage2_adapt_v42/gsstream_encfull/joint	
exp__stage2_adapt_v42__gsstream_encfull__joint__checkpoints__adapt_hey_eva_v42_joint_encoder_qbyt_full__version_0__stage2_adapted.pt	exp/stage2_adapt_v42/gsstream_encfull/joint/checkpoints/adapt_hey_eva_v42_joint_encoder_qbyt_full/version_0/stage2_adapted.pt	15735555	a736d4ad36856688901119263a9f1323192ddfa7af83c6def72b898e72c92a19	QbyTScoreSpec(version=4, value=QbyTReadoutConfig(mode='eps_softmin', temperature=1.0, sink_token=True, text_position='learned', audio_position='relative_bias', relative_num_buckets=32, relative_max_distance=64, sink_readout='additive', sink_identity=False, sink_zero_init=True, temperature_learnable=False, score_temperature=None))	stage2_adapt_v42/gsstream_encfull/joint	
exp__stage2_adapt_v42__gsstream_encfull__joint__checkpoints__adapt_hey_eva_v42_joint_encoder_qbyt_full__version_0__step_step-000900_target_auc_val_target_auc-0.972321.ckpt	exp/stage2_adapt_v42/gsstream_encfull/joint/checkpoints/adapt_hey_eva_v42_joint_encoder_qbyt_full/version_0/step_step=000900_target_auc_val_target_auc=0.972321.ckpt	41913765	322fac4da3e94fa189e53b62c51f3655aeb5c451d71c702bd6112bb03a63b9b9	QbyTScoreSpec(version=4, value=QbyTReadoutConfig(mode='eps_softmin', temperature=1.0, sink_token=True, text_position='learned', audio_position='relative_bias', relative_num_buckets=32, relative_max_distance=64, sink_readout='additive', sink_identity=False, sink_zero_init=True, temperature_learnable=False, score_temperature=None))	stage2_adapt_v42/gsstream_encfull/joint	
exp__stage2_adapt_v42__gsstream_encfull__joint__checkpoints__adapt_hey_eva_v42_joint_encoder_qbyt_full__version_0__step_step-001200_target_auc_val_target_auc-0.975899.ckpt	exp/stage2_adapt_v42/gsstream_encfull/joint/checkpoints/adapt_hey_eva_v42_joint_encoder_qbyt_full/version_0/step_step=001200_target_auc_val_target_auc=0.975899.ckpt	41913701	d1a8fff9a648d28e439e899e32bbba0dec175a4fa47bc08660e0bb1ab5452070	QbyTScoreSpec(version=4, value=QbyTReadoutConfig(mode='eps_softmin', temperature=1.0, sink_token=True, text_position='learned', audio_position='relative_bias', relative_num_buckets=32, relative_max_distance=64, sink_readout='additive', sink_identity=False, sink_zero_init=True, temperature_learnable=False, score_temperature=None))	stage2_adapt_v42/gsstream_encfull/joint	
exp__stage2_adapt_v42__gsstream_encfull__joint__checkpoints__adapt_hey_eva_v42_joint_encoder_qbyt_full__version_0__step_step-001500_target_auc_val_target_auc-0.956871.ckpt	exp/stage2_adapt_v42/gsstream_encfull/joint/checkpoints/adapt_hey_eva_v42_joint_encoder_qbyt_full/version_0/step_step=001500_target_auc_val_target_auc=0.956871.ckpt	41913765	fd766996685826055106e09e2e80c24b9b96b40d2857af2e618d9542a3591b23	QbyTScoreSpec(version=4, value=QbyTReadoutConfig(mode='eps_softmin', temperature=1.0, sink_token=True, text_position='learned', audio_position='relative_bias', relative_num_buckets=32, relative_max_distance=64, sink_readout='additive', sink_identity=False, sink_zero_init=True, temperature_learnable=False, score_temperature=None))	stage2_adapt_v42/gsstream_encfull/joint	
exp__stage2_adapt_v42__gsstream_encfull__joint__stage2_adapted.pt	exp/stage2_adapt_v42/gsstream_encfull/joint/stage2_adapted.pt	15735555	40a454589f9e458b811bc80015d078022d6dc938ea62a7895b6aacb321fd0ccf	QbyTScoreSpec(version=4, value=QbyTReadoutConfig(mode='eps_softmin', temperature=1.0, sink_token=True, text_position='learned', audio_position='relative_bias', relative_num_buckets=32, relative_max_distance=64, sink_readout='additive', sink_identity=False, sink_zero_init=True, temperature_learnable=False, score_temperature=None))	stage2_adapt_v42/gsstream_encfull/joint	
exp__stage2_adapt_v42__gsstream_encfull__stage2_adapted.pt	exp/stage2_adapt_v42/gsstream_encfull/stage2_adapted.pt	15735555	74c83b80f40c1802084c85aac0405082cbfbbbf2f3ca667609859ec1d8e1011b	QbyTScoreSpec(version=4, value=QbyTReadoutConfig(mode='eps_softmin', temperature=1.0, sink_token=True, text_position='learned', audio_position='relative_bias', relative_num_buckets=32, relative_max_distance=64, sink_readout='additive', sink_identity=False, sink_zero_init=True, temperature_learnable=False, score_temperature=None))	stage2_adapt_v42/gsstream_encfull	
exp__stage2_adapt_v42__gsstream_qbytfull__joint__checkpoints__adapt_hey_eva_v42_joint_qbyt_full__version_0__last.ckpt	exp/stage2_adapt_v42/gsstream_qbytfull/joint/checkpoints/adapt_hey_eva_v42_joint_qbyt_full/version_0/last.ckpt	19276837	dfb0071e9d8768c5a6817860c74dcdd39511eb1b4be50687a8cac0250cb97ca6	QbyTScoreSpec(version=4, value=QbyTReadoutConfig(mode='eps_softmin', temperature=1.0, sink_token=True, text_position='learned', audio_position='relative_bias', relative_num_buckets=32, relative_max_distance=64, sink_readout='additive', sink_identity=False, sink_zero_init=True, temperature_learnable=False, score_temperature=None))	stage2_adapt_v42/gsstream_qbytfull/joint	
exp__stage2_adapt_v42__gsstream_qbytfull__joint__checkpoints__adapt_hey_eva_v42_joint_qbyt_full__version_0__stage2_adapted.pt	exp/stage2_adapt_v42/gsstream_qbytfull/joint/checkpoints/adapt_hey_eva_v42_joint_qbyt_full/version_0/stage2_adapted.pt	15735491	fbedc163102d0397238e54cb31a2c9e98eb9c6bc0ed1adb79fa500c9710efa86	QbyTScoreSpec(version=4, value=QbyTReadoutConfig(mode='eps_softmin', temperature=1.0, sink_token=True, text_position='learned', audio_position='relative_bias', relative_num_buckets=32, relative_max_distance=64, sink_readout='additive', sink_identity=False, sink_zero_init=True, temperature_learnable=False, score_temperature=None))	stage2_adapt_v42/gsstream_qbytfull/joint	
exp__stage2_adapt_v42__gsstream_qbytfull__joint__checkpoints__adapt_hey_eva_v42_joint_qbyt_full__version_0__step_step-000900_target_auc_val_target_auc-0.948616.ckpt	exp/stage2_adapt_v42/gsstream_qbytfull/joint/checkpoints/adapt_hey_eva_v42_joint_qbyt_full/version_0/step_step=000900_target_auc_val_target_auc=0.948616.ckpt	19276837	3fb798a701a34bd43ea24704040def0be666362f9b26228954142673c3200c93	QbyTScoreSpec(version=4, value=QbyTReadoutConfig(mode='eps_softmin', temperature=1.0, sink_token=True, text_position='learned', audio_position='relative_bias', relative_num_buckets=32, relative_max_distance=64, sink_readout='additive', sink_identity=False, sink_zero_init=True, temperature_learnable=False, score_temperature=None))	stage2_adapt_v42/gsstream_qbytfull/joint	
exp__stage2_adapt_v42__gsstream_qbytfull__joint__checkpoints__adapt_hey_eva_v42_joint_qbyt_full__version_0__step_step-001200_target_auc_val_target_auc-0.948118.ckpt	exp/stage2_adapt_v42/gsstream_qbytfull/joint/checkpoints/adapt_hey_eva_v42_joint_qbyt_full/version_0/step_step=001200_target_auc_val_target_auc=0.948118.ckpt	19276837	af7a761739647eaca3a820231a63ef61fe6a1b6d0eec5d7689a8aef54aad8f9e	QbyTScoreSpec(version=4, value=QbyTReadoutConfig(mode='eps_softmin', temperature=1.0, sink_token=True, text_position='learned', audio_position='relative_bias', relative_num_buckets=32, relative_max_distance=64, sink_readout='additive', sink_identity=False, sink_zero_init=True, temperature_learnable=False, score_temperature=None))	stage2_adapt_v42/gsstream_qbytfull/joint	
exp__stage2_adapt_v42__gsstream_qbytfull__joint__checkpoints__adapt_hey_eva_v42_joint_qbyt_full__version_0__step_step-002100_target_auc_val_target_auc-0.944553.ckpt	exp/stage2_adapt_v42/gsstream_qbytfull/joint/checkpoints/adapt_hey_eva_v42_joint_qbyt_full/version_0/step_step=002100_target_auc_val_target_auc=0.944553.ckpt	19276837	f1eaa5b9d1c2da0d6d709dc4f95a0d8853d43b305eaaca97928162649399bc44	QbyTScoreSpec(version=4, value=QbyTReadoutConfig(mode='eps_softmin', temperature=1.0, sink_token=True, text_position='learned', audio_position='relative_bias', relative_num_buckets=32, relative_max_distance=64, sink_readout='additive', sink_identity=False, sink_zero_init=True, temperature_learnable=False, score_temperature=None))	stage2_adapt_v42/gsstream_qbytfull/joint	
exp__stage2_adapt_v42__gsstream_qbytfull__joint__stage2_adapted.pt	exp/stage2_adapt_v42/gsstream_qbytfull/joint/stage2_adapted.pt	15735491	651d8e697321b37f8d892294341c5e9e038e7bd4b5ed543eb2da99ebecf03b64	QbyTScoreSpec(version=4, value=QbyTReadoutConfig(mode='eps_softmin', temperature=1.0, sink_token=True, text_position='learned', audio_position='relative_bias', relative_num_buckets=32, relative_max_distance=64, sink_readout='additive', sink_identity=False, sink_zero_init=True, temperature_learnable=False, score_temperature=None))	stage2_adapt_v42/gsstream_qbytfull/joint	
exp__stage2_adapt_v42__gsstream_qbytfull__stage2_adapted.pt	exp/stage2_adapt_v42/gsstream_qbytfull/stage2_adapted.pt	15735491	8e68d7765b17d731b59b9188fbe3d83e4d7dad6ecd0b19c930791bcd40c61cbe	QbyTScoreSpec(version=4, value=QbyTReadoutConfig(mode='eps_softmin', temperature=1.0, sink_token=True, text_position='learned', audio_position='relative_bias', relative_num_buckets=32, relative_max_distance=64, sink_readout='additive', sink_identity=False, sink_zero_init=True, temperature_learnable=False, score_temperature=None))	stage2_adapt_v42/gsstream_qbytfull	
exp__stage2_adapt_v42__hey_eva__real__adapter_hey_eva_v42.pt	exp/stage2_adapt_v42/hey_eva/real/adapter_hey_eva_v42.pt	119915	412b56b87347f6be9b505778da3b8df2ae608734fbc60fd957537db39c6d2d3d	QbyTScoreSpec(version=4, value=QbyTReadoutConfig(mode='eps_softmin', temperature=1.0, sink_token=True, text_position='learned', audio_position='relative_bias', relative_num_buckets=32, relative_max_distance=64, sink_readout='additive', sink_identity=False, sink_zero_init=True, temperature_learnable=False, score_temperature=None))	stage2_adapt_v42/hey_eva/real	
exp__stage2_adapt_v42__hey_eva__real__checkpoints__adapt_hey_eva_v42_real__version_0__adapter_hey_eva_v42.pt	exp/stage2_adapt_v42/hey_eva/real/checkpoints/adapt_hey_eva_v42_real/version_0/adapter_hey_eva_v42.pt	119915	91497f49eff8b891a46e61a2b93af53827fccc76a505fe9b5b4d6e8c91fe779b	QbyTScoreSpec(version=4, value=QbyTReadoutConfig(mode='eps_softmin', temperature=1.0, sink_token=True, text_position='learned', audio_position='relative_bias', relative_num_buckets=32, relative_max_distance=64, sink_readout='additive', sink_identity=False, sink_zero_init=True, temperature_learnable=False, score_temperature=None))	stage2_adapt_v42/hey_eva/real	
exp__stage2_adapt_v42__hey_eva__real__checkpoints__adapt_hey_eva_v42_real__version_0__last.ckpt	exp/stage2_adapt_v42/hey_eva/real/checkpoints/adapt_hey_eva_v42_real/version_0/last.ckpt	15859861	0405836d7d1753979b340c64c6d16408e9b0969ae76c2e175635ac86a0b7dd7b	QbyTScoreSpec(version=4, value=QbyTReadoutConfig(mode='eps_softmin', temperature=1.0, sink_token=True, text_position='learned', audio_position='relative_bias', relative_num_buckets=32, relative_max_distance=64, sink_readout='additive', sink_identity=False, sink_zero_init=True, temperature_learnable=False, score_temperature=None))	stage2_adapt_v42/hey_eva/real	
exp__stage2_adapt_v42__hey_eva__real__checkpoints__adapt_hey_eva_v42_real__version_0__stage2_adapted.pt	exp/stage2_adapt_v42/hey_eva/real/checkpoints/adapt_hey_eva_v42_real/version_0/stage2_adapted.pt	15563451	4c78d6831c592b4c69b7dae445b8479c51004df86d69b7296d6cfae49580015c	QbyTScoreSpec(version=4, value=QbyTReadoutConfig(mode='eps_softmin', temperature=1.0, sink_token=True, text_position='learned', audio_position='relative_bias', relative_num_buckets=32, relative_max_distance=64, sink_readout='additive', sink_identity=False, sink_zero_init=True, temperature_learnable=False, score_temperature=None))	stage2_adapt_v42/hey_eva/real	
exp__stage2_adapt_v42__hey_eva__real__checkpoints__adapt_hey_eva_v42_real__version_0__step_step-000900_target_auc_val_target_auc-0.988203.ckpt	exp/stage2_adapt_v42/hey_eva/real/checkpoints/adapt_hey_eva_v42_real/version_0/step_step=000900_target_auc_val_target_auc=0.988203.ckpt	15859861	eb79efb28dfb456c2c93b8ad3e1612f99f9c07821baa3529229ebb354ac70c02	QbyTScoreSpec(version=4, value=QbyTReadoutConfig(mode='eps_softmin', temperature=1.0, sink_token=True, text_position='learned', audio_position='relative_bias', relative_num_buckets=32, relative_max_distance=64, sink_readout='additive', sink_identity=False, sink_zero_init=True, temperature_learnable=False, score_temperature=None))	stage2_adapt_v42/hey_eva/real	
exp__stage2_adapt_v42__hey_eva__real__checkpoints__adapt_hey_eva_v42_real__version_0__step_step-001200_target_auc_val_target_auc-0.987276.ckpt	exp/stage2_adapt_v42/hey_eva/real/checkpoints/adapt_hey_eva_v42_real/version_0/step_step=001200_target_auc_val_target_auc=0.987276.ckpt	15859861	aeff43b3bf8860eba42391bf83e2c377c2f769a4928a54dd9c45d90af6befc96	QbyTScoreSpec(version=4, value=QbyTReadoutConfig(mode='eps_softmin', temperature=1.0, sink_token=True, text_position='learned', audio_position='relative_bias', relative_num_buckets=32, relative_max_distance=64, sink_readout='additive', sink_identity=False, sink_zero_init=True, temperature_learnable=False, score_temperature=None))	stage2_adapt_v42/hey_eva/real	
exp__stage2_adapt_v42__hey_eva__real__checkpoints__adapt_hey_eva_v42_real__version_0__step_step-001500_target_auc_val_target_auc-0.986993.ckpt	exp/stage2_adapt_v42/hey_eva/real/checkpoints/adapt_hey_eva_v42_real/version_0/step_step=001500_target_auc_val_target_auc=0.986993.ckpt	15859861	25314cd60e6682bfbd08f3f96237a3cd87d561e2b11ae551e3f959afa5103737	QbyTScoreSpec(version=4, value=QbyTReadoutConfig(mode='eps_softmin', temperature=1.0, sink_token=True, text_position='learned', audio_position='relative_bias', relative_num_buckets=32, relative_max_distance=64, sink_readout='additive', sink_identity=False, sink_zero_init=True, temperature_learnable=False, score_temperature=None))	stage2_adapt_v42/hey_eva/real	
exp__stage2_adapt_v42__hey_eva__stage2_adapted.pt	exp/stage2_adapt_v42/hey_eva/stage2_adapted.pt	15563451	86eec8d219c6e31f1640f903db289999b08a7f4df7b7917dfa745c94147a6648	QbyTScoreSpec(version=4, value=QbyTReadoutConfig(mode='eps_softmin', temperature=1.0, sink_token=True, text_position='learned', audio_position='relative_bias', relative_num_buckets=32, relative_max_distance=64, sink_readout='additive', sink_identity=False, sink_zero_init=True, temperature_learnable=False, score_temperature=None))	stage2_adapt_v42/hey_eva	
exp__stage2_adapt_v42__hey_eva__tts__adapter_hey_eva_v42.pt	exp/stage2_adapt_v42/hey_eva/tts/adapter_hey_eva_v42.pt	119915	2a88d75d1e56cc9949c8cfef56a50b2398fedd1fd7ef719bd31f39c3b6febb63	QbyTScoreSpec(version=4, value=QbyTReadoutConfig(mode='eps_softmin', temperature=1.0, sink_token=True, text_position='learned', audio_position='relative_bias', relative_num_buckets=32, relative_max_distance=64, sink_readout='additive', sink_identity=False, sink_zero_init=True, temperature_learnable=False, score_temperature=None))	stage2_adapt_v42/hey_eva/tts	
exp__stage2_adapt_v42__hey_eva__tts__checkpoints__adapt_hey_eva_v42_tts__version_0__adapter_hey_eva_v42.pt	exp/stage2_adapt_v42/hey_eva/tts/checkpoints/adapt_hey_eva_v42_tts/version_0/adapter_hey_eva_v42.pt	119915	8fae214037dd7f99a2b64089c63cfc2a7d8f35703c4e6da8f7bd8a28b84045d6	QbyTScoreSpec(version=4, value=QbyTReadoutConfig(mode='eps_softmin', temperature=1.0, sink_token=True, text_position='learned', audio_position='relative_bias', relative_num_buckets=32, relative_max_distance=64, sink_readout='additive', sink_identity=False, sink_zero_init=True, temperature_learnable=False, score_temperature=None))	stage2_adapt_v42/hey_eva/tts	
exp__stage2_adapt_v42__hey_eva__tts__checkpoints__adapt_hey_eva_v42_tts__version_0__last.ckpt	exp/stage2_adapt_v42/hey_eva/tts/checkpoints/adapt_hey_eva_v42_tts/version_0/last.ckpt	15859669	b0b95e56baddc081f5d839794ba5c194ac269a921bf97a7bf873bf19721bd048	QbyTScoreSpec(version=4, value=QbyTReadoutConfig(mode='eps_softmin', temperature=1.0, sink_token=True, text_position='learned', audio_position='relative_bias', relative_num_buckets=32, relative_max_distance=64, sink_readout='additive', sink_identity=False, sink_zero_init=True, temperature_learnable=False, score_temperature=None))	stage2_adapt_v42/hey_eva/tts	
exp__stage2_adapt_v42__hey_eva__tts__checkpoints__adapt_hey_eva_v42_tts__version_0__stage2_adapted.pt	exp/stage2_adapt_v42/hey_eva/tts/checkpoints/adapt_hey_eva_v42_tts/version_0/stage2_adapted.pt	15563451	2fa9b0ea90fba75eb8ff4646696eee6241fbf1e7fc965e6f24d92b3599c7831e	QbyTScoreSpec(version=4, value=QbyTReadoutConfig(mode='eps_softmin', temperature=1.0, sink_token=True, text_position='learned', audio_position='relative_bias', relative_num_buckets=32, relative_max_distance=64, sink_readout='additive', sink_identity=False, sink_zero_init=True, temperature_learnable=False, score_temperature=None))	stage2_adapt_v42/hey_eva/tts	
exp__stage2_adapt_v42__hey_eva__tts__checkpoints__adapt_hey_eva_v42_tts__version_0__step_step-000300_target_auc_val_target_auc-0.976569.ckpt	exp/stage2_adapt_v42/hey_eva/tts/checkpoints/adapt_hey_eva_v42_tts/version_0/step_step=000300_target_auc_val_target_auc=0.976569.ckpt	15859223	dab3118b92fd20c179e250cd133eb7c451a38afcaca5b556f0d14f7dac8f114f	QbyTScoreSpec(version=4, value=QbyTReadoutConfig(mode='eps_softmin', temperature=1.0, sink_token=True, text_position='learned', audio_position='relative_bias', relative_num_buckets=32, relative_max_distance=64, sink_readout='additive', sink_identity=False, sink_zero_init=True, temperature_learnable=False, score_temperature=None))	stage2_adapt_v42/hey_eva/tts	
exp__stage2_adapt_v42__hey_eva__tts__checkpoints__adapt_hey_eva_v42_tts__version_0__step_step-000600_target_auc_val_target_auc-0.978732.ckpt	exp/stage2_adapt_v42/hey_eva/tts/checkpoints/adapt_hey_eva_v42_tts/version_0/step_step=000600_target_auc_val_target_auc=0.978732.ckpt	15859669	c27e6d6018a466c1246e0bd894b7c6ed55f28b864c8acd5401d8df515585fe2e	QbyTScoreSpec(version=4, value=QbyTReadoutConfig(mode='eps_softmin', temperature=1.0, sink_token=True, text_position='learned', audio_position='relative_bias', relative_num_buckets=32, relative_max_distance=64, sink_readout='additive', sink_identity=False, sink_zero_init=True, temperature_learnable=False, score_temperature=None))	stage2_adapt_v42/hey_eva/tts	
exp__stage2_adapt_v42__hey_eva_joint__joint__adapter_hey_eva_v42.pt	exp/stage2_adapt_v42/hey_eva_joint/joint/adapter_hey_eva_v42.pt	119915	8e0f890d2de4a768bc5d0662740287e5780c08a0f330cf88d9744058bc6099d0	QbyTScoreSpec(version=4, value=QbyTReadoutConfig(mode='eps_softmin', temperature=1.0, sink_token=True, text_position='learned', audio_position='relative_bias', relative_num_buckets=32, relative_max_distance=64, sink_readout='additive', sink_identity=False, sink_zero_init=True, temperature_learnable=False, score_temperature=None))	stage2_adapt_v42/hey_eva_joint/joint	
exp__stage2_adapt_v42__hey_eva_joint__joint__checkpoints__adapt_hey_eva_v42_joint__version_0__adapter_hey_eva_v42.pt	exp/stage2_adapt_v42/hey_eva_joint/joint/checkpoints/adapt_hey_eva_v42_joint/version_0/adapter_hey_eva_v42.pt	119915	bac56b1ea87425a05e366935c1727d5b403be19d612f48f55b1d006a4ee8aaeb	QbyTScoreSpec(version=4, value=QbyTReadoutConfig(mode='eps_softmin', temperature=1.0, sink_token=True, text_position='learned', audio_position='relative_bias', relative_num_buckets=32, relative_max_distance=64, sink_readout='additive', sink_identity=False, sink_zero_init=True, temperature_learnable=False, score_temperature=None))	stage2_adapt_v42/hey_eva_joint/joint	
exp__stage2_adapt_v42__hey_eva_joint__joint__checkpoints__adapt_hey_eva_v42_joint__version_0__last.ckpt	exp/stage2_adapt_v42/hey_eva_joint/joint/checkpoints/adapt_hey_eva_v42_joint/version_0/last.ckpt	15861141	849c85e32a78d44c1f108f2ad889ca3a1e7f3e8f35cdd3a600cb4f922affbd3a	QbyTScoreSpec(version=4, value=QbyTReadoutConfig(mode='eps_softmin', temperature=1.0, sink_token=True, text_position='learned', audio_position='relative_bias', relative_num_buckets=32, relative_max_distance=64, sink_readout='additive', sink_identity=False, sink_zero_init=True, temperature_learnable=False, score_temperature=None))	stage2_adapt_v42/hey_eva_joint/joint	
exp__stage2_adapt_v42__hey_eva_joint__joint__checkpoints__adapt_hey_eva_v42_joint__version_0__stage2_adapted.pt	exp/stage2_adapt_v42/hey_eva_joint/joint/checkpoints/adapt_hey_eva_v42_joint/version_0/stage2_adapted.pt	15563579	30a3830cff8fb417f0b4f563ac405bdf9e1250d5cfffb7a64b0130b9049c56e4	QbyTScoreSpec(version=4, value=QbyTReadoutConfig(mode='eps_softmin', temperature=1.0, sink_token=True, text_position='learned', audio_position='relative_bias', relative_num_buckets=32, relative_max_distance=64, sink_readout='additive', sink_identity=False, sink_zero_init=True, temperature_learnable=False, score_temperature=None))	stage2_adapt_v42/hey_eva_joint/joint	
exp__stage2_adapt_v42__hey_eva_joint__joint__checkpoints__adapt_hey_eva_v42_joint__version_0__step_step-001200_target_auc_val_target_auc-0.984831.ckpt	exp/stage2_adapt_v42/hey_eva_joint/joint/checkpoints/adapt_hey_eva_v42_joint/version_0/step_step=001200_target_auc_val_target_auc=0.984831.ckpt	15861141	203744a59f214d6fd92618e199341ae8ff98bc0a4cd02aa070aa7210b9f14ff5	QbyTScoreSpec(version=4, value=QbyTReadoutConfig(mode='eps_softmin', temperature=1.0, sink_token=True, text_position='learned', audio_position='relative_bias', relative_num_buckets=32, relative_max_distance=64, sink_readout='additive', sink_identity=False, sink_zero_init=True, temperature_learnable=False, score_temperature=None))	stage2_adapt_v42/hey_eva_joint/joint	
exp__stage2_adapt_v42__hey_eva_joint__joint__checkpoints__adapt_hey_eva_v42_joint__version_0__step_step-001500_target_auc_val_target_auc-0.983160.ckpt	exp/stage2_adapt_v42/hey_eva_joint/joint/checkpoints/adapt_hey_eva_v42_joint/version_0/step_step=001500_target_auc_val_target_auc=0.983160.ckpt	15861205	8684daf20b39c376b80f4cbf77d04e8f26fc86cc1bde567ee0bdc1f708559198	QbyTScoreSpec(version=4, value=QbyTReadoutConfig(mode='eps_softmin', temperature=1.0, sink_token=True, text_position='learned', audio_position='relative_bias', relative_num_buckets=32, relative_max_distance=64, sink_readout='additive', sink_identity=False, sink_zero_init=True, temperature_learnable=False, score_temperature=None))	stage2_adapt_v42/hey_eva_joint/joint	
exp__stage2_adapt_v42__hey_eva_joint__joint__checkpoints__adapt_hey_eva_v42_joint__version_0__step_step-002100_target_auc_val_target_auc-0.983670.ckpt	exp/stage2_adapt_v42/hey_eva_joint/joint/checkpoints/adapt_hey_eva_v42_joint/version_0/step_step=002100_target_auc_val_target_auc=0.983670.ckpt	15861141	35c172cbc7828c571f66a206a3dbf2a49a4d868e410b3ac96c281b36c652f972	QbyTScoreSpec(version=4, value=QbyTReadoutConfig(mode='eps_softmin', temperature=1.0, sink_token=True, text_position='learned', audio_position='relative_bias', relative_num_buckets=32, relative_max_distance=64, sink_readout='additive', sink_identity=False, sink_zero_init=True, temperature_learnable=False, score_temperature=None))	stage2_adapt_v42/hey_eva_joint/joint	
exp__stage2_adapt_v42__hey_eva_joint__stage2_adapted.pt	exp/stage2_adapt_v42/hey_eva_joint/stage2_adapted.pt	15563579	4ede451864841e9708f4d55e5346ac4d348b92cedc595c87dfeb9ed4f4a0c742	QbyTScoreSpec(version=4, value=QbyTReadoutConfig(mode='eps_softmin', temperature=1.0, sink_token=True, text_position='learned', audio_position='relative_bias', relative_num_buckets=32, relative_max_distance=64, sink_readout='additive', sink_identity=False, sink_zero_init=True, temperature_learnable=False, score_temperature=None))	stage2_adapt_v42/hey_eva_joint	
exp__stage2_adapt_v42__hey_eva_joint__stage2_adapted_sinkfit.pt	exp/stage2_adapt_v42/hey_eva_joint/stage2_adapted_sinkfit.pt	15549347	541e0842f5b7ddf5ed6db0c4ae12a9545069020d216e7758711f726ca343786e	QbyTScoreSpec(version=4, value=QbyTReadoutConfig(mode='eps_softmin', temperature=1.0, sink_token=True, text_position='learned', audio_position='relative_bias', relative_num_buckets=32, relative_max_distance=64, sink_readout='additive', sink_identity=False, sink_zero_init=True, temperature_learnable=False, score_temperature=None))	stage2_adapt_v42/hey_eva_joint	
exp__stage2_adapt_v42__hey_eva_joint__stage2_adapted_sinkfit_indomain.pt	exp/stage2_adapt_v42/hey_eva_joint/stage2_adapted_sinkfit_indomain.pt	15552731	c550d1bc947be734bef0c13940fbedc004fbfbc2e915d0f40dbf1e51fb9aa5a6	QbyTScoreSpec(version=4, value=QbyTReadoutConfig(mode='eps_softmin', temperature=1.0, sink_token=True, text_position='learned', audio_position='relative_bias', relative_num_buckets=32, relative_max_distance=64, sink_readout='additive', sink_identity=False, sink_zero_init=True, temperature_learnable=False, score_temperature=None))	stage2_adapt_v42/hey_eva_joint	
exp__stage2_adapt_v42__hey_eva_joint_r1__joint__adapter_hey_eva_v42.pt	exp/stage2_adapt_v42/hey_eva_joint_r1/joint/adapter_hey_eva_v42.pt	119915	70a958303901d4968605267061e016041866c27de57d581c65e177ae2acf4833	QbyTScoreSpec(version=4, value=QbyTReadoutConfig(mode='eps_softmin', temperature=1.0, sink_token=True, text_position='learned', audio_position='relative_bias', relative_num_buckets=32, relative_max_distance=64, sink_readout='additive', sink_identity=False, sink_zero_init=True, temperature_learnable=False, score_temperature=None))	stage2_adapt_v42/hey_eva_joint_r1/joint	
exp__stage2_adapt_v42__hey_eva_joint_r1__joint__checkpoints__adapt_hey_eva_v42_joint__version_0__adapter_hey_eva_v42.pt	exp/stage2_adapt_v42/hey_eva_joint_r1/joint/checkpoints/adapt_hey_eva_v42_joint/version_0/adapter_hey_eva_v42.pt	119915	fc4676b1e2eb33a956ceaaa6d0948a0c09bd4cf0dd8c47035bce3d5f3861e257	QbyTScoreSpec(version=4, value=QbyTReadoutConfig(mode='eps_softmin', temperature=1.0, sink_token=True, text_position='learned', audio_position='relative_bias', relative_num_buckets=32, relative_max_distance=64, sink_readout='additive', sink_identity=False, sink_zero_init=True, temperature_learnable=False, score_temperature=None))	stage2_adapt_v42/hey_eva_joint_r1/joint	
exp__stage2_adapt_v42__hey_eva_joint_r1__joint__checkpoints__adapt_hey_eva_v42_joint__version_0__last.ckpt	exp/stage2_adapt_v42/hey_eva_joint_r1/joint/checkpoints/adapt_hey_eva_v42_joint/version_0/last.ckpt	15861205	fe47cdb783e1f417632594b10a17960798a0f0f0d0c1bdc9a670a7d3ee411acd	QbyTScoreSpec(version=4, value=QbyTReadoutConfig(mode='eps_softmin', temperature=1.0, sink_token=True, text_position='learned', audio_position='relative_bias', relative_num_buckets=32, relative_max_distance=64, sink_readout='additive', sink_identity=False, sink_zero_init=True, temperature_learnable=False, score_temperature=None))	stage2_adapt_v42/hey_eva_joint_r1/joint	
exp__stage2_adapt_v42__hey_eva_joint_r1__joint__checkpoints__adapt_hey_eva_v42_joint__version_0__stage2_adapted.pt	exp/stage2_adapt_v42/hey_eva_joint_r1/joint/checkpoints/adapt_hey_eva_v42_joint/version_0/stage2_adapted.pt	15563579	7fc7f2972eeba9cd688d8688cb0a43f69ae121a7a7d3eb646f56c5bc03ed758a	QbyTScoreSpec(version=4, value=QbyTReadoutConfig(mode='eps_softmin', temperature=1.0, sink_token=True, text_position='learned', audio_position='relative_bias', relative_num_buckets=32, relative_max_distance=64, sink_readout='additive', sink_identity=False, sink_zero_init=True, temperature_learnable=False, score_temperature=None))	stage2_adapt_v42/hey_eva_joint_r1/joint	
exp__stage2_adapt_v42__hey_eva_joint_r1__joint__checkpoints__adapt_hey_eva_v42_joint__version_0__step_step-000900_target_auc_val_target_auc-0.886859.ckpt	exp/stage2_adapt_v42/hey_eva_joint_r1/joint/checkpoints/adapt_hey_eva_v42_joint/version_0/step_step=000900_target_auc_val_target_auc=0.886859.ckpt	15861205	d35534bec93774ecd2813304f3a4222c83e5da87f7e37230cfa9a1bd448dc603	QbyTScoreSpec(version=4, value=QbyTReadoutConfig(mode='eps_softmin', temperature=1.0, sink_token=True, text_position='learned', audio_position='relative_bias', relative_num_buckets=32, relative_max_distance=64, sink_readout='additive', sink_identity=False, sink_zero_init=True, temperature_learnable=False, score_temperature=None))	stage2_adapt_v42/hey_eva_joint_r1/joint	
exp__stage2_adapt_v42__hey_eva_joint_r1__joint__checkpoints__adapt_hey_eva_v42_joint__version_0__step_step-001800_target_auc_val_target_auc-0.895955.ckpt	exp/stage2_adapt_v42/hey_eva_joint_r1/joint/checkpoints/adapt_hey_eva_v42_joint/version_0/step_step=001800_target_auc_val_target_auc=0.895955.ckpt	15861205	e9bf5b1db1be31e709e6ef7ea1f4ec1e5e3127deaa774d4cdbe0fd59b8da01d2	QbyTScoreSpec(version=4, value=QbyTReadoutConfig(mode='eps_softmin', temperature=1.0, sink_token=True, text_position='learned', audio_position='relative_bias', relative_num_buckets=32, relative_max_distance=64, sink_readout='additive', sink_identity=False, sink_zero_init=True, temperature_learnable=False, score_temperature=None))	stage2_adapt_v42/hey_eva_joint_r1/joint	
exp__stage2_adapt_v42__hey_eva_joint_r1__joint__checkpoints__adapt_hey_eva_v42_joint__version_0__step_step-002100_target_auc_val_target_auc-0.893798.ckpt	exp/stage2_adapt_v42/hey_eva_joint_r1/joint/checkpoints/adapt_hey_eva_v42_joint/version_0/step_step=002100_target_auc_val_target_auc=0.893798.ckpt	15861205	f5eefdc67926932b3cf28a32872e5617bf36e2000230d166c0f87cba7d206cd9	QbyTScoreSpec(version=4, value=QbyTReadoutConfig(mode='eps_softmin', temperature=1.0, sink_token=True, text_position='learned', audio_position='relative_bias', relative_num_buckets=32, relative_max_distance=64, sink_readout='additive', sink_identity=False, sink_zero_init=True, temperature_learnable=False, score_temperature=None))	stage2_adapt_v42/hey_eva_joint_r1/joint	
exp__stage2_adapt_v42__hey_eva_joint_r1__stage2_adapted.pt	exp/stage2_adapt_v42/hey_eva_joint_r1/stage2_adapted.pt	15563579	0ae208d432409e0db19d98575a826bc78c4961fa2fa89b076b1ea39fd9e46113	QbyTScoreSpec(version=4, value=QbyTReadoutConfig(mode='eps_softmin', temperature=1.0, sink_token=True, text_position='learned', audio_position='relative_bias', relative_num_buckets=32, relative_max_distance=64, sink_readout='additive', sink_identity=False, sink_zero_init=True, temperature_learnable=False, score_temperature=None))	stage2_adapt_v42/hey_eva_joint_r1	
exp__stage2_adapt_v42__hey_eva_joint_r1_enc__joint__checkpoints__adapt_hey_eva_v42_joint_encoder_qbyt_full__version_0__last.ckpt	exp/stage2_adapt_v42/hey_eva_joint_r1_enc/joint/checkpoints/adapt_hey_eva_v42_joint_encoder_qbyt_full/version_0/last.ckpt	41397669	06ffca290297b1b04204805450c8213bb85f7f5c91b35a65c5b6e21cb6f7ad2e	QbyTScoreSpec(version=4, value=QbyTReadoutConfig(mode='eps_softmin', temperature=1.0, sink_token=True, text_position='learned', audio_position='relative_bias', relative_num_buckets=32, relative_max_distance=64, sink_readout='additive', sink_identity=False, sink_zero_init=True, temperature_learnable=False, score_temperature=None))	stage2_adapt_v42/hey_eva_joint_r1_enc/joint	
exp__stage2_adapt_v42__hey_eva_joint_r1_enc__joint__checkpoints__adapt_hey_eva_v42_joint_encoder_qbyt_full__version_0__stage2_adapted.pt	exp/stage2_adapt_v42/hey_eva_joint_r1_enc/joint/checkpoints/adapt_hey_eva_v42_joint_encoder_qbyt_full/version_0/stage2_adapted.pt	15563963	a41839421e81c4030b946ec864148545703e5f540d9aed966819e740c3f4da51	QbyTScoreSpec(version=4, value=QbyTReadoutConfig(mode='eps_softmin', temperature=1.0, sink_token=True, text_position='learned', audio_position='relative_bias', relative_num_buckets=32, relative_max_distance=64, sink_readout='additive', sink_identity=False, sink_zero_init=True, temperature_learnable=False, score_temperature=None))	stage2_adapt_v42/hey_eva_joint_r1_enc/joint	
exp__stage2_adapt_v42__hey_eva_joint_r1_enc__joint__checkpoints__adapt_hey_eva_v42_joint_encoder_qbyt_full__version_0__step_step-001500_target_auc_val_target_auc-0.951696.ckpt	exp/stage2_adapt_v42/hey_eva_joint_r1_enc/joint/checkpoints/adapt_hey_eva_v42_joint_encoder_qbyt_full/version_0/step_step=001500_target_auc_val_target_auc=0.951696.ckpt	41397669	a464369a3bb527945c76f4ffff903a3052de963ea39c36576c06fbb84e60a4e5	QbyTScoreSpec(version=4, value=QbyTReadoutConfig(mode='eps_softmin', temperature=1.0, sink_token=True, text_position='learned', audio_position='relative_bias', relative_num_buckets=32, relative_max_distance=64, sink_readout='additive', sink_identity=False, sink_zero_init=True, temperature_learnable=False, score_temperature=None))	stage2_adapt_v42/hey_eva_joint_r1_enc/joint	
exp__stage2_adapt_v42__hey_eva_joint_r1_enc__joint__checkpoints__adapt_hey_eva_v42_joint_encoder_qbyt_full__version_0__step_step-001800_target_auc_val_target_auc-0.954917.ckpt	exp/stage2_adapt_v42/hey_eva_joint_r1_enc/joint/checkpoints/adapt_hey_eva_v42_joint_encoder_qbyt_full/version_0/step_step=001800_target_auc_val_target_auc=0.954917.ckpt	41397669	939698893ad60c1fbf74ec7423b73f0c53119e957475ed0b8fad6d40451236b8	QbyTScoreSpec(version=4, value=QbyTReadoutConfig(mode='eps_softmin', temperature=1.0, sink_token=True, text_position='learned', audio_position='relative_bias', relative_num_buckets=32, relative_max_distance=64, sink_readout='additive', sink_identity=False, sink_zero_init=True, temperature_learnable=False, score_temperature=None))	stage2_adapt_v42/hey_eva_joint_r1_enc/joint	
exp__stage2_adapt_v42__hey_eva_joint_r1_enc__joint__checkpoints__adapt_hey_eva_v42_joint_encoder_qbyt_full__version_0__step_step-002100_target_auc_val_target_auc-0.955858.ckpt	exp/stage2_adapt_v42/hey_eva_joint_r1_enc/joint/checkpoints/adapt_hey_eva_v42_joint_encoder_qbyt_full/version_0/step_step=002100_target_auc_val_target_auc=0.955858.ckpt	41397669	5db27d921565778c9ccd79f9b643ce1c518a7b299d28c8f4ee4c5a2164173241	QbyTScoreSpec(version=4, value=QbyTReadoutConfig(mode='eps_softmin', temperature=1.0, sink_token=True, text_position='learned', audio_position='relative_bias', relative_num_buckets=32, relative_max_distance=64, sink_readout='additive', sink_identity=False, sink_zero_init=True, temperature_learnable=False, score_temperature=None))	stage2_adapt_v42/hey_eva_joint_r1_enc/joint	
exp__stage2_adapt_v42__hey_eva_joint_r1_enc__joint__stage2_adapted.pt	exp/stage2_adapt_v42/hey_eva_joint_r1_enc/joint/stage2_adapted.pt	15563963	89e5602690069aa59fa32c3106ffb6ccfba6c4efa39ab4c186929550c8bc667b	QbyTScoreSpec(version=4, value=QbyTReadoutConfig(mode='eps_softmin', temperature=1.0, sink_token=True, text_position='learned', audio_position='relative_bias', relative_num_buckets=32, relative_max_distance=64, sink_readout='additive', sink_identity=False, sink_zero_init=True, temperature_learnable=False, score_temperature=None))	stage2_adapt_v42/hey_eva_joint_r1_enc/joint	
exp__stage2_adapt_v42__hey_eva_joint_r1_enc__stage2_adapted.pt	exp/stage2_adapt_v42/hey_eva_joint_r1_enc/stage2_adapted.pt	15563963	60f018c032dcd4544301d74638150be739b3834dba003fa74e09f20fce8b4fd4	QbyTScoreSpec(version=4, value=QbyTReadoutConfig(mode='eps_softmin', temperature=1.0, sink_token=True, text_position='learned', audio_position='relative_bias', relative_num_buckets=32, relative_max_distance=64, sink_readout='additive', sink_identity=False, sink_zero_init=True, temperature_learnable=False, score_temperature=None))	stage2_adapt_v42/hey_eva_joint_r1_enc	
exp__stage2_adapt_v42__hey_eva_realonly__real__adapter_hey_eva_v42.pt	exp/stage2_adapt_v42/hey_eva_realonly/real/adapter_hey_eva_v42.pt	119915	deab70da517895b716bdee96f7ed2810de70dae948a6be531be75f59bb662a99	QbyTScoreSpec(version=4, value=QbyTReadoutConfig(mode='eps_softmin', temperature=1.0, sink_token=True, text_position='learned', audio_position='relative_bias', relative_num_buckets=32, relative_max_distance=64, sink_readout='additive', sink_identity=False, sink_zero_init=True, temperature_learnable=False, score_temperature=None))	stage2_adapt_v42/hey_eva_realonly/real	
exp__stage2_adapt_v42__hey_eva_realonly__real__checkpoints__adapt_hey_eva_v42_real__version_0__adapter_hey_eva_v42.pt	exp/stage2_adapt_v42/hey_eva_realonly/real/checkpoints/adapt_hey_eva_v42_real/version_0/adapter_hey_eva_v42.pt	119915	7d63f1336a843d64246e387aaabacdaf4202113c032a61bfc485d5f3eb148d0d	QbyTScoreSpec(version=4, value=QbyTReadoutConfig(mode='eps_softmin', temperature=1.0, sink_token=True, text_position='learned', audio_position='relative_bias', relative_num_buckets=32, relative_max_distance=64, sink_readout='additive', sink_identity=False, sink_zero_init=True, temperature_learnable=False, score_temperature=None))	stage2_adapt_v42/hey_eva_realonly/real	
exp__stage2_adapt_v42__hey_eva_realonly__real__checkpoints__adapt_hey_eva_v42_real__version_0__last.ckpt	exp/stage2_adapt_v42/hey_eva_realonly/real/checkpoints/adapt_hey_eva_v42_real/version_0/last.ckpt	15859925	908f8a482c020d69acb0221d53f3dd664973d91b6c5e116eb3010b6b3a893a99	QbyTScoreSpec(version=4, value=QbyTReadoutConfig(mode='eps_softmin', temperature=1.0, sink_token=True, text_position='learned', audio_position='relative_bias', relative_num_buckets=32, relative_max_distance=64, sink_readout='additive', sink_identity=False, sink_zero_init=True, temperature_learnable=False, score_temperature=None))	stage2_adapt_v42/hey_eva_realonly/real	
exp__stage2_adapt_v42__hey_eva_realonly__real__checkpoints__adapt_hey_eva_v42_real__version_0__stage2_adapted.pt	exp/stage2_adapt_v42/hey_eva_realonly/real/checkpoints/adapt_hey_eva_v42_real/version_0/stage2_adapted.pt	15563515	8c8b9b91ae48b22b436f10a586b22c3aaaebfa33ee41583996e079f4f0672dc6	QbyTScoreSpec(version=4, value=QbyTReadoutConfig(mode='eps_softmin', temperature=1.0, sink_token=True, text_position='learned', audio_position='relative_bias', relative_num_buckets=32, relative_max_distance=64, sink_readout='additive', sink_identity=False, sink_zero_init=True, temperature_learnable=False, score_temperature=None))	stage2_adapt_v42/hey_eva_realonly/real	
exp__stage2_adapt_v42__hey_eva_realonly__real__checkpoints__adapt_hey_eva_v42_real__version_0__step_step-000900_target_auc_val_target_auc-0.974952.ckpt	exp/stage2_adapt_v42/hey_eva_realonly/real/checkpoints/adapt_hey_eva_v42_real/version_0/step_step=000900_target_auc_val_target_auc=0.974952.ckpt	15859925	15715901d70ca1e848d227efb41511a5829e147550472cde6d6933aff5015907	QbyTScoreSpec(version=4, value=QbyTReadoutConfig(mode='eps_softmin', temperature=1.0, sink_token=True, text_position='learned', audio_position='relative_bias', relative_num_buckets=32, relative_max_distance=64, sink_readout='additive', sink_identity=False, sink_zero_init=True, temperature_learnable=False, score_temperature=None))	stage2_adapt_v42/hey_eva_realonly/real	
exp__stage2_adapt_v42__hey_eva_realonly__real__checkpoints__adapt_hey_eva_v42_real__version_0__step_step-001200_target_auc_val_target_auc-0.973971.ckpt	exp/stage2_adapt_v42/hey_eva_realonly/real/checkpoints/adapt_hey_eva_v42_real/version_0/step_step=001200_target_auc_val_target_auc=0.973971.ckpt	15859925	a5f37a6d19ab3cdb48c53eb506ff611328e40b4a196211c22bb0a1997cd4df0c	QbyTScoreSpec(version=4, value=QbyTReadoutConfig(mode='eps_softmin', temperature=1.0, sink_token=True, text_position='learned', audio_position='relative_bias', relative_num_buckets=32, relative_max_distance=64, sink_readout='additive', sink_identity=False, sink_zero_init=True, temperature_learnable=False, score_temperature=None))	stage2_adapt_v42/hey_eva_realonly/real	
exp__stage2_adapt_v42__hey_eva_realonly__real__checkpoints__adapt_hey_eva_v42_real__version_0__step_step-001500_target_auc_val_target_auc-0.970904.ckpt	exp/stage2_adapt_v42/hey_eva_realonly/real/checkpoints/adapt_hey_eva_v42_real/version_0/step_step=001500_target_auc_val_target_auc=0.970904.ckpt	15859925	82adc1c8adba868fe9f641c877505c19cd1a35e1896dc9422a83df89491bba6d	QbyTScoreSpec(version=4, value=QbyTReadoutConfig(mode='eps_softmin', temperature=1.0, sink_token=True, text_position='learned', audio_position='relative_bias', relative_num_buckets=32, relative_max_distance=64, sink_readout='additive', sink_identity=False, sink_zero_init=True, temperature_learnable=False, score_temperature=None))	stage2_adapt_v42/hey_eva_realonly/real	
exp__stage2_adapt_v42__hey_eva_realonly__stage2_adapted.pt	exp/stage2_adapt_v42/hey_eva_realonly/stage2_adapted.pt	15563515	936afc2eb22cb0ba0cb4ac1e0cb04681fb5c030a1e5066fbbfd9f0a3f1f97264	QbyTScoreSpec(version=4, value=QbyTReadoutConfig(mode='eps_softmin', temperature=1.0, sink_token=True, text_position='learned', audio_position='relative_bias', relative_num_buckets=32, relative_max_distance=64, sink_readout='additive', sink_identity=False, sink_zero_init=True, temperature_learnable=False, score_temperature=None))	stage2_adapt_v42/hey_eva_realonly	
exp__stage2_adapt_v42__hey_eva_repair__real__adapter_hey_eva_v42.pt	exp/stage2_adapt_v42/hey_eva_repair/real/adapter_hey_eva_v42.pt	119915	0739c5bd66041da353ae43a504c482cedc463481f4760ba0e34e38fe0c54516b	QbyTScoreSpec(version=4, value=QbyTReadoutConfig(mode='eps_softmin', temperature=1.0, sink_token=True, text_position='learned', audio_position='relative_bias', relative_num_buckets=32, relative_max_distance=64, sink_readout='additive', sink_identity=False, sink_zero_init=True, temperature_learnable=False, score_temperature=None))	stage2_adapt_v42/hey_eva_repair/real	
exp__stage2_adapt_v42__hey_eva_repair__real__checkpoints__adapt_hey_eva_v42_real__version_0__adapter_hey_eva_v42.pt	exp/stage2_adapt_v42/hey_eva_repair/real/checkpoints/adapt_hey_eva_v42_real/version_0/adapter_hey_eva_v42.pt	119915	09795c3f6d9748a22f72d64b759f255698cb5d377230cca2d74dd99fc4882b63	QbyTScoreSpec(version=4, value=QbyTReadoutConfig(mode='eps_softmin', temperature=1.0, sink_token=True, text_position='learned', audio_position='relative_bias', relative_num_buckets=32, relative_max_distance=64, sink_readout='additive', sink_identity=False, sink_zero_init=True, temperature_learnable=False, score_temperature=None))	stage2_adapt_v42/hey_eva_repair/real	
exp__stage2_adapt_v42__hey_eva_repair__real__checkpoints__adapt_hey_eva_v42_real__version_0__last.ckpt	exp/stage2_adapt_v42/hey_eva_repair/real/checkpoints/adapt_hey_eva_v42_real/version_0/last.ckpt	15859287	2bd47616c64edb1068701b3807376f41375b2596bdf121b54fceab4c1085226b	QbyTScoreSpec(version=4, value=QbyTReadoutConfig(mode='eps_softmin', temperature=1.0, sink_token=True, text_position='learned', audio_position='relative_bias', relative_num_buckets=32, relative_max_distance=64, sink_readout='additive', sink_identity=False, sink_zero_init=True, temperature_learnable=False, score_temperature=None))	stage2_adapt_v42/hey_eva_repair/real	
exp__stage2_adapt_v42__hey_eva_repair__real__checkpoints__adapt_hey_eva_v42_real__version_0__stage2_adapted.pt	exp/stage2_adapt_v42/hey_eva_repair/real/checkpoints/adapt_hey_eva_v42_real/version_0/stage2_adapted.pt	15563451	718e4847f4debcca8ac44d63a22fa505a99136718fce095a2d89e2f21055b5f5	QbyTScoreSpec(version=4, value=QbyTReadoutConfig(mode='eps_softmin', temperature=1.0, sink_token=True, text_position='learned', audio_position='relative_bias', relative_num_buckets=32, relative_max_distance=64, sink_readout='additive', sink_identity=False, sink_zero_init=True, temperature_learnable=False, score_temperature=None))	stage2_adapt_v42/hey_eva_repair/real	
exp__stage2_adapt_v42__hey_eva_repair__real__checkpoints__adapt_hey_eva_v42_real__version_0__step_step-000300_target_auc_val_target_auc-0.987059.ckpt	exp/stage2_adapt_v42/hey_eva_repair/real/checkpoints/adapt_hey_eva_v42_real/version_0/step_step=000300_target_auc_val_target_auc=0.987059.ckpt	15859287	0f96dd3532d1bbb0ed7cfe4118cb983fb860f6b834aea466dc8ea14cad67497a	QbyTScoreSpec(version=4, value=QbyTReadoutConfig(mode='eps_softmin', temperature=1.0, sink_token=True, text_position='learned', audio_position='relative_bias', relative_num_buckets=32, relative_max_distance=64, sink_readout='additive', sink_identity=False, sink_zero_init=True, temperature_learnable=False, score_temperature=None))	stage2_adapt_v42/hey_eva_repair/real	
exp__stage2_adapt_v42__hey_eva_repair__stage2_adapted.pt	exp/stage2_adapt_v42/hey_eva_repair/stage2_adapted.pt	15563451	7afc87dd84ffa06732c498c1c8d2959ca9fc91c210f916446e99f04aaf32ff90	QbyTScoreSpec(version=4, value=QbyTReadoutConfig(mode='eps_softmin', temperature=1.0, sink_token=True, text_position='learned', audio_position='relative_bias', relative_num_buckets=32, relative_max_distance=64, sink_readout='additive', sink_identity=False, sink_zero_init=True, temperature_learnable=False, score_temperature=None))	stage2_adapt_v42/hey_eva_repair	
exp__stage2_adapt_v42__hey_eva_repair__tts__adapter_hey_eva_v42.pt	exp/stage2_adapt_v42/hey_eva_repair/tts/adapter_hey_eva_v42.pt	119915	412b56b87347f6be9b505778da3b8df2ae608734fbc60fd957537db39c6d2d3d	QbyTScoreSpec(version=4, value=QbyTReadoutConfig(mode='eps_softmin', temperature=1.0, sink_token=True, text_position='learned', audio_position='relative_bias', relative_num_buckets=32, relative_max_distance=64, sink_readout='additive', sink_identity=False, sink_zero_init=True, temperature_learnable=False, score_temperature=None))	stage2_adapt_v42/hey_eva_repair/tts	
exp__stage2_adapt_v42__r1_lora_best__joint__adapter_hey_eva_v42.pt	exp/stage2_adapt_v42/r1_lora_best/joint/adapter_hey_eva_v42.pt	414827	cd04eae6ac526d1ad867e6fd6ae4951582f6d8836bac3e327f7ba1d5e1842002	QbyTScoreSpec(version=4, value=QbyTReadoutConfig(mode='eps_softmin', temperature=1.0, sink_token=True, text_position='learned', audio_position='relative_bias', relative_num_buckets=32, relative_max_distance=64, sink_readout='additive', sink_identity=False, sink_zero_init=True, temperature_learnable=False, score_temperature=None))	stage2_adapt_v42/r1_lora_best/joint	
exp__stage2_adapt_v42__r1_lora_best__joint__checkpoints__adapt_hey_eva_v42_joint__version_0__adapter_hey_eva_v42.pt	exp/stage2_adapt_v42/r1_lora_best/joint/checkpoints/adapt_hey_eva_v42_joint/version_0/adapter_hey_eva_v42.pt	414827	3a35355a32366ed6e7b5807a0748fc11d164876ccbdb7df74121104133030895	QbyTScoreSpec(version=4, value=QbyTReadoutConfig(mode='eps_softmin', temperature=1.0, sink_token=True, text_position='learned', audio_position='relative_bias', relative_num_buckets=32, relative_max_distance=64, sink_readout='additive', sink_identity=False, sink_zero_init=True, temperature_learnable=False, score_temperature=None))	stage2_adapt_v42/r1_lora_best/joint	
exp__stage2_adapt_v42__r1_lora_best__joint__checkpoints__adapt_hey_eva_v42_joint__version_0__last.ckpt	exp/stage2_adapt_v42/r1_lora_best/joint/checkpoints/adapt_hey_eva_v42_joint/version_0/last.ckpt	16745877	a1051dc9ed5ca6ba21e0efcbcfe5e225fda09b8331698db143e309ff9cc6d593	QbyTScoreSpec(version=4, value=QbyTReadoutConfig(mode='eps_softmin', temperature=1.0, sink_token=True, text_position='learned', audio_position='relative_bias', relative_num_buckets=32, relative_max_distance=64, sink_readout='additive', sink_identity=False, sink_zero_init=True, temperature_learnable=False, score_temperature=None))	stage2_adapt_v42/r1_lora_best/joint	
exp__stage2_adapt_v42__r1_lora_best__joint__checkpoints__adapt_hey_eva_v42_joint__version_0__stage2_adapted.pt	exp/stage2_adapt_v42/r1_lora_best/joint/checkpoints/adapt_hey_eva_v42_joint/version_0/stage2_adapted.pt	15563579	42fe6cb02ec4165b81659825231f8511f71abdd7c6dba41c904e33fdeedef864	QbyTScoreSpec(version=4, value=QbyTReadoutConfig(mode='eps_softmin', temperature=1.0, sink_token=True, text_position='learned', audio_position='relative_bias', relative_num_buckets=32, relative_max_distance=64, sink_readout='additive', sink_identity=False, sink_zero_init=True, temperature_learnable=False, score_temperature=None))	stage2_adapt_v42/r1_lora_best/joint	
exp__stage2_adapt_v42__r1_lora_best__joint__checkpoints__adapt_hey_eva_v42_joint__version_0__step_step-000600_target_auc_val_target_auc-0.905692.ckpt	exp/stage2_adapt_v42/r1_lora_best/joint/checkpoints/adapt_hey_eva_v42_joint/version_0/step_step=000600_target_auc_val_target_auc=0.905692.ckpt	16745685	4cd73036336d35b3e29cf3e99e9e280ac2746acd06e046e08a5b013581d4c12b	QbyTScoreSpec(version=4, value=QbyTReadoutConfig(mode='eps_softmin', temperature=1.0, sink_token=True, text_position='learned', audio_position='relative_bias', relative_num_buckets=32, relative_max_distance=64, sink_readout='additive', sink_identity=False, sink_zero_init=True, temperature_learnable=False, score_temperature=None))	stage2_adapt_v42/r1_lora_best/joint	
exp__stage2_adapt_v42__r1_lora_best__joint__checkpoints__adapt_hey_eva_v42_joint__version_0__step_step-001500_target_auc_val_target_auc-0.902525.ckpt	exp/stage2_adapt_v42/r1_lora_best/joint/checkpoints/adapt_hey_eva_v42_joint/version_0/step_step=001500_target_auc_val_target_auc=0.902525.ckpt	16745877	1ea6fc1ca72cdebceb4f713fcd529ee3067d79422e198a8cf4bfe61f098e2b5c	QbyTScoreSpec(version=4, value=QbyTReadoutConfig(mode='eps_softmin', temperature=1.0, sink_token=True, text_position='learned', audio_position='relative_bias', relative_num_buckets=32, relative_max_distance=64, sink_readout='additive', sink_identity=False, sink_zero_init=True, temperature_learnable=False, score_temperature=None))	stage2_adapt_v42/r1_lora_best/joint	
exp__stage2_adapt_v42__r1_lora_best__joint__checkpoints__adapt_hey_eva_v42_joint__version_0__step_step-002100_target_auc_val_target_auc-0.901094.ckpt	exp/stage2_adapt_v42/r1_lora_best/joint/checkpoints/adapt_hey_eva_v42_joint/version_0/step_step=002100_target_auc_val_target_auc=0.901094.ckpt	16745877	734b9d481b06fdbe61ecb7dcd217d134243e851172ac7dd44bece7e7acec0e82	QbyTScoreSpec(version=4, value=QbyTReadoutConfig(mode='eps_softmin', temperature=1.0, sink_token=True, text_position='learned', audio_position='relative_bias', relative_num_buckets=32, relative_max_distance=64, sink_readout='additive', sink_identity=False, sink_zero_init=True, temperature_learnable=False, score_temperature=None))	stage2_adapt_v42/r1_lora_best/joint	
exp__stage2_adapt_v42__r1_lora_best__stage2_adapted.pt	exp/stage2_adapt_v42/r1_lora_best/stage2_adapted.pt	15563579	dceaf7ba9753420b5c9a6c58de3f74b8101c656c38ebdcfc9d4bcf7180aa00c9	QbyTScoreSpec(version=4, value=QbyTReadoutConfig(mode='eps_softmin', temperature=1.0, sink_token=True, text_position='learned', audio_position='relative_bias', relative_num_buckets=32, relative_max_distance=64, sink_readout='additive', sink_identity=False, sink_zero_init=True, temperature_learnable=False, score_temperature=None))	stage2_adapt_v42/r1_lora_best	
exp__stage2_adapt_v42__r1_qbytfull__joint__checkpoints__adapt_hey_eva_v42_joint_qbyt_full__version_0__last.ckpt	exp/stage2_adapt_v42/r1_qbytfull/joint/checkpoints/adapt_hey_eva_v42_joint_qbyt_full/version_0/last.ckpt	19104741	f0098b3349a5d950ee9273ed7d81b34fb00b20746040fa3ecc465ae56d8f1946	QbyTScoreSpec(version=4, value=QbyTReadoutConfig(mode='eps_softmin', temperature=1.0, sink_token=True, text_position='learned', audio_position='relative_bias', relative_num_buckets=32, relative_max_distance=64, sink_readout='additive', sink_identity=False, sink_zero_init=True, temperature_learnable=False, score_temperature=None))	stage2_adapt_v42/r1_qbytfull/joint	
exp__stage2_adapt_v42__r1_qbytfull__joint__checkpoints__adapt_hey_eva_v42_joint_qbyt_full__version_0__stage2_adapted.pt	exp/stage2_adapt_v42/r1_qbytfull/joint/checkpoints/adapt_hey_eva_v42_joint_qbyt_full/version_0/stage2_adapted.pt	15563899	7b1dc17ceb3619b8ce5ea3dafe6a0871746188b6751b6000890bdbf5de0aff29	QbyTScoreSpec(version=4, value=QbyTReadoutConfig(mode='eps_softmin', temperature=1.0, sink_token=True, text_position='learned', audio_position='relative_bias', relative_num_buckets=32, relative_max_distance=64, sink_readout='additive', sink_identity=False, sink_zero_init=True, temperature_learnable=False, score_temperature=None))	stage2_adapt_v42/r1_qbytfull/joint	
exp__stage2_adapt_v42__r1_qbytfull__joint__checkpoints__adapt_hey_eva_v42_joint_qbyt_full__version_0__step_step-000900_target_auc_val_target_auc-0.911903.ckpt	exp/stage2_adapt_v42/r1_qbytfull/joint/checkpoints/adapt_hey_eva_v42_joint_qbyt_full/version_0/step_step=000900_target_auc_val_target_auc=0.911903.ckpt	19104741	1961de3be255cab4dce8ee20902a32c27216626d7f1b11aa6258c95b0bf60391	QbyTScoreSpec(version=4, value=QbyTReadoutConfig(mode='eps_softmin', temperature=1.0, sink_token=True, text_position='learned', audio_position='relative_bias', relative_num_buckets=32, relative_max_distance=64, sink_readout='additive', sink_identity=False, sink_zero_init=True, temperature_learnable=False, score_temperature=None))	stage2_adapt_v42/r1_qbytfull/joint	
exp__stage2_adapt_v42__r1_qbytfull__joint__checkpoints__adapt_hey_eva_v42_joint_qbyt_full__version_0__step_step-001800_target_auc_val_target_auc-0.920954.ckpt	exp/stage2_adapt_v42/r1_qbytfull/joint/checkpoints/adapt_hey_eva_v42_joint_qbyt_full/version_0/step_step=001800_target_auc_val_target_auc=0.920954.ckpt	19104741	c68e566e8aceee5b2418230ec48e0f987ea3dab6dbfda62df94de0ca041bc028	QbyTScoreSpec(version=4, value=QbyTReadoutConfig(mode='eps_softmin', temperature=1.0, sink_token=True, text_position='learned', audio_position='relative_bias', relative_num_buckets=32, relative_max_distance=64, sink_readout='additive', sink_identity=False, sink_zero_init=True, temperature_learnable=False, score_temperature=None))	stage2_adapt_v42/r1_qbytfull/joint	
exp__stage2_adapt_v42__r1_qbytfull__joint__checkpoints__adapt_hey_eva_v42_joint_qbyt_full__version_0__step_step-002100_target_auc_val_target_auc-0.919185.ckpt	exp/stage2_adapt_v42/r1_qbytfull/joint/checkpoints/adapt_hey_eva_v42_joint_qbyt_full/version_0/step_step=002100_target_auc_val_target_auc=0.919185.ckpt	19104741	cfc8cace4ffedb7f468e54b946f492149764d149a8b62349b673ae587b0ef320	QbyTScoreSpec(version=4, value=QbyTReadoutConfig(mode='eps_softmin', temperature=1.0, sink_token=True, text_position='learned', audio_position='relative_bias', relative_num_buckets=32, relative_max_distance=64, sink_readout='additive', sink_identity=False, sink_zero_init=True, temperature_learnable=False, score_temperature=None))	stage2_adapt_v42/r1_qbytfull/joint	
exp__stage2_adapt_v42__r1_qbytfull__joint__stage2_adapted.pt	exp/stage2_adapt_v42/r1_qbytfull/joint/stage2_adapted.pt	15563899	6e6065432543f4ae46436d9ea4b5211e914dc08eefd7402ab312f2ffd2453d1b	QbyTScoreSpec(version=4, value=QbyTReadoutConfig(mode='eps_softmin', temperature=1.0, sink_token=True, text_position='learned', audio_position='relative_bias', relative_num_buckets=32, relative_max_distance=64, sink_readout='additive', sink_identity=False, sink_zero_init=True, temperature_learnable=False, score_temperature=None))	stage2_adapt_v42/r1_qbytfull/joint	
exp__stage2_adapt_v42__r1_qbytfull__stage2_adapted.pt	exp/stage2_adapt_v42/r1_qbytfull/stage2_adapted.pt	15563899	8d20849e0b12560afc44760000cf0bcb728afbb054ac487118c9cc527decd642	QbyTScoreSpec(version=4, value=QbyTReadoutConfig(mode='eps_softmin', temperature=1.0, sink_token=True, text_position='learned', audio_position='relative_bias', relative_num_buckets=32, relative_max_distance=64, sink_readout='additive', sink_identity=False, sink_zero_init=True, temperature_learnable=False, score_temperature=None))	stage2_adapt_v42/r1_qbytfull	
exp__stage2_adapt_v42__r1enc_gentle__joint__checkpoints__adapt_hey_eva_v42_joint_encoder_qbyt_full__version_0__last.ckpt	exp/stage2_adapt_v42/r1enc_gentle/joint/checkpoints/adapt_hey_eva_v42_joint_encoder_qbyt_full/version_0/last.ckpt	41397605	5177f1731b9cf7f43adf706833dd237ec7f8db152fb7bf2e163bcc059ab63801	QbyTScoreSpec(version=4, value=QbyTReadoutConfig(mode='eps_softmin', temperature=1.0, sink_token=True, text_position='learned', audio_position='relative_bias', relative_num_buckets=32, relative_max_distance=64, sink_readout='additive', sink_identity=False, sink_zero_init=True, temperature_learnable=False, score_temperature=None))	stage2_adapt_v42/r1enc_gentle/joint	
exp__stage2_adapt_v42__r1enc_gentle__joint__checkpoints__adapt_hey_eva_v42_joint_encoder_qbyt_full__version_0__stage2_adapted.pt	exp/stage2_adapt_v42/r1enc_gentle/joint/checkpoints/adapt_hey_eva_v42_joint_encoder_qbyt_full/version_0/stage2_adapted.pt	15563899	d6e3214178962de5ad24e6db3f7e7b42b6fe8ba5d0d6dda061a6f17605210094	QbyTScoreSpec(version=4, value=QbyTReadoutConfig(mode='eps_softmin', temperature=1.0, sink_token=True, text_position='learned', audio_position='relative_bias', relative_num_buckets=32, relative_max_distance=64, sink_readout='additive', sink_identity=False, sink_zero_init=True, temperature_learnable=False, score_temperature=None))	stage2_adapt_v42/r1enc_gentle/joint	
exp__stage2_adapt_v42__r1enc_gentle__joint__checkpoints__adapt_hey_eva_v42_joint_encoder_qbyt_full__version_0__step_step-001500_target_auc_val_target_auc-0.929146.ckpt	exp/stage2_adapt_v42/r1enc_gentle/joint/checkpoints/adapt_hey_eva_v42_joint_encoder_qbyt_full/version_0/step_step=001500_target_auc_val_target_auc=0.929146.ckpt	41397605	56ffe3edd0288d89514ca5414df7d83ddef32cf44a5c740466909bf11a62970d	QbyTScoreSpec(version=4, value=QbyTReadoutConfig(mode='eps_softmin', temperature=1.0, sink_token=True, text_position='learned', audio_position='relative_bias', relative_num_buckets=32, relative_max_distance=64, sink_readout='additive', sink_identity=False, sink_zero_init=True, temperature_learnable=False, score_temperature=None))	stage2_adapt_v42/r1enc_gentle/joint	
exp__stage2_adapt_v42__r1enc_gentle__joint__checkpoints__adapt_hey_eva_v42_joint_encoder_qbyt_full__version_0__step_step-001800_target_auc_val_target_auc-0.932922.ckpt	exp/stage2_adapt_v42/r1enc_gentle/joint/checkpoints/adapt_hey_eva_v42_joint_encoder_qbyt_full/version_0/step_step=001800_target_auc_val_target_auc=0.932922.ckpt	41397605	517c3d19f1e07de00906d81716dee6b17d844a4c11ff19315891f699adeb6c1e	QbyTScoreSpec(version=4, value=QbyTReadoutConfig(mode='eps_softmin', temperature=1.0, sink_token=True, text_position='learned', audio_position='relative_bias', relative_num_buckets=32, relative_max_distance=64, sink_readout='additive', sink_identity=False, sink_zero_init=True, temperature_learnable=False, score_temperature=None))	stage2_adapt_v42/r1enc_gentle/joint	
exp__stage2_adapt_v42__r1enc_gentle__joint__checkpoints__adapt_hey_eva_v42_joint_encoder_qbyt_full__version_0__step_step-002100_target_auc_val_target_auc-0.934056.ckpt	exp/stage2_adapt_v42/r1enc_gentle/joint/checkpoints/adapt_hey_eva_v42_joint_encoder_qbyt_full/version_0/step_step=002100_target_auc_val_target_auc=0.934056.ckpt	41397605	2d40721d9413bd8489deb7420c45ff26c3cf54e908844eda57fdb338c5393dc2	QbyTScoreSpec(version=4, value=QbyTReadoutConfig(mode='eps_softmin', temperature=1.0, sink_token=True, text_position='learned', audio_position='relative_bias', relative_num_buckets=32, relative_max_distance=64, sink_readout='additive', sink_identity=False, sink_zero_init=True, temperature_learnable=False, score_temperature=None))	stage2_adapt_v42/r1enc_gentle/joint	
exp__stage2_adapt_v42__r1enc_gentle__joint__stage2_adapted.pt	exp/stage2_adapt_v42/r1enc_gentle/joint/stage2_adapted.pt	15563899	9c4917d94e22b76128735eb3c6e366c4d760df6eb2a21639d65978f3ba8a898b	QbyTScoreSpec(version=4, value=QbyTReadoutConfig(mode='eps_softmin', temperature=1.0, sink_token=True, text_position='learned', audio_position='relative_bias', relative_num_buckets=32, relative_max_distance=64, sink_readout='additive', sink_identity=False, sink_zero_init=True, temperature_learnable=False, score_temperature=None))	stage2_adapt_v42/r1enc_gentle/joint	
exp__stage2_adapt_v42__r1enc_gentle__stage2_adapted.pt	exp/stage2_adapt_v42/r1enc_gentle/stage2_adapted.pt	15563899	2426f051c62fd33eb804fbb24842ad9f9919d6745ffc376458e2661db94f8943	QbyTScoreSpec(version=4, value=QbyTReadoutConfig(mode='eps_softmin', temperature=1.0, sink_token=True, text_position='learned', audio_position='relative_bias', relative_num_buckets=32, relative_max_distance=64, sink_readout='additive', sink_identity=False, sink_zero_init=True, temperature_learnable=False, score_temperature=None))	stage2_adapt_v42/r1enc_gentle	
exp__stage2_adapt_v42__r1enc_tail__joint__checkpoints__adapt_hey_eva_v42_joint_encoder_qbyt_full__version_0__last.ckpt	exp/stage2_adapt_v42/r1enc_tail/joint/checkpoints/adapt_hey_eva_v42_joint_encoder_qbyt_full/version_0/last.ckpt	41397605	84ea5a86331921a781a1722a575c8f1991338589a7b9bbfa4b088a7030f74ea9	QbyTScoreSpec(version=4, value=QbyTReadoutConfig(mode='eps_softmin', temperature=1.0, sink_token=True, text_position='learned', audio_position='relative_bias', relative_num_buckets=32, relative_max_distance=64, sink_readout='additive', sink_identity=False, sink_zero_init=True, temperature_learnable=False, score_temperature=None))	stage2_adapt_v42/r1enc_tail/joint	
exp__stage2_adapt_v42__r1enc_tail__joint__checkpoints__adapt_hey_eva_v42_joint_encoder_qbyt_full__version_0__stage2_adapted.pt	exp/stage2_adapt_v42/r1enc_tail/joint/checkpoints/adapt_hey_eva_v42_joint_encoder_qbyt_full/version_0/stage2_adapted.pt	15563899	ef81357a1a651acaa725961a836dc18300fe3ee28dde374e4316f38b037697a2	QbyTScoreSpec(version=4, value=QbyTReadoutConfig(mode='eps_softmin', temperature=1.0, sink_token=True, text_position='learned', audio_position='relative_bias', relative_num_buckets=32, relative_max_distance=64, sink_readout='additive', sink_identity=False, sink_zero_init=True, temperature_learnable=False, score_temperature=None))	stage2_adapt_v42/r1enc_tail/joint	
exp__stage2_adapt_v42__r1enc_tail__joint__checkpoints__adapt_hey_eva_v42_joint_encoder_qbyt_full__version_0__step_step-000900_target_auc_val_target_auc-0.951336.ckpt	exp/stage2_adapt_v42/r1enc_tail/joint/checkpoints/adapt_hey_eva_v42_joint_encoder_qbyt_full/version_0/step_step=000900_target_auc_val_target_auc=0.951336.ckpt	41397541	e405a002e286c2cab27876bac9f3b7b6658411c091a21d40e6af0de3b200f5b1	QbyTScoreSpec(version=4, value=QbyTReadoutConfig(mode='eps_softmin', temperature=1.0, sink_token=True, text_position='learned', audio_position='relative_bias', relative_num_buckets=32, relative_max_distance=64, sink_readout='additive', sink_identity=False, sink_zero_init=True, temperature_learnable=False, score_temperature=None))	stage2_adapt_v42/r1enc_tail/joint	
exp__stage2_adapt_v42__r1enc_tail__joint__checkpoints__adapt_hey_eva_v42_joint_encoder_qbyt_full__version_0__step_step-001800_target_auc_val_target_auc-0.951782.ckpt	exp/stage2_adapt_v42/r1enc_tail/joint/checkpoints/adapt_hey_eva_v42_joint_encoder_qbyt_full/version_0/step_step=001800_target_auc_val_target_auc=0.951782.ckpt	41397541	7105567dc282d2112740635df51562f052c17e010ab42ed6ee000da6ee6921ae	QbyTScoreSpec(version=4, value=QbyTReadoutConfig(mode='eps_softmin', temperature=1.0, sink_token=True, text_position='learned', audio_position='relative_bias', relative_num_buckets=32, relative_max_distance=64, sink_readout='additive', sink_identity=False, sink_zero_init=True, temperature_learnable=False, score_temperature=None))	stage2_adapt_v42/r1enc_tail/joint	
exp__stage2_adapt_v42__r1enc_tail__joint__checkpoints__adapt_hey_eva_v42_joint_encoder_qbyt_full__version_0__step_step-002100_target_auc_val_target_auc-0.952649.ckpt	exp/stage2_adapt_v42/r1enc_tail/joint/checkpoints/adapt_hey_eva_v42_joint_encoder_qbyt_full/version_0/step_step=002100_target_auc_val_target_auc=0.952649.ckpt	41397605	0312e510e6919723451a16668e1b463cd1da6560214c19817f35dc24bac51d64	QbyTScoreSpec(version=4, value=QbyTReadoutConfig(mode='eps_softmin', temperature=1.0, sink_token=True, text_position='learned', audio_position='relative_bias', relative_num_buckets=32, relative_max_distance=64, sink_readout='additive', sink_identity=False, sink_zero_init=True, temperature_learnable=False, score_temperature=None))	stage2_adapt_v42/r1enc_tail/joint	
exp__stage2_adapt_v42__r1enc_tail__joint__stage2_adapted.pt	exp/stage2_adapt_v42/r1enc_tail/joint/stage2_adapted.pt	15563899	194b6330f90e48e6dce7fd63b2620b17f98ec329ebc59cbe273b8d4b52fcf944	QbyTScoreSpec(version=4, value=QbyTReadoutConfig(mode='eps_softmin', temperature=1.0, sink_token=True, text_position='learned', audio_position='relative_bias', relative_num_buckets=32, relative_max_distance=64, sink_readout='additive', sink_identity=False, sink_zero_init=True, temperature_learnable=False, score_temperature=None))	stage2_adapt_v42/r1enc_tail/joint	
exp__stage2_adapt_v42__r1enc_tail__stage2_adapted.pt	exp/stage2_adapt_v42/r1enc_tail/stage2_adapted.pt	15563899	d82672f773b0465a7ba635a5747645fd3422e8b88a488d2e74ed31169ba9229d	QbyTScoreSpec(version=4, value=QbyTReadoutConfig(mode='eps_softmin', temperature=1.0, sink_token=True, text_position='learned', audio_position='relative_bias', relative_num_buckets=32, relative_max_distance=64, sink_readout='additive', sink_identity=False, sink_zero_init=True, temperature_learnable=False, score_temperature=None))	stage2_adapt_v42/r1enc_tail	
exp__stage2_adapt_v42__screen_bare_r16__joint__adapter_hey_eva_v42.pt	exp/stage2_adapt_v42/screen_bare_r16/joint/adapter_hey_eva_v42.pt	119979	5af3e1e15fe397fbf5d79017619cac81d4e67e7045abed7487cbb9c31244dc1b	QbyTScoreSpec(version=4, value=QbyTReadoutConfig(mode='eps_softmin', temperature=1.0, sink_token=True, text_position='learned', audio_position='relative_bias', relative_num_buckets=32, relative_max_distance=64, sink_readout='additive', sink_identity=False, sink_zero_init=True, temperature_learnable=False, score_temperature=None))	stage2_adapt_v42/screen_bare_r16/joint	
exp__stage2_adapt_v42__screen_bare_r16__joint__checkpoints__adapt_hey_eva_v42_joint__version_0__adapter_hey_eva_v42.pt	exp/stage2_adapt_v42/screen_bare_r16/joint/checkpoints/adapt_hey_eva_v42_joint/version_0/adapter_hey_eva_v42.pt	119979	f82054f535d597ad288a904d9451d21360290f26505a41742ddf308f0af9b65b	QbyTScoreSpec(version=4, value=QbyTReadoutConfig(mode='eps_softmin', temperature=1.0, sink_token=True, text_position='learned', audio_position='relative_bias', relative_num_buckets=32, relative_max_distance=64, sink_readout='additive', sink_identity=False, sink_zero_init=True, temperature_learnable=False, score_temperature=None))	stage2_adapt_v42/screen_bare_r16/joint	
exp__stage2_adapt_v42__screen_bare_r16__joint__checkpoints__adapt_hey_eva_v42_joint__version_0__last.ckpt	exp/stage2_adapt_v42/screen_bare_r16/joint/checkpoints/adapt_hey_eva_v42_joint/version_0/last.ckpt	15861013	8b5046b44b1a8d06c2d25e65299075c21d73a29378c9997e46c422da1bc434b9	QbyTScoreSpec(version=4, value=QbyTReadoutConfig(mode='eps_softmin', temperature=1.0, sink_token=True, text_position='learned', audio_position='relative_bias', relative_num_buckets=32, relative_max_distance=64, sink_readout='additive', sink_identity=False, sink_zero_init=True, temperature_learnable=False, score_temperature=None))	stage2_adapt_v42/screen_bare_r16/joint	
exp__stage2_adapt_v42__screen_bare_r16__joint__checkpoints__adapt_hey_eva_v42_joint__version_0__stage2_adapted.pt	exp/stage2_adapt_v42/screen_bare_r16/joint/checkpoints/adapt_hey_eva_v42_joint/version_0/stage2_adapted.pt	15563643	c56cdab15a0438373bbd283a74bb50f399af094c41273c0ce8f8492540e1f631	QbyTScoreSpec(version=4, value=QbyTReadoutConfig(mode='eps_softmin', temperature=1.0, sink_token=True, text_position='learned', audio_position='relative_bias', relative_num_buckets=32, relative_max_distance=64, sink_readout='additive', sink_identity=False, sink_zero_init=True, temperature_learnable=False, score_temperature=None))	stage2_adapt_v42/screen_bare_r16/joint	
exp__stage2_adapt_v42__screen_bare_r16__joint__checkpoints__adapt_hey_eva_v42_joint__version_0__step_step-000300_target_auc_val_target_auc-0.798042.ckpt	exp/stage2_adapt_v42/screen_bare_r16/joint/checkpoints/adapt_hey_eva_v42_joint/version_0/step_step=000300_target_auc_val_target_auc=0.798042.ckpt	15860567	4ace6c81662d6b00e5e19038189334bb22015c7d9abded5c4dd18370282d6dfa	QbyTScoreSpec(version=4, value=QbyTReadoutConfig(mode='eps_softmin', temperature=1.0, sink_token=True, text_position='learned', audio_position='relative_bias', relative_num_buckets=32, relative_max_distance=64, sink_readout='additive', sink_identity=False, sink_zero_init=True, temperature_learnable=False, score_temperature=None))	stage2_adapt_v42/screen_bare_r16/joint	
exp__stage2_adapt_v42__screen_bare_r16__joint__checkpoints__adapt_hey_eva_v42_joint__version_0__step_step-000600_target_auc_val_target_auc-0.826484.ckpt	exp/stage2_adapt_v42/screen_bare_r16/joint/checkpoints/adapt_hey_eva_v42_joint/version_0/step_step=000600_target_auc_val_target_auc=0.826484.ckpt	15861013	1d8c6731d2da7b4c1591be37aeb925fd9b35c873cfd8799756faa99d10fc5922	QbyTScoreSpec(version=4, value=QbyTReadoutConfig(mode='eps_softmin', temperature=1.0, sink_token=True, text_position='learned', audio_position='relative_bias', relative_num_buckets=32, relative_max_distance=64, sink_readout='additive', sink_identity=False, sink_zero_init=True, temperature_learnable=False, score_temperature=None))	stage2_adapt_v42/screen_bare_r16/joint	
exp__stage2_adapt_v42__screen_bare_r16__stage2_adapted.pt	exp/stage2_adapt_v42/screen_bare_r16/stage2_adapted.pt	15563643	d05331cabdaa0bbabcdb740fd2a8bd77c3a1acba4ffb2687b8fffc9ee007963b	QbyTScoreSpec(version=4, value=QbyTReadoutConfig(mode='eps_softmin', temperature=1.0, sink_token=True, text_position='learned', audio_position='relative_bias', relative_num_buckets=32, relative_max_distance=64, sink_readout='additive', sink_identity=False, sink_zero_init=True, temperature_learnable=False, score_temperature=None))	stage2_adapt_v42/screen_bare_r16	
exp__stage2_adapt_v42__screen_r16_1e3__joint__adapter_hey_eva_v42.pt	exp/stage2_adapt_v42/screen_r16_1e3/joint/adapter_hey_eva_v42.pt	119915	b081909490b02536ad1c14455d232536bd6630c78f486318a7ed31ca43410119	QbyTScoreSpec(version=4, value=QbyTReadoutConfig(mode='eps_softmin', temperature=1.0, sink_token=True, text_position='learned', audio_position='relative_bias', relative_num_buckets=32, relative_max_distance=64, sink_readout='additive', sink_identity=False, sink_zero_init=True, temperature_learnable=False, score_temperature=None))	stage2_adapt_v42/screen_r16_1e3/joint	
exp__stage2_adapt_v42__screen_r16_1e3__joint__checkpoints__adapt_hey_eva_v42_joint__version_0__adapter_hey_eva_v42.pt	exp/stage2_adapt_v42/screen_r16_1e3/joint/checkpoints/adapt_hey_eva_v42_joint/version_0/adapter_hey_eva_v42.pt	119915	f864e428aaa2128cf771a480f3ccd1c85b9f9d2fc8eda15c44c3c8a8d28d562b	QbyTScoreSpec(version=4, value=QbyTReadoutConfig(mode='eps_softmin', temperature=1.0, sink_token=True, text_position='learned', audio_position='relative_bias', relative_num_buckets=32, relative_max_distance=64, sink_readout='additive', sink_identity=False, sink_zero_init=True, temperature_learnable=False, score_temperature=None))	stage2_adapt_v42/screen_r16_1e3/joint	
exp__stage2_adapt_v42__screen_r16_1e3__joint__checkpoints__adapt_hey_eva_v42_joint__version_0__last.ckpt	exp/stage2_adapt_v42/screen_r16_1e3/joint/checkpoints/adapt_hey_eva_v42_joint/version_0/last.ckpt	15861013	b4f32b07762728a65cc986c5c7d928b748643e1494141a68586bf4d7369c93ed	QbyTScoreSpec(version=4, value=QbyTReadoutConfig(mode='eps_softmin', temperature=1.0, sink_token=True, text_position='learned', audio_position='relative_bias', relative_num_buckets=32, relative_max_distance=64, sink_readout='additive', sink_identity=False, sink_zero_init=True, temperature_learnable=False, score_temperature=None))	stage2_adapt_v42/screen_r16_1e3/joint	
exp__stage2_adapt_v42__screen_r16_1e3__joint__checkpoints__adapt_hey_eva_v42_joint__version_0__stage2_adapted.pt	exp/stage2_adapt_v42/screen_r16_1e3/joint/checkpoints/adapt_hey_eva_v42_joint/version_0/stage2_adapted.pt	15563579	566a0c25afeab8add93bbca0a08836e01e61fb204385534ef543b161da3a3749	QbyTScoreSpec(version=4, value=QbyTReadoutConfig(mode='eps_softmin', temperature=1.0, sink_token=True, text_position='learned', audio_position='relative_bias', relative_num_buckets=32, relative_max_distance=64, sink_readout='additive', sink_identity=False, sink_zero_init=True, temperature_learnable=False, score_temperature=None))	stage2_adapt_v42/screen_r16_1e3/joint	
exp__stage2_adapt_v42__screen_r16_1e3__joint__checkpoints__adapt_hey_eva_v42_joint__version_0__step_step-000300_target_auc_val_target_auc-0.843389.ckpt	exp/stage2_adapt_v42/screen_r16_1e3/joint/checkpoints/adapt_hey_eva_v42_joint/version_0/step_step=000300_target_auc_val_target_auc=0.843389.ckpt	15860567	3f85a1a0d2c8c4023053fbd258b2b1940ecfd276d71a2b2be60f7327e254f487	QbyTScoreSpec(version=4, value=QbyTReadoutConfig(mode='eps_softmin', temperature=1.0, sink_token=True, text_position='learned', audio_position='relative_bias', relative_num_buckets=32, relative_max_distance=64, sink_readout='additive', sink_identity=False, sink_zero_init=True, temperature_learnable=False, score_temperature=None))	stage2_adapt_v42/screen_r16_1e3/joint	
exp__stage2_adapt_v42__screen_r16_1e3__joint__checkpoints__adapt_hey_eva_v42_joint__version_0__step_step-000600_target_auc_val_target_auc-0.879117.ckpt	exp/stage2_adapt_v42/screen_r16_1e3/joint/checkpoints/adapt_hey_eva_v42_joint/version_0/step_step=000600_target_auc_val_target_auc=0.879117.ckpt	15861013	cbe7d496acb601042bf17d9ad397a1b74312cc26323722baf02e010147c06f1f	QbyTScoreSpec(version=4, value=QbyTReadoutConfig(mode='eps_softmin', temperature=1.0, sink_token=True, text_position='learned', audio_position='relative_bias', relative_num_buckets=32, relative_max_distance=64, sink_readout='additive', sink_identity=False, sink_zero_init=True, temperature_learnable=False, score_temperature=None))	stage2_adapt_v42/screen_r16_1e3/joint	
exp__stage2_adapt_v42__screen_r16_1e3__stage2_adapted.pt	exp/stage2_adapt_v42/screen_r16_1e3/stage2_adapted.pt	15563579	c55d842a77eb1592dab72e2cfb05d550168968dab27c9bacdf7fc199321cdab3	QbyTScoreSpec(version=4, value=QbyTReadoutConfig(mode='eps_softmin', temperature=1.0, sink_token=True, text_position='learned', audio_position='relative_bias', relative_num_buckets=32, relative_max_distance=64, sink_readout='additive', sink_identity=False, sink_zero_init=True, temperature_learnable=False, score_temperature=None))	stage2_adapt_v42/screen_r16_1e3	
exp__stage2_adapt_v42__screen_r64_1e3__joint__adapter_hey_eva_v42.pt	exp/stage2_adapt_v42/screen_r64_1e3/joint/adapter_hey_eva_v42.pt	414827	c64d18a62a58a0d1c9d6118aee8af014411b50d0a5b7a8b3feaa209bbffd0ce3	QbyTScoreSpec(version=4, value=QbyTReadoutConfig(mode='eps_softmin', temperature=1.0, sink_token=True, text_position='learned', audio_position='relative_bias', relative_num_buckets=32, relative_max_distance=64, sink_readout='additive', sink_identity=False, sink_zero_init=True, temperature_learnable=False, score_temperature=None))	stage2_adapt_v42/screen_r64_1e3/joint	
exp__stage2_adapt_v42__screen_r64_1e3__joint__checkpoints__adapt_hey_eva_v42_joint__version_0__adapter_hey_eva_v42.pt	exp/stage2_adapt_v42/screen_r64_1e3/joint/checkpoints/adapt_hey_eva_v42_joint/version_0/adapter_hey_eva_v42.pt	414827	795a97a342fac1d4cc592cbbf4581d53c7e5e95faf939392ad8a59c27428ed5c	QbyTScoreSpec(version=4, value=QbyTReadoutConfig(mode='eps_softmin', temperature=1.0, sink_token=True, text_position='learned', audio_position='relative_bias', relative_num_buckets=32, relative_max_distance=64, sink_readout='additive', sink_identity=False, sink_zero_init=True, temperature_learnable=False, score_temperature=None))	stage2_adapt_v42/screen_r64_1e3/joint	
exp__stage2_adapt_v42__screen_r64_1e3__joint__checkpoints__adapt_hey_eva_v42_joint__version_0__last.ckpt	exp/stage2_adapt_v42/screen_r64_1e3/joint/checkpoints/adapt_hey_eva_v42_joint/version_0/last.ckpt	16745749	1e94b96dea31a66f2ac21c2b8e7531fd737292b39fcda21576005e5a5013ef62	QbyTScoreSpec(version=4, value=QbyTReadoutConfig(mode='eps_softmin', temperature=1.0, sink_token=True, text_position='learned', audio_position='relative_bias', relative_num_buckets=32, relative_max_distance=64, sink_readout='additive', sink_identity=False, sink_zero_init=True, temperature_learnable=False, score_temperature=None))	stage2_adapt_v42/screen_r64_1e3/joint	
exp__stage2_adapt_v42__screen_r64_1e3__joint__checkpoints__adapt_hey_eva_v42_joint__version_0__stage2_adapted.pt	exp/stage2_adapt_v42/screen_r64_1e3/joint/checkpoints/adapt_hey_eva_v42_joint/version_0/stage2_adapted.pt	15563579	9354859e0ab6ac9d97e1ef405f1ac2e5291d3117b92a049d9e6c2263c84aa534	QbyTScoreSpec(version=4, value=QbyTReadoutConfig(mode='eps_softmin', temperature=1.0, sink_token=True, text_position='learned', audio_position='relative_bias', relative_num_buckets=32, relative_max_distance=64, sink_readout='additive', sink_identity=False, sink_zero_init=True, temperature_learnable=False, score_temperature=None))	stage2_adapt_v42/screen_r64_1e3/joint	
exp__stage2_adapt_v42__screen_r64_1e3__joint__checkpoints__adapt_hey_eva_v42_joint__version_0__step_step-000300_target_auc_val_target_auc-0.890880.ckpt	exp/stage2_adapt_v42/screen_r64_1e3/joint/checkpoints/adapt_hey_eva_v42_joint/version_0/step_step=000300_target_auc_val_target_auc=0.890880.ckpt	16745303	7a4bdf56115d6600c984ffe180af60d42d64b9cf980dc256e78bedf7758bc253	QbyTScoreSpec(version=4, value=QbyTReadoutConfig(mode='eps_softmin', temperature=1.0, sink_token=True, text_position='learned', audio_position='relative_bias', relative_num_buckets=32, relative_max_distance=64, sink_readout='additive', sink_identity=False, sink_zero_init=True, temperature_learnable=False, score_temperature=None))	stage2_adapt_v42/screen_r64_1e3/joint	
exp__stage2_adapt_v42__screen_r64_1e3__joint__checkpoints__adapt_hey_eva_v42_joint__version_0__step_step-000600_target_auc_val_target_auc-0.892290.ckpt	exp/stage2_adapt_v42/screen_r64_1e3/joint/checkpoints/adapt_hey_eva_v42_joint/version_0/step_step=000600_target_auc_val_target_auc=0.892290.ckpt	16745749	fb1a59d412787c06b682a1f09fdea19eb34085d3a4a9f1f5a5ab849ed6a781af	QbyTScoreSpec(version=4, value=QbyTReadoutConfig(mode='eps_softmin', temperature=1.0, sink_token=True, text_position='learned', audio_position='relative_bias', relative_num_buckets=32, relative_max_distance=64, sink_readout='additive', sink_identity=False, sink_zero_init=True, temperature_learnable=False, score_temperature=None))	stage2_adapt_v42/screen_r64_1e3/joint	
exp__stage2_adapt_v42__screen_r64_1e3__stage2_adapted.pt	exp/stage2_adapt_v42/screen_r64_1e3/stage2_adapted.pt	15563579	cc3cf7737ecadf18f62346440589f5eb38bd622f4c2db15343ab5d0b6bd75a70	QbyTScoreSpec(version=4, value=QbyTReadoutConfig(mode='eps_softmin', temperature=1.0, sink_token=True, text_position='learned', audio_position='relative_bias', relative_num_buckets=32, relative_max_distance=64, sink_readout='additive', sink_identity=False, sink_zero_init=True, temperature_learnable=False, score_temperature=None))	stage2_adapt_v42/screen_r64_1e3	
exp__stage2_adapt_v42__screen_r64_4e4__joint__adapter_hey_eva_v42.pt	exp/stage2_adapt_v42/screen_r64_4e4/joint/adapter_hey_eva_v42.pt	414827	0659aa3bc4de2d7a0b891034aa97a8b5b17a69a150b74756166c2cc1007eb8ab	QbyTScoreSpec(version=4, value=QbyTReadoutConfig(mode='eps_softmin', temperature=1.0, sink_token=True, text_position='learned', audio_position='relative_bias', relative_num_buckets=32, relative_max_distance=64, sink_readout='additive', sink_identity=False, sink_zero_init=True, temperature_learnable=False, score_temperature=None))	stage2_adapt_v42/screen_r64_4e4/joint	
exp__stage2_adapt_v42__screen_r64_4e4__joint__checkpoints__adapt_hey_eva_v42_joint__version_0__adapter_hey_eva_v42.pt	exp/stage2_adapt_v42/screen_r64_4e4/joint/checkpoints/adapt_hey_eva_v42_joint/version_0/adapter_hey_eva_v42.pt	414827	9f2818c526105ffb30ecb1e9ad58f2e604256685c79456d2ac06b53ea5e0ac55	QbyTScoreSpec(version=4, value=QbyTReadoutConfig(mode='eps_softmin', temperature=1.0, sink_token=True, text_position='learned', audio_position='relative_bias', relative_num_buckets=32, relative_max_distance=64, sink_readout='additive', sink_identity=False, sink_zero_init=True, temperature_learnable=False, score_temperature=None))	stage2_adapt_v42/screen_r64_4e4/joint	
exp__stage2_adapt_v42__screen_r64_4e4__joint__checkpoints__adapt_hey_eva_v42_joint__version_0__last.ckpt	exp/stage2_adapt_v42/screen_r64_4e4/joint/checkpoints/adapt_hey_eva_v42_joint/version_0/last.ckpt	16745749	2f235a99ab2d710b4f6f5200e4b6d71f78befa171f7bfe89763f842cb457cab2	QbyTScoreSpec(version=4, value=QbyTReadoutConfig(mode='eps_softmin', temperature=1.0, sink_token=True, text_position='learned', audio_position='relative_bias', relative_num_buckets=32, relative_max_distance=64, sink_readout='additive', sink_identity=False, sink_zero_init=True, temperature_learnable=False, score_temperature=None))	stage2_adapt_v42/screen_r64_4e4/joint	
exp__stage2_adapt_v42__screen_r64_4e4__joint__checkpoints__adapt_hey_eva_v42_joint__version_0__stage2_adapted.pt	exp/stage2_adapt_v42/screen_r64_4e4/joint/checkpoints/adapt_hey_eva_v42_joint/version_0/stage2_adapted.pt	15563579	08239c21f98552ae56332945e3ccc029b7daf3290448728d1affc0e11f6fb1f3	QbyTScoreSpec(version=4, value=QbyTReadoutConfig(mode='eps_softmin', temperature=1.0, sink_token=True, text_position='learned', audio_position='relative_bias', relative_num_buckets=32, relative_max_distance=64, sink_readout='additive', sink_identity=False, sink_zero_init=True, temperature_learnable=False, score_temperature=None))	stage2_adapt_v42/screen_r64_4e4/joint	
exp__stage2_adapt_v42__screen_r64_4e4__joint__checkpoints__adapt_hey_eva_v42_joint__version_0__step_step-000300_target_auc_val_target_auc-0.833283.ckpt	exp/stage2_adapt_v42/screen_r64_4e4/joint/checkpoints/adapt_hey_eva_v42_joint/version_0/step_step=000300_target_auc_val_target_auc=0.833283.ckpt	16745303	4176c84fcee418ec06720416abd7111df5df4ddd70e84ed801ad85e6e59de5b1	QbyTScoreSpec(version=4, value=QbyTReadoutConfig(mode='eps_softmin', temperature=1.0, sink_token=True, text_position='learned', audio_position='relative_bias', relative_num_buckets=32, relative_max_distance=64, sink_readout='additive', sink_identity=False, sink_zero_init=True, temperature_learnable=False, score_temperature=None))	stage2_adapt_v42/screen_r64_4e4/joint	
exp__stage2_adapt_v42__screen_r64_4e4__joint__checkpoints__adapt_hey_eva_v42_joint__version_0__step_step-000600_target_auc_val_target_auc-0.875135.ckpt	exp/stage2_adapt_v42/screen_r64_4e4/joint/checkpoints/adapt_hey_eva_v42_joint/version_0/step_step=000600_target_auc_val_target_auc=0.875135.ckpt	16745749	07cdb3af1b805e353d28827351b56c5c4ebf67d300889c0929d9de65f6048f8d	QbyTScoreSpec(version=4, value=QbyTReadoutConfig(mode='eps_softmin', temperature=1.0, sink_token=True, text_position='learned', audio_position='relative_bias', relative_num_buckets=32, relative_max_distance=64, sink_readout='additive', sink_identity=False, sink_zero_init=True, temperature_learnable=False, score_temperature=None))	stage2_adapt_v42/screen_r64_4e4/joint	
exp__stage2_adapt_v42__screen_r64_4e4__stage2_adapted.pt	exp/stage2_adapt_v42/screen_r64_4e4/stage2_adapted.pt	15563579	c2f6e99365f54b3eced9340843fd03f8cc813921cda224c4692cfebc9d3e543f	QbyTScoreSpec(version=4, value=QbyTReadoutConfig(mode='eps_softmin', temperature=1.0, sink_token=True, text_position='learned', audio_position='relative_bias', relative_num_buckets=32, relative_max_distance=64, sink_readout='additive', sink_identity=False, sink_zero_init=True, temperature_learnable=False, score_temperature=None))	stage2_adapt_v42/screen_r64_4e4	
exp__stage2_qbyt__ablations__A0-control__checkpoints__A0-control__version_0__last.ckpt	exp/stage2_qbyt/ablations/A0-control/checkpoints/A0-control/version_0/last.ckpt	19095873	4acaa2ec3e794ef96af43da0adb86054b86b444ea18a692ce0ff3cd72825f4cb	QbyTScoreSpec(version=4, value=QbyTReadoutConfig(mode='eps_softmin', temperature=1.0, sink_token=True, text_position='learned', audio_position='relative_bias', relative_num_buckets=32, relative_max_distance=64, sink_readout='none', sink_identity=False, sink_zero_init=False, temperature_learnable=False, score_temperature=None))	stage2_qbyt/ablations/A0-control	run_snapshots/lightning/exp/stage2_qbyt/ablations/A0-control/version_0/hparams.yaml
exp__stage2_qbyt__ablations__A0-control__checkpoints__A0-control__version_0__stage2_step002000.pt	exp/stage2_qbyt/ablations/A0-control/checkpoints/A0-control/version_0/stage2_step002000.pt	15545075	caa2b4a41e82b36380d619375e8a274856f73073d455cf5be39dce86a0ed9135	QbyTScoreSpec(version=4, value=QbyTReadoutConfig(mode='eps_softmin', temperature=1.0, sink_token=True, text_position='learned', audio_position='relative_bias', relative_num_buckets=32, relative_max_distance=64, sink_readout='none', sink_identity=False, sink_zero_init=False, temperature_learnable=False, score_temperature=None))	stage2_qbyt/ablations/A0-control	run_snapshots/lightning/exp/stage2_qbyt/ablations/A0-control/version_0/hparams.yaml
exp__stage2_qbyt__ablations__A0-control__checkpoints__A0-control__version_0__step_step-002000.ckpt	exp/stage2_qbyt/ablations/A0-control/checkpoints/A0-control/version_0/step_step=002000.ckpt	19095873	a6cb4000e29360da122a768bb9b1a8eeb74001777825ebd1e387b0b91d662342	QbyTScoreSpec(version=4, value=QbyTReadoutConfig(mode='eps_softmin', temperature=1.0, sink_token=True, text_position='learned', audio_position='relative_bias', relative_num_buckets=32, relative_max_distance=64, sink_readout='none', sink_identity=False, sink_zero_init=False, temperature_learnable=False, score_temperature=None))	stage2_qbyt/ablations/A0-control	run_snapshots/lightning/exp/stage2_qbyt/ablations/A0-control/version_0/hparams.yaml
exp__stage2_qbyt__ablations__A1-sink-additive__checkpoints__A1-sink-additive__version_0__last.ckpt	exp/stage2_qbyt/ablations/A1-sink-additive/checkpoints/A1-sink-additive/version_0/last.ckpt	19100969	bf8ae29d5dfeb14f6dd1537373ad60e2f45171e1d87b87bc310c44e78fd9dfb7	QbyTScoreSpec(version=4, value=QbyTReadoutConfig(mode='eps_softmin', temperature=1.0, sink_token=True, text_position='learned', audio_position='relative_bias', relative_num_buckets=32, relative_max_distance=64, sink_readout='additive', sink_identity=False, sink_zero_init=False, temperature_learnable=False, score_temperature=None))	stage2_qbyt/ablations/A1-sink-additive	run_snapshots/lightning/exp/stage2_qbyt/ablations/A1-sink-additive/version_0/hparams.yaml
exp__stage2_qbyt__ablations__A1-sink-additive__checkpoints__A1-sink-additive__version_0__stage2_step002000.pt	exp/stage2_qbyt/ablations/A1-sink-additive/checkpoints/A1-sink-additive/version_0/stage2_step002000.pt	15546571	a517d352a058123e70a451e6c6eb960ea30420c41a7acc30da4b70da1ddffcbf	QbyTScoreSpec(version=4, value=QbyTReadoutConfig(mode='eps_softmin', temperature=1.0, sink_token=True, text_position='learned', audio_position='relative_bias', relative_num_buckets=32, relative_max_distance=64, sink_readout='additive', sink_identity=False, sink_zero_init=False, temperature_learnable=False, score_temperature=None))	stage2_qbyt/ablations/A1-sink-additive	run_snapshots/lightning/exp/stage2_qbyt/ablations/A1-sink-additive/version_0/hparams.yaml
exp__stage2_qbyt__ablations__A1-sink-additive__checkpoints__A1-sink-additive__version_0__step_step-002000.ckpt	exp/stage2_qbyt/ablations/A1-sink-additive/checkpoints/A1-sink-additive/version_0/step_step=002000.ckpt	19100969	b50f3a1ad813eb0c4b5c0dc6420d3965cb8c35efdeaeaaa839be4cefe49dcf38	QbyTScoreSpec(version=4, value=QbyTReadoutConfig(mode='eps_softmin', temperature=1.0, sink_token=True, text_position='learned', audio_position='relative_bias', relative_num_buckets=32, relative_max_distance=64, sink_readout='additive', sink_identity=False, sink_zero_init=False, temperature_learnable=False, score_temperature=None))	stage2_qbyt/ablations/A1-sink-additive	run_snapshots/lightning/exp/stage2_qbyt/ablations/A1-sink-additive/version_0/hparams.yaml
exp__stage2_qbyt__ablations__A2-sink-mixture__checkpoints__A2-sink-mixture__version_0__last.ckpt	exp/stage2_qbyt/ablations/A2-sink-mixture/checkpoints/A2-sink-mixture/version_0/last.ckpt	19099825	3b5939d73fb3f2954b754be4592c44a97bc386575c247b51d384b5e15cb84823	QbyTScoreSpec(version=4, value=QbyTReadoutConfig(mode='eps_softmin', temperature=1.0, sink_token=True, text_position='learned', audio_position='relative_bias', relative_num_buckets=32, relative_max_distance=64, sink_readout='mixture', sink_identity=False, sink_zero_init=False, temperature_learnable=False, score_temperature=None))	stage2_qbyt/ablations/A2-sink-mixture	run_snapshots/lightning/exp/stage2_qbyt/ablations/A2-sink-mixture/version_0/hparams.yaml
exp__stage2_qbyt__ablations__A2-sink-mixture__checkpoints__A2-sink-mixture__version_0__stage2_step002000.pt	exp/stage2_qbyt/ablations/A2-sink-mixture/checkpoints/A2-sink-mixture/version_0/stage2_step002000.pt	15546243	07ea98d9d9787c61dabb443c64d58d21a5c87440565ed22a0d7c5a59e95cb7d2	QbyTScoreSpec(version=4, value=QbyTReadoutConfig(mode='eps_softmin', temperature=1.0, sink_token=True, text_position='learned', audio_position='relative_bias', relative_num_buckets=32, relative_max_distance=64, sink_readout='mixture', sink_identity=False, sink_zero_init=False, temperature_learnable=False, score_temperature=None))	stage2_qbyt/ablations/A2-sink-mixture	run_snapshots/lightning/exp/stage2_qbyt/ablations/A2-sink-mixture/version_0/hparams.yaml
exp__stage2_qbyt__ablations__A2-sink-mixture__checkpoints__A2-sink-mixture__version_0__step_step-002000.ckpt	exp/stage2_qbyt/ablations/A2-sink-mixture/checkpoints/A2-sink-mixture/version_0/step_step=002000.ckpt	19099825	5c87375c3754f2df488328a1dde1498a88f47c68f93a20161df19482cd00e581	QbyTScoreSpec(version=4, value=QbyTReadoutConfig(mode='eps_softmin', temperature=1.0, sink_token=True, text_position='learned', audio_position='relative_bias', relative_num_buckets=32, relative_max_distance=64, sink_readout='mixture', sink_identity=False, sink_zero_init=False, temperature_learnable=False, score_temperature=None))	stage2_qbyt/ablations/A2-sink-mixture	run_snapshots/lightning/exp/stage2_qbyt/ablations/A2-sink-mixture/version_0/hparams.yaml
exp__stage2_qbyt__ablations__A3-temp-fixed-0p1__checkpoints__A3-temp-fixed-0p1__version_0__last.ckpt	exp/stage2_qbyt/ablations/A3-temp-fixed-0p1/checkpoints/A3-temp-fixed-0p1/version_0/last.ckpt	19096001	c25cef5a39316a8cbef6f2f435e3fa1a6b60c96e4859b42d68dbe9fea3ce8002	QbyTScoreSpec(version=4, value=QbyTReadoutConfig(mode='eps_softmin', temperature=0.1, sink_token=True, text_position='learned', audio_position='relative_bias', relative_num_buckets=32, relative_max_distance=64, sink_readout='none', sink_identity=False, sink_zero_init=False, temperature_learnable=False, score_temperature=None))	stage2_qbyt/ablations/A3-temp-fixed-0p1	run_snapshots/lightning/exp/stage2_qbyt/ablations/A3-temp-fixed-0p1/version_0/hparams.yaml
exp__stage2_qbyt__ablations__A3-temp-fixed-0p1__checkpoints__A3-temp-fixed-0p1__version_0__stage2_step002000.pt	exp/stage2_qbyt/ablations/A3-temp-fixed-0p1/checkpoints/A3-temp-fixed-0p1/version_0/stage2_step002000.pt	15545139	61109a911c50cb84b3b03e18149147f00dc2c2163bf9612ac7d0e81ac33d1efd	QbyTScoreSpec(version=4, value=QbyTReadoutConfig(mode='eps_softmin', temperature=0.1, sink_token=True, text_position='learned', audio_position='relative_bias', relative_num_buckets=32, relative_max_distance=64, sink_readout='none', sink_identity=False, sink_zero_init=False, temperature_learnable=False, score_temperature=None))	stage2_qbyt/ablations/A3-temp-fixed-0p1	run_snapshots/lightning/exp/stage2_qbyt/ablations/A3-temp-fixed-0p1/version_0/hparams.yaml
exp__stage2_qbyt__ablations__A3-temp-fixed-0p1__checkpoints__A3-temp-fixed-0p1__version_0__step_step-002000.ckpt	exp/stage2_qbyt/ablations/A3-temp-fixed-0p1/checkpoints/A3-temp-fixed-0p1/version_0/step_step=002000.ckpt	19096001	a999b676c72d4318623d7b377bd658b101d77fd52b3a3cafe172b96a26638929	QbyTScoreSpec(version=4, value=QbyTReadoutConfig(mode='eps_softmin', temperature=0.1, sink_token=True, text_position='learned', audio_position='relative_bias', relative_num_buckets=32, relative_max_distance=64, sink_readout='none', sink_identity=False, sink_zero_init=False, temperature_learnable=False, score_temperature=None))	stage2_qbyt/ablations/A3-temp-fixed-0p1	run_snapshots/lightning/exp/stage2_qbyt/ablations/A3-temp-fixed-0p1/version_0/hparams.yaml
exp__stage2_qbyt__ablations__A4-temp-learnable__checkpoints__A4-temp-learnable__version_0__last.ckpt	exp/stage2_qbyt/ablations/A4-temp-learnable/checkpoints/A4-temp-learnable/version_0/last.ckpt	19097145	c6ff015dc99c0f7790545b6f32e85b95e71da2a664aa6b7ce340365532168d1f	QbyTScoreSpec(version=4, value=QbyTReadoutConfig(mode='eps_softmin', temperature=0.1, sink_token=True, text_position='learned', audio_position='relative_bias', relative_num_buckets=32, relative_max_distance=64, sink_readout='none', sink_identity=False, sink_zero_init=False, temperature_learnable=True, score_temperature=None))	stage2_qbyt/ablations/A4-temp-learnable	run_snapshots/lightning/exp/stage2_qbyt/ablations/A4-temp-learnable/version_0/hparams.yaml
exp__stage2_qbyt__ablations__A4-temp-learnable__checkpoints__A4-temp-learnable__version_0__stage2_step002000.pt	exp/stage2_qbyt/ablations/A4-temp-learnable/checkpoints/A4-temp-learnable/version_0/stage2_step002000.pt	15545403	f6a809874c8e2244534a6e19ab5d30be484280718c3a50d2bfbe77cc1b3f3a62	QbyTScoreSpec(version=4, value=QbyTReadoutConfig(mode='eps_softmin', temperature=0.1, sink_token=True, text_position='learned', audio_position='relative_bias', relative_num_buckets=32, relative_max_distance=64, sink_readout='none', sink_identity=False, sink_zero_init=False, temperature_learnable=True, score_temperature=None))	stage2_qbyt/ablations/A4-temp-learnable	run_snapshots/lightning/exp/stage2_qbyt/ablations/A4-temp-learnable/version_0/hparams.yaml
exp__stage2_qbyt__ablations__A4-temp-learnable__checkpoints__A4-temp-learnable__version_0__step_step-002000.ckpt	exp/stage2_qbyt/ablations/A4-temp-learnable/checkpoints/A4-temp-learnable/version_0/step_step=002000.ckpt	19097145	1955e2c46c1da070d5e415ea752c375debfa35c6265f126a44c34d0b9a9a1f84	QbyTScoreSpec(version=4, value=QbyTReadoutConfig(mode='eps_softmin', temperature=0.1, sink_token=True, text_position='learned', audio_position='relative_bias', relative_num_buckets=32, relative_max_distance=64, sink_readout='none', sink_identity=False, sink_zero_init=False, temperature_learnable=True, score_temperature=None))	stage2_qbyt/ablations/A4-temp-learnable	run_snapshots/lightning/exp/stage2_qbyt/ablations/A4-temp-learnable/version_0/hparams.yaml
exp__stage2_qbyt__ablations__A5-sink-identity__checkpoints__A5-sink-identity__version_0__last.ckpt	exp/stage2_qbyt/ablations/A5-sink-identity/checkpoints/A5-sink-identity/version_0/last.ckpt	19098617	5a7ec14049e0fbb0121c704aca38b603421385227814017730c9c41b49346a49	QbyTScoreSpec(version=4, value=QbyTReadoutConfig(mode='eps_softmin', temperature=1.0, sink_token=True, text_position='learned', audio_position='relative_bias', relative_num_buckets=32, relative_max_distance=64, sink_readout='none', sink_identity=True, sink_zero_init=False, temperature_learnable=False, score_temperature=None))	stage2_qbyt/ablations/A5-sink-identity	run_snapshots/lightning/exp/stage2_qbyt/ablations/A5-sink-identity/version_0/hparams.yaml
exp__stage2_qbyt__ablations__A5-sink-identity__checkpoints__A5-sink-identity__version_0__stage2_step002000.pt	exp/stage2_qbyt/ablations/A5-sink-identity/checkpoints/A5-sink-identity/version_0/stage2_step002000.pt	15545915	b645470a14ce80cd53d8d58676ce391bc9ca0d60e89a41eef62ac60414cf879a	QbyTScoreSpec(version=4, value=QbyTReadoutConfig(mode='eps_softmin', temperature=1.0, sink_token=True, text_position='learned', audio_position='relative_bias', relative_num_buckets=32, relative_max_distance=64, sink_readout='none', sink_identity=True, sink_zero_init=False, temperature_learnable=False, score_temperature=None))	stage2_qbyt/ablations/A5-sink-identity	run_snapshots/lightning/exp/stage2_qbyt/ablations/A5-sink-identity/version_0/hparams.yaml
exp__stage2_qbyt__ablations__A5-sink-identity__checkpoints__A5-sink-identity__version_0__step_step-002000.ckpt	exp/stage2_qbyt/ablations/A5-sink-identity/checkpoints/A5-sink-identity/version_0/step_step=002000.ckpt	19098617	0e250b6ecd977abe9eec301bf97c3a412e4633c819070602b268efae1813f78d	QbyTScoreSpec(version=4, value=QbyTReadoutConfig(mode='eps_softmin', temperature=1.0, sink_token=True, text_position='learned', audio_position='relative_bias', relative_num_buckets=32, relative_max_distance=64, sink_readout='none', sink_identity=True, sink_zero_init=False, temperature_learnable=False, score_temperature=None))	stage2_qbyt/ablations/A5-sink-identity	run_snapshots/lightning/exp/stage2_qbyt/ablations/A5-sink-identity/version_0/hparams.yaml
exp__stage2_qbyt__ablations_b__B0-control-lr2e4__checkpoints__B0-control-lr2e4__version_0__last.ckpt	exp/stage2_qbyt/ablations_b/B0-control-lr2e4/checkpoints/B0-control-lr2e4/version_0/last.ckpt	19096001	9d2930f396ed4c00b833ba7c9842a7180daf9d886385d8b2eaa8597f15cf5e01	QbyTScoreSpec(version=4, value=QbyTReadoutConfig(mode='eps_softmin', temperature=1.0, sink_token=True, text_position='learned', audio_position='relative_bias', relative_num_buckets=32, relative_max_distance=64, sink_readout='none', sink_identity=False, sink_zero_init=False, temperature_learnable=False, score_temperature=None))	stage2_qbyt/ablations_b/B0-control-lr2e4	run_snapshots/lightning/exp/stage2_qbyt/ablations_b/B0-control-lr2e4/version_0/hparams.yaml
exp__stage2_qbyt__ablations_b__B0-control-lr2e4__checkpoints__B0-control-lr2e4__version_0__stage2_step002000.pt	exp/stage2_qbyt/ablations_b/B0-control-lr2e4/checkpoints/B0-control-lr2e4/version_0/stage2_step002000.pt	15545139	93b1e3a1bf4ab67b867a5c074933fba253211b9d28f01a4b5bf08aaa2d33afea	QbyTScoreSpec(version=4, value=QbyTReadoutConfig(mode='eps_softmin', temperature=1.0, sink_token=True, text_position='learned', audio_position='relative_bias', relative_num_buckets=32, relative_max_distance=64, sink_readout='none', sink_identity=False, sink_zero_init=False, temperature_learnable=False, score_temperature=None))	stage2_qbyt/ablations_b/B0-control-lr2e4	run_snapshots/lightning/exp/stage2_qbyt/ablations_b/B0-control-lr2e4/version_0/hparams.yaml
exp__stage2_qbyt__ablations_b__B0-control-lr2e4__checkpoints__B0-control-lr2e4__version_0__step_step-002000.ckpt	exp/stage2_qbyt/ablations_b/B0-control-lr2e4/checkpoints/B0-control-lr2e4/version_0/step_step=002000.ckpt	19096001	f5ac30280d5ab394de4f68c7eacbd9d45b5ad56beef6ea7daff3dcc01c7b6a8b	QbyTScoreSpec(version=4, value=QbyTReadoutConfig(mode='eps_softmin', temperature=1.0, sink_token=True, text_position='learned', audio_position='relative_bias', relative_num_buckets=32, relative_max_distance=64, sink_readout='none', sink_identity=False, sink_zero_init=False, temperature_learnable=False, score_temperature=None))	stage2_qbyt/ablations_b/B0-control-lr2e4	run_snapshots/lightning/exp/stage2_qbyt/ablations_b/B0-control-lr2e4/version_0/hparams.yaml
exp__stage2_qbyt__ablations_b__B1-additive-zero__checkpoints__B1-additive-zero__version_0__last.ckpt	exp/stage2_qbyt/ablations_b/B1-additive-zero/checkpoints/B1-additive-zero/version_0/last.ckpt	19100969	ffa62e8748d1518ff32dedc126375483d82c32307210a7d0001d4cababa11dc2	QbyTScoreSpec(version=4, value=QbyTReadoutConfig(mode='eps_softmin', temperature=1.0, sink_token=True, text_position='learned', audio_position='relative_bias', relative_num_buckets=32, relative_max_distance=64, sink_readout='additive', sink_identity=False, sink_zero_init=True, temperature_learnable=False, score_temperature=None))	stage2_qbyt/ablations_b/B1-additive-zero	run_snapshots/lightning/exp/stage2_qbyt/ablations_b/B1-additive-zero/version_0/hparams.yaml
exp__stage2_qbyt__ablations_b__B1-additive-zero__checkpoints__B1-additive-zero__version_0__stage2_step002000.pt	exp/stage2_qbyt/ablations_b/B1-additive-zero/checkpoints/B1-additive-zero/version_0/stage2_step002000.pt	15546571	e48f81aa04b1a911c5d33659a40a793c706ac5ef6fa5c316fe77b25f9b405089	QbyTScoreSpec(version=4, value=QbyTReadoutConfig(mode='eps_softmin', temperature=1.0, sink_token=True, text_position='learned', audio_position='relative_bias', relative_num_buckets=32, relative_max_distance=64, sink_readout='additive', sink_identity=False, sink_zero_init=True, temperature_learnable=False, score_temperature=None))	stage2_qbyt/ablations_b/B1-additive-zero	run_snapshots/lightning/exp/stage2_qbyt/ablations_b/B1-additive-zero/version_0/hparams.yaml
exp__stage2_qbyt__ablations_b__B1-additive-zero__checkpoints__B1-additive-zero__version_0__step_step-002000.ckpt	exp/stage2_qbyt/ablations_b/B1-additive-zero/checkpoints/B1-additive-zero/version_0/step_step=002000.ckpt	19100969	4a3c0a562468efbd311540e2222740ac35c8103452d9243dc6fa35e096c4160c	QbyTScoreSpec(version=4, value=QbyTReadoutConfig(mode='eps_softmin', temperature=1.0, sink_token=True, text_position='learned', audio_position='relative_bias', relative_num_buckets=32, relative_max_distance=64, sink_readout='additive', sink_identity=False, sink_zero_init=True, temperature_learnable=False, score_temperature=None))	stage2_qbyt/ablations_b/B1-additive-zero	run_snapshots/lightning/exp/stage2_qbyt/ablations_b/B1-additive-zero/version_0/hparams.yaml
exp__stage2_qbyt__ablations_b__B2-mixture-zero__checkpoints__B2-mixture-zero__version_0__last.ckpt	exp/stage2_qbyt/ablations_b/B2-mixture-zero/checkpoints/B2-mixture-zero/version_0/last.ckpt	19099825	24c127652dffe7ded9b85a4f72b56e82bb40cf9576d3338cadfbaf81304ff00c	QbyTScoreSpec(version=4, value=QbyTReadoutConfig(mode='eps_softmin', temperature=1.0, sink_token=True, text_position='learned', audio_position='relative_bias', relative_num_buckets=32, relative_max_distance=64, sink_readout='mixture', sink_identity=False, sink_zero_init=True, temperature_learnable=False, score_temperature=None))	stage2_qbyt/ablations_b/B2-mixture-zero	run_snapshots/lightning/exp/stage2_qbyt/ablations_b/B2-mixture-zero/version_0/hparams.yaml
exp__stage2_qbyt__ablations_b__B2-mixture-zero__checkpoints__B2-mixture-zero__version_0__stage2_step002000.pt	exp/stage2_qbyt/ablations_b/B2-mixture-zero/checkpoints/B2-mixture-zero/version_0/stage2_step002000.pt	15546307	a7d5012fd871b40ebc114b8d2bfbb312bc7c286cd70874ad927f086b903441f5	QbyTScoreSpec(version=4, value=QbyTReadoutConfig(mode='eps_softmin', temperature=1.0, sink_token=True, text_position='learned', audio_position='relative_bias', relative_num_buckets=32, relative_max_distance=64, sink_readout='mixture', sink_identity=False, sink_zero_init=True, temperature_learnable=False, score_temperature=None))	stage2_qbyt/ablations_b/B2-mixture-zero	run_snapshots/lightning/exp/stage2_qbyt/ablations_b/B2-mixture-zero/version_0/hparams.yaml
exp__stage2_qbyt__ablations_b__B2-mixture-zero__checkpoints__B2-mixture-zero__version_0__step_step-002000.ckpt	exp/stage2_qbyt/ablations_b/B2-mixture-zero/checkpoints/B2-mixture-zero/version_0/step_step=002000.ckpt	19099825	dc992533542a51b179d09e479c40f11224ab0de904697e50faf35ed79d5e17d4	QbyTScoreSpec(version=4, value=QbyTReadoutConfig(mode='eps_softmin', temperature=1.0, sink_token=True, text_position='learned', audio_position='relative_bias', relative_num_buckets=32, relative_max_distance=64, sink_readout='mixture', sink_identity=False, sink_zero_init=True, temperature_learnable=False, score_temperature=None))	stage2_qbyt/ablations_b/B2-mixture-zero	run_snapshots/lightning/exp/stage2_qbyt/ablations_b/B2-mixture-zero/version_0/hparams.yaml
exp__stage2_qbyt__ablations_b__B3-additive-zero-temp01__checkpoints__B3-additive-zero-temp01__version_0__last.ckpt	exp/stage2_qbyt/ablations_b/B3-additive-zero-temp01/checkpoints/B3-additive-zero-temp01/version_0/last.ckpt	19101097	4005e64a0ac1217c353c53d068e24c3bc0196aa4e57391ef031d1da1ecd84d93	QbyTScoreSpec(version=4, value=QbyTReadoutConfig(mode='eps_softmin', temperature=0.1, sink_token=True, text_position='learned', audio_position='relative_bias', relative_num_buckets=32, relative_max_distance=64, sink_readout='additive', sink_identity=False, sink_zero_init=True, temperature_learnable=False, score_temperature=None))	stage2_qbyt/ablations_b/B3-additive-zero-temp01	run_snapshots/lightning/exp/stage2_qbyt/ablations_b/B3-additive-zero-temp01/version_0/hparams.yaml
exp__stage2_qbyt__ablations_b__B3-additive-zero-temp01__checkpoints__B3-additive-zero-temp01__version_0__stage2_step002000.pt	exp/stage2_qbyt/ablations_b/B3-additive-zero-temp01/checkpoints/B3-additive-zero-temp01/version_0/stage2_step002000.pt	15546635	83830fafab4f24086801682cf8e373ea13ba2747de778e4229245023624fcd91	QbyTScoreSpec(version=4, value=QbyTReadoutConfig(mode='eps_softmin', temperature=0.1, sink_token=True, text_position='learned', audio_position='relative_bias', relative_num_buckets=32, relative_max_distance=64, sink_readout='additive', sink_identity=False, sink_zero_init=True, temperature_learnable=False, score_temperature=None))	stage2_qbyt/ablations_b/B3-additive-zero-temp01	run_snapshots/lightning/exp/stage2_qbyt/ablations_b/B3-additive-zero-temp01/version_0/hparams.yaml
exp__stage2_qbyt__ablations_b__B3-additive-zero-temp01__checkpoints__B3-additive-zero-temp01__version_0__step_step-002000.ckpt	exp/stage2_qbyt/ablations_b/B3-additive-zero-temp01/checkpoints/B3-additive-zero-temp01/version_0/step_step=002000.ckpt	19101097	2632fe42feeb38be86e4e5e9d5722b85de44a10a104a1372564a1ff960c048a7	QbyTScoreSpec(version=4, value=QbyTReadoutConfig(mode='eps_softmin', temperature=0.1, sink_token=True, text_position='learned', audio_position='relative_bias', relative_num_buckets=32, relative_max_distance=64, sink_readout='additive', sink_identity=False, sink_zero_init=True, temperature_learnable=False, score_temperature=None))	stage2_qbyt/ablations_b/B3-additive-zero-temp01	run_snapshots/lightning/exp/stage2_qbyt/ablations_b/B3-additive-zero-temp01/version_0/hparams.yaml
exp__stage2_qbyt__checkpoints__icefall-zipformer-frozen-eps-softmin-v41-musan-cached__icefall-zipformer-frozen-eps-softmin-v41-musan-cached__version_0__last.ckpt	exp/stage2_qbyt/checkpoints/icefall-zipformer-frozen-eps-softmin-v41-musan-cached/icefall-zipformer-frozen-eps-softmin-v41-musan-cached/version_0/last.ckpt	19267585	449204ff673de24969c290e96aa846047955f0d7bf48ca26ea1bd763a92a43a0	QbyTScoreSpec(version=4, value=QbyTReadoutConfig(mode='eps_softmin', temperature=1.0, sink_token=True, text_position='learned', audio_position='relative_bias', relative_num_buckets=32, relative_max_distance=64, sink_readout='none', sink_identity=False, sink_zero_init=False, temperature_learnable=False, score_temperature=None))	stage2_qbyt/checkpoints/icefall-zipformer-frozen-eps-softmin-v41-musan-cached/icefall-zipformer-frozen-eps-softmin-v41-musan-cached	
exp__stage2_qbyt__checkpoints__icefall-zipformer-frozen-eps-softmin-v41-musan-cached__icefall-zipformer-frozen-eps-softmin-v41-musan-cached__version_0__stage2_step000001.pt	exp/stage2_qbyt/checkpoints/icefall-zipformer-frozen-eps-softmin-v41-musan-cached/icefall-zipformer-frozen-eps-softmin-v41-musan-cached/version_0/stage2_step000001.pt	15717235	90f8ec4f98c02c09e519447e11e2ba8e33de18a2efea74354d97050db9c6d9b6	QbyTScoreSpec(version=4, value=QbyTReadoutConfig(mode='eps_softmin', temperature=1.0, sink_token=True, text_position='learned', audio_position='relative_bias', relative_num_buckets=32, relative_max_distance=64, sink_readout='none', sink_identity=False, sink_zero_init=False, temperature_learnable=False, score_temperature=None))	stage2_qbyt/checkpoints/icefall-zipformer-frozen-eps-softmin-v41-musan-cached/icefall-zipformer-frozen-eps-softmin-v41-musan-cached	
exp__stage2_qbyt__checkpoints__icefall-zipformer-frozen-zhen3m__icefall-zipformer-frozen-zhen3m__version_0__last.ckpt	exp/stage2_qbyt/checkpoints/icefall-zipformer-frozen-zhen3m/icefall-zipformer-frozen-zhen3m/version_0/last.ckpt	11868663	60e0f26406a2cbcf4fe74d3af08299b992ad4c6a04e528a2ad11e9f5f7462a70	QbyTScoreSpec(version=7, value=QbyTAlignmentSpec(topology='keyword_filler_segmental_crf_v1', min_phone_duration_frames=1, max_phone_duration_frames=8, max_inter_phone_gap_frames=3, max_keyword_span_frames=30, local_context_kernel=5, weakest_phone_temperature=0.2, weakest_phone_weight=1.0))	stage2_qbyt/checkpoints/icefall-zipformer-frozen-zhen3m/icefall-zipformer-frozen-zhen3m	
exp__stage2_qbyt__checkpoints__icefall-zipformer-frozen-zhen3m__icefall-zipformer-frozen-zhen3m__version_0__stage2_step000001.pt	exp/stage2_qbyt/checkpoints/icefall-zipformer-frozen-zhen3m/icefall-zipformer-frozen-zhen3m/version_0/stage2_step000001.pt	11863891	5a53e242b0fb0a588d97f38186bd529b1dc1612594aa1d4113a48cc799a60d6f	QbyTScoreSpec(version=7, value=QbyTAlignmentSpec(topology='keyword_filler_segmental_crf_v1', min_phone_duration_frames=1, max_phone_duration_frames=8, max_inter_phone_gap_frames=3, max_keyword_span_frames=30, local_context_kernel=5, weakest_phone_temperature=0.2, weakest_phone_weight=1.0))	stage2_qbyt/checkpoints/icefall-zipformer-frozen-zhen3m/icefall-zipformer-frozen-zhen3m	
exp__stage2_qbyt__checkpoints__icefall-zipformer-frozen-zhen3m__icefall-zipformer-frozen-zhen3m__version_5__last.ckpt	exp/stage2_qbyt/checkpoints/icefall-zipformer-frozen-zhen3m/icefall-zipformer-frozen-zhen3m/version_5/last.ckpt	13174991	b9b5040b602eb14b78573d0ad18865639dfc7acbd22738bd113d5a3476984fc3	QbyTScoreSpec(version=7, value=QbyTAlignmentSpec(topology='keyword_filler_segmental_crf_v1', min_phone_duration_frames=1, max_phone_duration_frames=8, max_inter_phone_gap_frames=3, max_keyword_span_frames=30, local_context_kernel=5, weakest_phone_temperature=0.2, weakest_phone_weight=1.0))	stage2_qbyt/checkpoints/icefall-zipformer-frozen-zhen3m/icefall-zipformer-frozen-zhen3m	
exp__stage2_qbyt__checkpoints__icefall-zipformer-frozen-zhen3m__icefall-zipformer-frozen-zhen3m__version_5__stage2_step000030.pt	exp/stage2_qbyt/checkpoints/icefall-zipformer-frozen-zhen3m/icefall-zipformer-frozen-zhen3m/version_5/stage2_step000030.pt	11863955	b2bb0583e23c1411f8e1c036246cc7172f33096c72566786d32714bcf758d4c5	QbyTScoreSpec(version=7, value=QbyTAlignmentSpec(topology='keyword_filler_segmental_crf_v1', min_phone_duration_frames=1, max_phone_duration_frames=8, max_inter_phone_gap_frames=3, max_keyword_span_frames=30, local_context_kernel=5, weakest_phone_temperature=0.2, weakest_phone_weight=1.0))	stage2_qbyt/checkpoints/icefall-zipformer-frozen-zhen3m/icefall-zipformer-frozen-zhen3m	
exp__stage2_qbyt__checkpoints__icefall-zipformer-frozen-zhen3m__icefall-zipformer-frozen-zhen3m__version_6__last.ckpt	exp/stage2_qbyt/checkpoints/icefall-zipformer-frozen-zhen3m/icefall-zipformer-frozen-zhen3m/version_6/last.ckpt	13174991	014fffa3ebc3b4198264c7a24094b29b9f7284a5d06b7b170a1c356ab07018fb	QbyTScoreSpec(version=7, value=QbyTAlignmentSpec(topology='keyword_filler_segmental_crf_v1', min_phone_duration_frames=1, max_phone_duration_frames=8, max_inter_phone_gap_frames=3, max_keyword_span_frames=30, local_context_kernel=5, weakest_phone_temperature=0.2, weakest_phone_weight=1.0))	stage2_qbyt/checkpoints/icefall-zipformer-frozen-zhen3m/icefall-zipformer-frozen-zhen3m	
exp__stage2_qbyt__checkpoints__icefall-zipformer-frozen-zhen3m__icefall-zipformer-frozen-zhen3m__version_6__stage2_step000030.pt	exp/stage2_qbyt/checkpoints/icefall-zipformer-frozen-zhen3m/icefall-zipformer-frozen-zhen3m/version_6/stage2_step000030.pt	11863955	39cb2d08bdfc3803a6601c67205bc17cbe260a464794a5a3e9d260276778087f	QbyTScoreSpec(version=7, value=QbyTAlignmentSpec(topology='keyword_filler_segmental_crf_v1', min_phone_duration_frames=1, max_phone_duration_frames=8, max_inter_phone_gap_frames=3, max_keyword_span_frames=30, local_context_kernel=5, weakest_phone_temperature=0.2, weakest_phone_weight=1.0))	stage2_qbyt/checkpoints/icefall-zipformer-frozen-zhen3m/icefall-zipformer-frozen-zhen3m	
exp__stage2_qbyt__checkpoints__icefall-zipformer-frozen-zhen3m__icefall-zipformer-frozen-zhen3m__version_8__last.ckpt	exp/stage2_qbyt/checkpoints/icefall-zipformer-frozen-zhen3m/icefall-zipformer-frozen-zhen3m/version_8/last.ckpt	13175375	e623367532b7e7025263b2542fdb3fd74fb1a6e17ff3b37df40726fd05617e00	QbyTScoreSpec(version=7, value=QbyTAlignmentSpec(topology='keyword_filler_segmental_crf_v1', min_phone_duration_frames=1, max_phone_duration_frames=8, max_inter_phone_gap_frames=3, max_keyword_span_frames=30, local_context_kernel=5, weakest_phone_temperature=0.2, weakest_phone_weight=1.0))	stage2_qbyt/checkpoints/icefall-zipformer-frozen-zhen3m/icefall-zipformer-frozen-zhen3m	
exp__stage2_qbyt__checkpoints__icefall-zipformer-frozen-zhen3m__icefall-zipformer-frozen-zhen3m__version_8__stage2_step000025.pt	exp/stage2_qbyt/checkpoints/icefall-zipformer-frozen-zhen3m/icefall-zipformer-frozen-zhen3m/version_8/stage2_step000025.pt	11863955	fcbc8294321ba6a07c9875b615a11162a1eb0398fda219501d1b571e6bdb41dc	QbyTScoreSpec(version=7, value=QbyTAlignmentSpec(topology='keyword_filler_segmental_crf_v1', min_phone_duration_frames=1, max_phone_duration_frames=8, max_inter_phone_gap_frames=3, max_keyword_span_frames=30, local_context_kernel=5, weakest_phone_temperature=0.2, weakest_phone_weight=1.0))	stage2_qbyt/checkpoints/icefall-zipformer-frozen-zhen3m/icefall-zipformer-frozen-zhen3m	
exp__stage2_qbyt__checkpoints__icefall-zipformer-frozen__icefall-zipformer-frozen__version_1__last.ckpt	exp/stage2_qbyt/checkpoints/icefall-zipformer-frozen/icefall-zipformer-frozen/version_1/last.ckpt	12040631	0e43e24cd494a2e1021f6367600f73afa9fdcc9394a8b9416dfc6ee5ae0a3c76	QbyTScoreSpec(version=7, value=QbyTAlignmentSpec(topology='keyword_filler_segmental_crf_v1', min_phone_duration_frames=1, max_phone_duration_frames=8, max_inter_phone_gap_frames=3, max_keyword_span_frames=30, local_context_kernel=5, weakest_phone_temperature=0.2, weakest_phone_weight=1.0))	stage2_qbyt/checkpoints/icefall-zipformer-frozen/icefall-zipformer-frozen	
exp__stage2_qbyt__checkpoints__icefall-zipformer-frozen__icefall-zipformer-frozen__version_1__stage2_step000001.pt	exp/stage2_qbyt/checkpoints/icefall-zipformer-frozen/icefall-zipformer-frozen/version_1/stage2_step000001.pt	12035923	cbe3c84b94cf4fd86514a59d404dfaec35c6ed197f9488b58aa7c8d79d13ec48	QbyTScoreSpec(version=7, value=QbyTAlignmentSpec(topology='keyword_filler_segmental_crf_v1', min_phone_duration_frames=1, max_phone_duration_frames=8, max_inter_phone_gap_frames=3, max_keyword_span_frames=30, local_context_kernel=5, weakest_phone_temperature=0.2, weakest_phone_weight=1.0))	stage2_qbyt/checkpoints/icefall-zipformer-frozen/icefall-zipformer-frozen	
exp__stage2_qbyt__checkpoints__icefall-zipformer-frozen__icefall-zipformer-frozen__version_3__last.ckpt	exp/stage2_qbyt/checkpoints/icefall-zipformer-frozen/icefall-zipformer-frozen/version_3/last.ckpt	13346959	3632c21e0c8c3a81161a70400aeeac6a1e2ef4b412e4ebe76721981931a10576	QbyTScoreSpec(version=7, value=QbyTAlignmentSpec(topology='keyword_filler_segmental_crf_v1', min_phone_duration_frames=1, max_phone_duration_frames=8, max_inter_phone_gap_frames=3, max_keyword_span_frames=30, local_context_kernel=5, weakest_phone_temperature=0.2, weakest_phone_weight=1.0))	stage2_qbyt/checkpoints/icefall-zipformer-frozen/icefall-zipformer-frozen	
exp__stage2_qbyt__checkpoints__icefall-zipformer-frozen__icefall-zipformer-frozen__version_3__stage2_step000050.pt	exp/stage2_qbyt/checkpoints/icefall-zipformer-frozen/icefall-zipformer-frozen/version_3/stage2_step000050.pt	12035923	86e7e44aed75f9ac7ec940776ef0aab23aa894c1f17ab57fce5a0acd71ea3339	QbyTScoreSpec(version=7, value=QbyTAlignmentSpec(topology='keyword_filler_segmental_crf_v1', min_phone_duration_frames=1, max_phone_duration_frames=8, max_inter_phone_gap_frames=3, max_keyword_span_frames=30, local_context_kernel=5, weakest_phone_temperature=0.2, weakest_phone_weight=1.0))	stage2_qbyt/checkpoints/icefall-zipformer-frozen/icefall-zipformer-frozen	
exp__stage2_qbyt__checkpoints__icefall-zipformer-frozen__icefall-zipformer-frozen__version_4__last.ckpt	exp/stage2_qbyt/checkpoints/icefall-zipformer-frozen/icefall-zipformer-frozen/version_4/last.ckpt	13347343	6658c0bff8ef8a8bf5f1e180074dc011b1bb51c638a6456f0c23bbf45cecad20	QbyTScoreSpec(version=7, value=QbyTAlignmentSpec(topology='keyword_filler_segmental_crf_v1', min_phone_duration_frames=1, max_phone_duration_frames=8, max_inter_phone_gap_frames=3, max_keyword_span_frames=30, local_context_kernel=5, weakest_phone_temperature=0.2, weakest_phone_weight=1.0))	stage2_qbyt/checkpoints/icefall-zipformer-frozen/icefall-zipformer-frozen	
exp__stage2_qbyt__checkpoints__icefall-zipformer-frozen__icefall-zipformer-frozen__version_4__stage2_step000025.pt	exp/stage2_qbyt/checkpoints/icefall-zipformer-frozen/icefall-zipformer-frozen/version_4/stage2_step000025.pt	12035923	22ea92179d7692abe96f6d043105203098a328d3d51a29ce21080d643ee218d5	QbyTScoreSpec(version=7, value=QbyTAlignmentSpec(topology='keyword_filler_segmental_crf_v1', min_phone_duration_frames=1, max_phone_duration_frames=8, max_inter_phone_gap_frames=3, max_keyword_span_frames=30, local_context_kernel=5, weakest_phone_temperature=0.2, weakest_phone_weight=1.0))	stage2_qbyt/checkpoints/icefall-zipformer-frozen/icefall-zipformer-frozen	
exp__stage2_qbyt__checkpoints__stage2_qbyt__version_1__last.ckpt	exp/stage2_qbyt/checkpoints/stage2_qbyt/version_1/last.ckpt	22065477	611cbca70c2c6629389f326b732e32100970ccad1c6b4f349e265038960e8778	QbyTScoreSpec(version=1, value=QbyTV1Spec(readout='gru_last_padded'))	stage2_qbyt	run_snapshots/lightning/exp/stage2_qbyt/version_1/hparams.yaml
exp__stage2_qbyt__checkpoints__stage2_qbyt__version_1__stage2_step000001.pt	exp/stage2_qbyt/checkpoints/stage2_qbyt/version_1/stage2_step000001.pt	22061875	d5f9e3f45026eb9aa721549e585dc3d3f4e56205c88cd5f1a39b479f782fd86b	QbyTScoreSpec(version=1, value=QbyTV1Spec(readout='gru_last_padded'))	stage2_qbyt	run_snapshots/lightning/exp/stage2_qbyt/version_1/hparams.yaml
exp__stage2_qbyt__checkpoints__stage2_qbyt__version_2__last.ckpt	exp/stage2_qbyt/checkpoints/stage2_qbyt/version_2/last.ckpt	26288679	8829de4d9d449722ab00ef4474be1f6758770169cceae22c112e9f79b3f02345	QbyTScoreSpec(version=1, value=QbyTV1Spec(readout='gru_last_padded'))	stage2_qbyt	run_snapshots/lightning/exp/stage2_qbyt/version_2/hparams.yaml
exp__stage2_qbyt__checkpoints__stage2_qbyt__version_2__stage2_step000020.pt	exp/stage2_qbyt/checkpoints/stage2_qbyt/version_2/stage2_step000020.pt	22061875	7b3b8c0165f47290903be3d91fad84b331ddaf0dee3c5129d189ffbf834627ee	QbyTScoreSpec(version=1, value=QbyTV1Spec(readout='gru_last_padded'))	stage2_qbyt	run_snapshots/lightning/exp/stage2_qbyt/version_2/hparams.yaml
exp__stage2_qbyt__checkpoints__stage2_qbyt__version_3__last.ckpt	exp/stage2_qbyt/checkpoints/stage2_qbyt/version_3/last.ckpt	26288743	c689d60f8da758eaf591dbab6791ce3fe5dd1681e544bcbb65a6ba41bfb1318c	QbyTScoreSpec(version=1, value=QbyTV1Spec(readout='gru_last_padded'))	stage2_qbyt	run_snapshots/lightning/exp/stage2_qbyt/version_3/hparams.yaml
exp__stage2_qbyt__checkpoints__stage2_qbyt__version_3__stage2_step000003.pt	exp/stage2_qbyt/checkpoints/stage2_qbyt/version_3/stage2_step000003.pt	22061939	ce38b5338e3f5611a8ca4976a2522e5fc78cb42c921c24481cb552c5716da437	QbyTScoreSpec(version=1, value=QbyTV1Spec(readout='gru_last_padded'))	stage2_qbyt	run_snapshots/lightning/exp/stage2_qbyt/version_3/hparams.yaml
exp__stage2_qbyt__checkpoints__v1-ft-icefall-bg__v1-ft-icefall-bg__version_0__last.ckpt	exp/stage2_qbyt/checkpoints/v1-ft-icefall-bg/v1-ft-icefall-bg/version_0/last.ckpt	26288871	4410fa6de24ead597dc156059378b7e270349d4f29c87e5346a003e66c39b0bb	QbyTScoreSpec(version=1, value=QbyTV1Spec(readout='gru_last_padded'))	stage2_qbyt/checkpoints/v1-ft-icefall-bg/v1-ft-icefall-bg	
exp__stage2_qbyt__checkpoints__v1-ft-icefall-bg__v1-ft-icefall-bg__version_0__stage2_step005000.pt	exp/stage2_qbyt/checkpoints/v1-ft-icefall-bg/v1-ft-icefall-bg/version_0/stage2_step005000.pt	22062003	e4db8ddf74c7297ced115a563a1af9e88652097136a09b92b4c4850c6d20dad6	QbyTScoreSpec(version=1, value=QbyTV1Spec(readout='gru_last_padded'))	stage2_qbyt/checkpoints/v1-ft-icefall-bg/v1-ft-icefall-bg	
exp__stage2_qbyt__checkpoints__v1-ft-icefall-control__v1-ft-icefall-control__version_0__last.ckpt	exp/stage2_qbyt/checkpoints/v1-ft-icefall-control/v1-ft-icefall-control/version_0/last.ckpt	26288871	88b1c800b674e067cde7255d2009f04b4a122728b186975b6aae8a342cba7064	QbyTScoreSpec(version=1, value=QbyTV1Spec(readout='gru_last_padded'))	stage2_qbyt/checkpoints/v1-ft-icefall-control/v1-ft-icefall-control	
exp__stage2_qbyt__checkpoints__v1-ft-icefall-control__v1-ft-icefall-control__version_0__stage2_step005000.pt	exp/stage2_qbyt/checkpoints/v1-ft-icefall-control/v1-ft-icefall-control/version_0/stage2_step005000.pt	22062003	fdec556a9aa486053c678e5ae0a77e18bb0aa6ae59cbb418afd5d2fb7d208a36	QbyTScoreSpec(version=1, value=QbyTV1Spec(readout='gru_last_padded'))	stage2_qbyt/checkpoints/v1-ft-icefall-control/v1-ft-icefall-control	
exp__stage2_qbyt__checkpoints__v1-ft-wenet-bg__v1-ft-wenet-bg__version_1__last.ckpt	exp/stage2_qbyt/checkpoints/v1-ft-wenet-bg/v1-ft-wenet-bg/version_1/last.ckpt	26288871	916a41fe8ba0fd5c6a7c08ce8be44c5ff36fa3c604abe8ef2da4cc9ec9474123	QbyTScoreSpec(version=1, value=QbyTV1Spec(readout='gru_last_padded'))	stage2_qbyt/checkpoints/v1-ft-wenet-bg/v1-ft-wenet-bg	
exp__stage2_qbyt__checkpoints__v1-ft-wenet-bg__v1-ft-wenet-bg__version_1__stage2_step005000.pt	exp/stage2_qbyt/checkpoints/v1-ft-wenet-bg/v1-ft-wenet-bg/version_1/stage2_step005000.pt	22062003	2e6782e07016370c3c5b7f6e01e900ac2b9dc77e2a74d6c3d982ab0704e25af4	QbyTScoreSpec(version=1, value=QbyTV1Spec(readout='gru_last_padded'))	stage2_qbyt/checkpoints/v1-ft-wenet-bg/v1-ft-wenet-bg	
exp__stage2_qbyt__checkpoints__v1-ft-wenet-control__v1-ft-wenet-control__version_1__last.ckpt	exp/stage2_qbyt/checkpoints/v1-ft-wenet-control/v1-ft-wenet-control/version_1/last.ckpt	26288871	b5b9b05aadc5911c136ae6efedbbe1c232dfdbf13eda8970289ab65935e61440	QbyTScoreSpec(version=1, value=QbyTV1Spec(readout='gru_last_padded'))	stage2_qbyt/checkpoints/v1-ft-wenet-control/v1-ft-wenet-control	
exp__stage2_qbyt__checkpoints__v1-ft-wenet-control__v1-ft-wenet-control__version_1__stage2_step005000.pt	exp/stage2_qbyt/checkpoints/v1-ft-wenet-control/v1-ft-wenet-control/version_1/stage2_step005000.pt	22061939	a8d2e5f2bb431b8b3dde2b71ec821a7a9f7fbc3aabb32b6836bda9a745c143e3	QbyTScoreSpec(version=1, value=QbyTV1Spec(readout='gru_last_padded'))	stage2_qbyt/checkpoints/v1-ft-wenet-control/v1-ft-wenet-control	
exp__stage2_qbyt__checkpoints__v2-musan-gs-stream-50k__v2-musan-gs-stream-50k__version_0__last.ckpt	exp/stage2_qbyt/checkpoints/v2-musan-gs-stream-50k/v2-musan-gs-stream-50k/version_0/last.ckpt	20256135	2f3e48926b683b958855a0b5da70703e363d06deeb82c3c3b05d736478e2c0ab	QbyTScoreSpec(version=2, value=QbyTReadoutConfig(mode='gru_last', temperature=1.0, sink_token=False, text_position='sinusoidal', audio_position='sinusoidal', relative_num_buckets=32, relative_max_distance=64, sink_readout='none', sink_identity=False, sink_zero_init=False, temperature_learnable=False, score_temperature=None))	stage2_qbyt/checkpoints/v2-musan-gs-stream-50k/v2-musan-gs-stream-50k	
exp__stage2_qbyt__checkpoints__v2-musan-gs-stream-50k__v2-musan-gs-stream-50k__version_0__stage2_step048000.pt	exp/stage2_qbyt/checkpoints/v2-musan-gs-stream-50k/v2-musan-gs-stream-50k/version_0/stage2_step048000.pt	16045859	756d170fa13b22d49615be9293076278c02fa49c64c8aeb3fe5ae5ae266d9306	QbyTScoreSpec(version=2, value=QbyTReadoutConfig(mode='gru_last', temperature=1.0, sink_token=False, text_position='sinusoidal', audio_position='sinusoidal', relative_num_buckets=32, relative_max_distance=64, sink_readout='none', sink_identity=False, sink_zero_init=False, temperature_learnable=False, score_temperature=None))	stage2_qbyt/checkpoints/v2-musan-gs-stream-50k/v2-musan-gs-stream-50k	
exp__stage2_qbyt__checkpoints__v2-musan-gs-stream-50k__v2-musan-gs-stream-50k__version_0__step_step-042000.ckpt	exp/stage2_qbyt/checkpoints/v2-musan-gs-stream-50k/v2-musan-gs-stream-50k/version_0/step_step=042000.ckpt	20256135	94c685b5317a00cd3742a75c4dd66d584401e437186703d014a877a3188da7f3	QbyTScoreSpec(version=2, value=QbyTReadoutConfig(mode='gru_last', temperature=1.0, sink_token=False, text_position='sinusoidal', audio_position='sinusoidal', relative_num_buckets=32, relative_max_distance=64, sink_readout='none', sink_identity=False, sink_zero_init=False, temperature_learnable=False, score_temperature=None))	stage2_qbyt/checkpoints/v2-musan-gs-stream-50k/v2-musan-gs-stream-50k	
exp__stage2_qbyt__checkpoints__v2-musan-gs-stream-50k__v2-musan-gs-stream-50k__version_0__step_step-045000.ckpt	exp/stage2_qbyt/checkpoints/v2-musan-gs-stream-50k/v2-musan-gs-stream-50k/version_0/step_step=045000.ckpt	20256135	67fa878700793433a8425271ccefc83dee3417ff8fb39239701f9a31296356fe	QbyTScoreSpec(version=2, value=QbyTReadoutConfig(mode='gru_last', temperature=1.0, sink_token=False, text_position='sinusoidal', audio_position='sinusoidal', relative_num_buckets=32, relative_max_distance=64, sink_readout='none', sink_identity=False, sink_zero_init=False, temperature_learnable=False, score_temperature=None))	stage2_qbyt/checkpoints/v2-musan-gs-stream-50k/v2-musan-gs-stream-50k	
exp__stage2_qbyt__checkpoints__v2-musan-gs-stream-50k__v2-musan-gs-stream-50k__version_0__step_step-048000.ckpt	exp/stage2_qbyt/checkpoints/v2-musan-gs-stream-50k/v2-musan-gs-stream-50k/version_0/step_step=048000.ckpt	20256135	02062b9cad8f13f4c150b1f97d9bada60d9412c77a8bd8183d52635d9c6ca1c7	QbyTScoreSpec(version=2, value=QbyTReadoutConfig(mode='gru_last', temperature=1.0, sink_token=False, text_position='sinusoidal', audio_position='sinusoidal', relative_num_buckets=32, relative_max_distance=64, sink_readout='none', sink_identity=False, sink_zero_init=False, temperature_learnable=False, score_temperature=None))	stage2_qbyt/checkpoints/v2-musan-gs-stream-50k/v2-musan-gs-stream-50k	
exp__stage2_qbyt__checkpoints__v2-musan-gsbase-mn-50k__v2-musan-gsbase-mn-50k__version_0__last.ckpt	exp/stage2_qbyt/checkpoints/v2-musan-gsbase-mn-50k/v2-musan-gsbase-mn-50k/version_0/last.ckpt	20256135	aea87f4922af8ddc74c81bce655eccf986b9c63951867ed6f891f7ca8384b032	QbyTScoreSpec(version=2, value=QbyTReadoutConfig(mode='gru_last', temperature=1.0, sink_token=False, text_position='sinusoidal', audio_position='sinusoidal', relative_num_buckets=32, relative_max_distance=64, sink_readout='none', sink_identity=False, sink_zero_init=False, temperature_learnable=False, score_temperature=None))	stage2_qbyt/checkpoints/v2-musan-gsbase-mn-50k/v2-musan-gsbase-mn-50k	
exp__stage2_qbyt__checkpoints__v2-musan-gsbase-mn-50k__v2-musan-gsbase-mn-50k__version_0__step_step-030000.ckpt	exp/stage2_qbyt/checkpoints/v2-musan-gsbase-mn-50k/v2-musan-gsbase-mn-50k/version_0/step_step=030000.ckpt	20256135	ed798142f43224b0284aebfc1d89ba1b0a98a7875df7310b595704a66dcf4ddc	QbyTScoreSpec(version=2, value=QbyTReadoutConfig(mode='gru_last', temperature=1.0, sink_token=False, text_position='sinusoidal', audio_position='sinusoidal', relative_num_buckets=32, relative_max_distance=64, sink_readout='none', sink_identity=False, sink_zero_init=False, temperature_learnable=False, score_temperature=None))	stage2_qbyt/checkpoints/v2-musan-gsbase-mn-50k/v2-musan-gsbase-mn-50k	
exp__stage2_qbyt__checkpoints__v2-musan-gsbase-mn-50k__v2-musan-gsbase-mn-50k__version_0__step_step-033000.ckpt	exp/stage2_qbyt/checkpoints/v2-musan-gsbase-mn-50k/v2-musan-gsbase-mn-50k/version_0/step_step=033000.ckpt	20256135	4d60d37afc492e4d229d95e661b46dd51d5bc3c4f8c144cb690339bb6dc1ded1	QbyTScoreSpec(version=2, value=QbyTReadoutConfig(mode='gru_last', temperature=1.0, sink_token=False, text_position='sinusoidal', audio_position='sinusoidal', relative_num_buckets=32, relative_max_distance=64, sink_readout='none', sink_identity=False, sink_zero_init=False, temperature_learnable=False, score_temperature=None))	stage2_qbyt/checkpoints/v2-musan-gsbase-mn-50k/v2-musan-gsbase-mn-50k	
exp__stage2_qbyt__checkpoints__v2-musan-gsbase-mn-50k__v2-musan-gsbase-mn-50k__version_0__step_step-036000.ckpt	exp/stage2_qbyt/checkpoints/v2-musan-gsbase-mn-50k/v2-musan-gsbase-mn-50k/version_0/step_step=036000.ckpt	20256135	b81fb9845eee7831ad6be761774dc1e038d03597ec2b772ab556f72ddd9e5f45	QbyTScoreSpec(version=2, value=QbyTReadoutConfig(mode='gru_last', temperature=1.0, sink_token=False, text_position='sinusoidal', audio_position='sinusoidal', relative_num_buckets=32, relative_max_distance=64, sink_readout='none', sink_identity=False, sink_zero_init=False, temperature_learnable=False, score_temperature=None))	stage2_qbyt/checkpoints/v2-musan-gsbase-mn-50k/v2-musan-gsbase-mn-50k	
exp__stage2_qbyt__checkpoints__v2-musan-gsbase-stream-50k__v2-musan-gsbase-stream-50k__version_0__last.ckpt	exp/stage2_qbyt/checkpoints/v2-musan-gsbase-stream-50k/v2-musan-gsbase-stream-50k/version_0/last.ckpt	20256199	8b2593e049515855cb37cc8ca2e533055ae7ca23df4cecc4af3dc03ddf400332	QbyTScoreSpec(version=2, value=QbyTReadoutConfig(mode='gru_last', temperature=1.0, sink_token=False, text_position='sinusoidal', audio_position='sinusoidal', relative_num_buckets=32, relative_max_distance=64, sink_readout='none', sink_identity=False, sink_zero_init=False, temperature_learnable=False, score_temperature=None))	stage2_qbyt/checkpoints/v2-musan-gsbase-stream-50k/v2-musan-gsbase-stream-50k	
exp__stage2_qbyt__checkpoints__v2-musan-gsbase-stream-50k__v2-musan-gsbase-stream-50k__version_0__stage2_step048000.pt	exp/stage2_qbyt/checkpoints/v2-musan-gsbase-stream-50k/v2-musan-gsbase-stream-50k/version_0/stage2_step048000.pt	16045859	0afa0891b8316a4d127591b7adb84463db8689a3dfe31159545ac2cf7f298950	QbyTScoreSpec(version=2, value=QbyTReadoutConfig(mode='gru_last', temperature=1.0, sink_token=False, text_position='sinusoidal', audio_position='sinusoidal', relative_num_buckets=32, relative_max_distance=64, sink_readout='none', sink_identity=False, sink_zero_init=False, temperature_learnable=False, score_temperature=None))	stage2_qbyt/checkpoints/v2-musan-gsbase-stream-50k/v2-musan-gsbase-stream-50k	
exp__stage2_qbyt__checkpoints__v2-musan-gsbase-stream-50k__v2-musan-gsbase-stream-50k__version_0__step_step-040000.ckpt	exp/stage2_qbyt/checkpoints/v2-musan-gsbase-stream-50k/v2-musan-gsbase-stream-50k/version_0/step_step=040000.ckpt	20256199	854f4dd3d57a193c910103ced188ec755420bc3462174fe5b2f1410457c0f3ce	QbyTScoreSpec(version=2, value=QbyTReadoutConfig(mode='gru_last', temperature=1.0, sink_token=False, text_position='sinusoidal', audio_position='sinusoidal', relative_num_buckets=32, relative_max_distance=64, sink_readout='none', sink_identity=False, sink_zero_init=False, temperature_learnable=False, score_temperature=None))	stage2_qbyt/checkpoints/v2-musan-gsbase-stream-50k/v2-musan-gsbase-stream-50k	
exp__stage2_qbyt__checkpoints__v2-musan-gsbase-stream-50k__v2-musan-gsbase-stream-50k__version_0__step_step-044000.ckpt	exp/stage2_qbyt/checkpoints/v2-musan-gsbase-stream-50k/v2-musan-gsbase-stream-50k/version_0/step_step=044000.ckpt	20256199	69d0d53c7e4a6f8ebeb335166e49f9273c41648a24a0b986a6436f52c978dc74	QbyTScoreSpec(version=2, value=QbyTReadoutConfig(mode='gru_last', temperature=1.0, sink_token=False, text_position='sinusoidal', audio_position='sinusoidal', relative_num_buckets=32, relative_max_distance=64, sink_readout='none', sink_identity=False, sink_zero_init=False, temperature_learnable=False, score_temperature=None))	stage2_qbyt/checkpoints/v2-musan-gsbase-stream-50k/v2-musan-gsbase-stream-50k	
exp__stage2_qbyt__checkpoints__v2-musan-gsbase-stream-50k__v2-musan-gsbase-stream-50k__version_0__step_step-048000.ckpt	exp/stage2_qbyt/checkpoints/v2-musan-gsbase-stream-50k/v2-musan-gsbase-stream-50k/version_0/step_step=048000.ckpt	20256199	bbef0fabb55316f12d7b5f39b559df0276df697ec98a461e1c4168003e235359	QbyTScoreSpec(version=2, value=QbyTReadoutConfig(mode='gru_last', temperature=1.0, sink_token=False, text_position='sinusoidal', audio_position='sinusoidal', relative_num_buckets=32, relative_max_distance=64, sink_readout='none', sink_identity=False, sink_zero_init=False, temperature_learnable=False, score_temperature=None))	stage2_qbyt/checkpoints/v2-musan-gsbase-stream-50k/v2-musan-gsbase-stream-50k	
exp__stage2_qbyt__checkpoints__v2-musan-paperstage1-50k__v2-musan-paperstage1-50k__version_0__last.ckpt	exp/stage2_qbyt/checkpoints/v2-musan-paperstage1-50k/v2-musan-paperstage1-50k/version_0/last.ckpt	26288675	b11ae6b23a9d3f37d0441e46db44fd6b1ca9bf7f8296272fa6938eae827c9d13	QbyTScoreSpec(version=2, value=QbyTReadoutConfig(mode='gru_last', temperature=1.0, sink_token=False, text_position='sinusoidal', audio_position='sinusoidal', relative_num_buckets=32, relative_max_distance=64, sink_readout='none', sink_identity=False, sink_zero_init=False, temperature_learnable=False, score_temperature=None))	stage2_qbyt/checkpoints/v2-musan-paperstage1-50k/v2-musan-paperstage1-50k	
exp__stage2_qbyt__checkpoints__v2-musan-paperstage1-50k__v2-musan-paperstage1-50k__version_0__stage2_step050000.pt	exp/stage2_qbyt/checkpoints/v2-musan-paperstage1-50k/v2-musan-paperstage1-50k/version_0/stage2_step050000.pt	22062451	57044b510f24f856743c4412c764059621a426f1f220e3447d24d6849b017821	QbyTScoreSpec(version=2, value=QbyTReadoutConfig(mode='gru_last', temperature=1.0, sink_token=False, text_position='sinusoidal', audio_position='sinusoidal', relative_num_buckets=32, relative_max_distance=64, sink_readout='none', sink_identity=False, sink_zero_init=False, temperature_learnable=False, score_temperature=None))	stage2_qbyt/checkpoints/v2-musan-paperstage1-50k/v2-musan-paperstage1-50k	
exp__stage2_qbyt__checkpoints__v2-musan-paperstage1-50k__v2-musan-paperstage1-50k__version_0__step_step-045000.ckpt	exp/stage2_qbyt/checkpoints/v2-musan-paperstage1-50k/v2-musan-paperstage1-50k/version_0/step_step=045000.ckpt	26288675	87852034a5b972b5f2caccb31eb1c7e716332672e5d6edfec40b35c520a16ed5	QbyTScoreSpec(version=2, value=QbyTReadoutConfig(mode='gru_last', temperature=1.0, sink_token=False, text_position='sinusoidal', audio_position='sinusoidal', relative_num_buckets=32, relative_max_distance=64, sink_readout='none', sink_identity=False, sink_zero_init=False, temperature_learnable=False, score_temperature=None))	stage2_qbyt/checkpoints/v2-musan-paperstage1-50k/v2-musan-paperstage1-50k	
exp__stage2_qbyt__checkpoints__v2-musan-paperstage1-50k__v2-musan-paperstage1-50k__version_0__step_step-047500.ckpt	exp/stage2_qbyt/checkpoints/v2-musan-paperstage1-50k/v2-musan-paperstage1-50k/version_0/step_step=047500.ckpt	26288675	cf24704fd36c956be555ade6e8f3f136071d4dfb5ac1f01920bc1b67351da32c	QbyTScoreSpec(version=2, value=QbyTReadoutConfig(mode='gru_last', temperature=1.0, sink_token=False, text_position='sinusoidal', audio_position='sinusoidal', relative_num_buckets=32, relative_max_distance=64, sink_readout='none', sink_identity=False, sink_zero_init=False, temperature_learnable=False, score_temperature=None))	stage2_qbyt/checkpoints/v2-musan-paperstage1-50k/v2-musan-paperstage1-50k	
exp__stage2_qbyt__checkpoints__v2-musan-paperstage1-50k__v2-musan-paperstage1-50k__version_0__step_step-050000.ckpt	exp/stage2_qbyt/checkpoints/v2-musan-paperstage1-50k/v2-musan-paperstage1-50k/version_0/step_step=050000.ckpt	26288675	89bfae8990c54140a0410276a8f029d0494b9204abb827ab75499c54aca1671c	QbyTScoreSpec(version=2, value=QbyTReadoutConfig(mode='gru_last', temperature=1.0, sink_token=False, text_position='sinusoidal', audio_position='sinusoidal', relative_num_buckets=32, relative_max_distance=64, sink_readout='none', sink_identity=False, sink_zero_init=False, temperature_learnable=False, score_temperature=None))	stage2_qbyt/checkpoints/v2-musan-paperstage1-50k/v2-musan-paperstage1-50k	
exp__stage2_qbyt__checkpoints__v2-musan-zhen3m-mn-50k__v2-musan-zhen3m-mn-50k__version_0__last.ckpt	exp/stage2_qbyt/checkpoints/v2-musan-zhen3m-mn-50k/v2-musan-zhen3m-mn-50k/version_0/last.ckpt	20084103	7d7b2461b01d757d3d6a5d262e1a1e74b0f1d0bfadc4450de838d2a610b6b8c0	QbyTScoreSpec(version=2, value=QbyTReadoutConfig(mode='gru_last', temperature=1.0, sink_token=False, text_position='sinusoidal', audio_position='sinusoidal', relative_num_buckets=32, relative_max_distance=64, sink_readout='none', sink_identity=False, sink_zero_init=False, temperature_learnable=False, score_temperature=None))	stage2_qbyt/checkpoints/v2-musan-zhen3m-mn-50k/v2-musan-zhen3m-mn-50k	
exp__stage2_qbyt__checkpoints__v2-musan-zhen3m-mn-50k__v2-musan-zhen3m-mn-50k__version_0__step_step-027500.ckpt	exp/stage2_qbyt/checkpoints/v2-musan-zhen3m-mn-50k/v2-musan-zhen3m-mn-50k/version_0/step_step=027500.ckpt	20084103	8b71592e3832ea5e58ceb38354b3221f8d63c4f8971fea141adceb276606b9fc	QbyTScoreSpec(version=2, value=QbyTReadoutConfig(mode='gru_last', temperature=1.0, sink_token=False, text_position='sinusoidal', audio_position='sinusoidal', relative_num_buckets=32, relative_max_distance=64, sink_readout='none', sink_identity=False, sink_zero_init=False, temperature_learnable=False, score_temperature=None))	stage2_qbyt/checkpoints/v2-musan-zhen3m-mn-50k/v2-musan-zhen3m-mn-50k	
exp__stage2_qbyt__checkpoints__v2-musan-zhen3m-mn-50k__v2-musan-zhen3m-mn-50k__version_0__step_step-030000.ckpt	exp/stage2_qbyt/checkpoints/v2-musan-zhen3m-mn-50k/v2-musan-zhen3m-mn-50k/version_0/step_step=030000.ckpt	20084103	e0abac765e50f803e720af855804db3b5b0cbb462a65d42b4078d7f036fb460c	QbyTScoreSpec(version=2, value=QbyTReadoutConfig(mode='gru_last', temperature=1.0, sink_token=False, text_position='sinusoidal', audio_position='sinusoidal', relative_num_buckets=32, relative_max_distance=64, sink_readout='none', sink_identity=False, sink_zero_init=False, temperature_learnable=False, score_temperature=None))	stage2_qbyt/checkpoints/v2-musan-zhen3m-mn-50k/v2-musan-zhen3m-mn-50k	
exp__stage2_qbyt__checkpoints__v2-musan-zhen3m-mn-50k__v2-musan-zhen3m-mn-50k__version_0__step_step-032500.ckpt	exp/stage2_qbyt/checkpoints/v2-musan-zhen3m-mn-50k/v2-musan-zhen3m-mn-50k/version_0/step_step=032500.ckpt	20084103	104aa5497c183e970feab30af2adadd80ccb800a83514a54bdc0057cb74877ff	QbyTScoreSpec(version=2, value=QbyTReadoutConfig(mode='gru_last', temperature=1.0, sink_token=False, text_position='sinusoidal', audio_position='sinusoidal', relative_num_buckets=32, relative_max_distance=64, sink_readout='none', sink_identity=False, sink_zero_init=False, temperature_learnable=False, score_temperature=None))	stage2_qbyt/checkpoints/v2-musan-zhen3m-mn-50k/v2-musan-zhen3m-mn-50k	
exp__stage2_qbyt__checkpoints__v2-musan-zhen3m-stream-50k__v2-musan-zhen3m-stream-50k__version_0__last.ckpt	exp/stage2_qbyt/checkpoints/v2-musan-zhen3m-stream-50k/v2-musan-zhen3m-stream-50k/version_0/last.ckpt	20082763	900dd771e0ee5b5932183b1e43be288d309dac8985265d646839bc6878f359fc	QbyTScoreSpec(version=2, value=QbyTReadoutConfig(mode='gru_last', temperature=1.0, sink_token=False, text_position='sinusoidal', audio_position='sinusoidal', relative_num_buckets=32, relative_max_distance=64, sink_readout='none', sink_identity=False, sink_zero_init=False, temperature_learnable=False, score_temperature=None))	stage2_qbyt/checkpoints/v2-musan-zhen3m-stream-50k/v2-musan-zhen3m-stream-50k	
exp__stage2_qbyt__checkpoints__v2-musan-zhen3m-stream-50k__v2-musan-zhen3m-stream-50k__version_0__stage2_step000002.pt	exp/stage2_qbyt/checkpoints/v2-musan-zhen3m-stream-50k/v2-musan-zhen3m-stream-50k/version_0/stage2_step000002.pt	15873827	daa8e345a64f8ddea9c83ba4c95cdce72f2a6e9e2e9810aaf6182074904197ba	QbyTScoreSpec(version=2, value=QbyTReadoutConfig(mode='gru_last', temperature=1.0, sink_token=False, text_position='sinusoidal', audio_position='sinusoidal', relative_num_buckets=32, relative_max_distance=64, sink_readout='none', sink_identity=False, sink_zero_init=False, temperature_learnable=False, score_temperature=None))	stage2_qbyt/checkpoints/v2-musan-zhen3m-stream-50k/v2-musan-zhen3m-stream-50k	
exp__stage2_qbyt__checkpoints__v2-musan-zhen3m-stream-50k__v2-musan-zhen3m-stream-50k__version_1__last.ckpt	exp/stage2_qbyt/checkpoints/v2-musan-zhen3m-stream-50k/v2-musan-zhen3m-stream-50k/version_1/last.ckpt	20084167	b3c5edea893d0ea30256125a5556d8512bc5e5ce8a1de7936b4d46abc3bd06e1	QbyTScoreSpec(version=2, value=QbyTReadoutConfig(mode='gru_last', temperature=1.0, sink_token=False, text_position='sinusoidal', audio_position='sinusoidal', relative_num_buckets=32, relative_max_distance=64, sink_readout='none', sink_identity=False, sink_zero_init=False, temperature_learnable=False, score_temperature=None))	stage2_qbyt/checkpoints/v2-musan-zhen3m-stream-50k/v2-musan-zhen3m-stream-50k	
exp__stage2_qbyt__checkpoints__v2-musan-zhen3m-stream-50k__v2-musan-zhen3m-stream-50k__version_1__stage2_step050000.pt	exp/stage2_qbyt/checkpoints/v2-musan-zhen3m-stream-50k/v2-musan-zhen3m-stream-50k/version_1/stage2_step050000.pt	15873827	734316bf271a450f23a2977333c7f091bbda696eac1efc52ec9030c1e2db1bbc	QbyTScoreSpec(version=2, value=QbyTReadoutConfig(mode='gru_last', temperature=1.0, sink_token=False, text_position='sinusoidal', audio_position='sinusoidal', relative_num_buckets=32, relative_max_distance=64, sink_readout='none', sink_identity=False, sink_zero_init=False, temperature_learnable=False, score_temperature=None))	stage2_qbyt/checkpoints/v2-musan-zhen3m-stream-50k/v2-musan-zhen3m-stream-50k	
exp__stage2_qbyt__checkpoints__v2-musan-zhen3m-stream-50k__v2-musan-zhen3m-stream-50k__version_1__step_step-045000.ckpt	exp/stage2_qbyt/checkpoints/v2-musan-zhen3m-stream-50k/v2-musan-zhen3m-stream-50k/version_1/step_step=045000.ckpt	20084167	ab296a86382d97a4ef1d7b1fadcf8c7e86df8e0f72d17d22e008df77f24293d0	QbyTScoreSpec(version=2, value=QbyTReadoutConfig(mode='gru_last', temperature=1.0, sink_token=False, text_position='sinusoidal', audio_position='sinusoidal', relative_num_buckets=32, relative_max_distance=64, sink_readout='none', sink_identity=False, sink_zero_init=False, temperature_learnable=False, score_temperature=None))	stage2_qbyt/checkpoints/v2-musan-zhen3m-stream-50k/v2-musan-zhen3m-stream-50k	
exp__stage2_qbyt__checkpoints__v2-musan-zhen3m-stream-50k__v2-musan-zhen3m-stream-50k__version_1__step_step-047500.ckpt	exp/stage2_qbyt/checkpoints/v2-musan-zhen3m-stream-50k/v2-musan-zhen3m-stream-50k/version_1/step_step=047500.ckpt	20084167	8aba01ac54c8e1b9ebf9b36c9d1f9cecea77f75c5591264fefb120800c419608	QbyTScoreSpec(version=2, value=QbyTReadoutConfig(mode='gru_last', temperature=1.0, sink_token=False, text_position='sinusoidal', audio_position='sinusoidal', relative_num_buckets=32, relative_max_distance=64, sink_readout='none', sink_identity=False, sink_zero_init=False, temperature_learnable=False, score_temperature=None))	stage2_qbyt/checkpoints/v2-musan-zhen3m-stream-50k/v2-musan-zhen3m-stream-50k	
exp__stage2_qbyt__checkpoints__v2-musan-zhen3m-stream-50k__v2-musan-zhen3m-stream-50k__version_1__step_step-050000.ckpt	exp/stage2_qbyt/checkpoints/v2-musan-zhen3m-stream-50k/v2-musan-zhen3m-stream-50k/version_1/step_step=050000.ckpt	20084167	1e571dc68143786516d68dc69586e0844396e9db83230cd1054d40fb8f635dbc	QbyTScoreSpec(version=2, value=QbyTReadoutConfig(mode='gru_last', temperature=1.0, sink_token=False, text_position='sinusoidal', audio_position='sinusoidal', relative_num_buckets=32, relative_max_distance=64, sink_readout='none', sink_identity=False, sink_zero_init=False, temperature_learnable=False, score_temperature=None))	stage2_qbyt/checkpoints/v2-musan-zhen3m-stream-50k/v2-musan-zhen3m-stream-50k	
exp__stage2_qbyt__checkpoints__v3-musan-asrxl-50k__v3-musan-asrxl-50k__version_0__last.ckpt	exp/stage2_qbyt/checkpoints/v3-musan-asrxl-50k/v3-musan-asrxl-50k/version_0/last.ckpt	264695613	69dba323584b22e116da0c3bc472fcd1ac24e851eb440c73cf0bcad43f840b04	QbyTScoreSpec(version=3, value=QbyTReadoutConfig(mode='eps_mean', temperature=1.0, sink_token=False, text_position='sinusoidal', audio_position='sinusoidal', relative_num_buckets=32, relative_max_distance=64, sink_readout='none', sink_identity=False, sink_zero_init=False, temperature_learnable=False, score_temperature=None))	stage2_qbyt/checkpoints/v3-musan-asrxl-50k/v3-musan-asrxl-50k	
exp__stage2_qbyt__checkpoints__v3-musan-gs-50k__v3-musan-gs-50k__version_0__last.ckpt	exp/stage2_qbyt/checkpoints/v3-musan-gs-50k/v3-musan-gs-50k/version_0/last.ckpt	19063137	77a9d1f64cfd4c275b244b63768a2bca7cfc662e800ed553ab0d370ad67abd28	QbyTScoreSpec(version=3, value=QbyTReadoutConfig(mode='eps_mean', temperature=1.0, sink_token=False, text_position='sinusoidal', audio_position='sinusoidal', relative_num_buckets=32, relative_max_distance=64, sink_readout='none', sink_identity=False, sink_zero_init=False, temperature_learnable=False, score_temperature=None))	stage2_qbyt/checkpoints/v3-musan-gs-50k/v3-musan-gs-50k	
exp__stage2_qbyt__checkpoints__v3-musan-gs-50k__v3-musan-gs-50k__version_0__stage2_step048000.pt	exp/stage2_qbyt/checkpoints/v3-musan-gs-50k/v3-musan-gs-50k/version_0/stage2_step048000.pt	15648323	64647a0139749ca63af865aaa8c10ac66b199c7650ace2ff591b5c42f33402a8	QbyTScoreSpec(version=3, value=QbyTReadoutConfig(mode='eps_mean', temperature=1.0, sink_token=False, text_position='sinusoidal', audio_position='sinusoidal', relative_num_buckets=32, relative_max_distance=64, sink_readout='none', sink_identity=False, sink_zero_init=False, temperature_learnable=False, score_temperature=None))	stage2_qbyt/checkpoints/v3-musan-gs-50k/v3-musan-gs-50k	
exp__stage2_qbyt__checkpoints__v3-musan-gs-50k__v3-musan-gs-50k__version_0__step_step-040000.ckpt	exp/stage2_qbyt/checkpoints/v3-musan-gs-50k/v3-musan-gs-50k/version_0/step_step=040000.ckpt	19063137	6ece0cd66dfd30f2f69344bf90a69d8d3a91b8b4e529f81d52f1cc42956b2c57	QbyTScoreSpec(version=3, value=QbyTReadoutConfig(mode='eps_mean', temperature=1.0, sink_token=False, text_position='sinusoidal', audio_position='sinusoidal', relative_num_buckets=32, relative_max_distance=64, sink_readout='none', sink_identity=False, sink_zero_init=False, temperature_learnable=False, score_temperature=None))	stage2_qbyt/checkpoints/v3-musan-gs-50k/v3-musan-gs-50k	
exp__stage2_qbyt__checkpoints__v3-musan-gs-50k__v3-musan-gs-50k__version_0__step_step-044000.ckpt	exp/stage2_qbyt/checkpoints/v3-musan-gs-50k/v3-musan-gs-50k/version_0/step_step=044000.ckpt	19063137	7d97687505273b94134c07b70918e271178df1d5ac8d2920606891a3544f6a8b	QbyTScoreSpec(version=3, value=QbyTReadoutConfig(mode='eps_mean', temperature=1.0, sink_token=False, text_position='sinusoidal', audio_position='sinusoidal', relative_num_buckets=32, relative_max_distance=64, sink_readout='none', sink_identity=False, sink_zero_init=False, temperature_learnable=False, score_temperature=None))	stage2_qbyt/checkpoints/v3-musan-gs-50k/v3-musan-gs-50k	
exp__stage2_qbyt__checkpoints__v3-musan-gs-50k__v3-musan-gs-50k__version_0__step_step-048000.ckpt	exp/stage2_qbyt/checkpoints/v3-musan-gs-50k/v3-musan-gs-50k/version_0/step_step=048000.ckpt	19063137	4d4c79975d1303139aece3101603e15110fc13e6b2891aabf4dec56186f31295	QbyTScoreSpec(version=3, value=QbyTReadoutConfig(mode='eps_mean', temperature=1.0, sink_token=False, text_position='sinusoidal', audio_position='sinusoidal', relative_num_buckets=32, relative_max_distance=64, sink_readout='none', sink_identity=False, sink_zero_init=False, temperature_learnable=False, score_temperature=None))	stage2_qbyt/checkpoints/v3-musan-gs-50k/v3-musan-gs-50k	
exp__stage2_qbyt__checkpoints__v3-musan-gsbase-fullctx-50k__v3-musan-gsbase-fullctx-50k__version_0__last.ckpt	exp/stage2_qbyt/checkpoints/v3-musan-gsbase-fullctx-50k/v3-musan-gsbase-fullctx-50k/version_0/last.ckpt	19063329	0b64b6e7de2f90ba8ffaf4cd53bd68ba865074a6e968ae9f7a2bd925876b161d	QbyTScoreSpec(version=3, value=QbyTReadoutConfig(mode='eps_mean', temperature=1.0, sink_token=False, text_position='sinusoidal', audio_position='sinusoidal', relative_num_buckets=32, relative_max_distance=64, sink_readout='none', sink_identity=False, sink_zero_init=False, temperature_learnable=False, score_temperature=None))	stage2_qbyt/checkpoints/v3-musan-gsbase-fullctx-50k/v3-musan-gsbase-fullctx-50k	
exp__stage2_qbyt__checkpoints__v3-musan-gsbase-fullctx-50k__v3-musan-gsbase-fullctx-50k__version_0__stage2_step048000.pt	exp/stage2_qbyt/checkpoints/v3-musan-gsbase-fullctx-50k/v3-musan-gsbase-fullctx-50k/version_0/stage2_step048000.pt	15648387	3e438f27d7ca74e5a7e722f63c68f38bd0ddea13e8c7caf03de955333802dc77	QbyTScoreSpec(version=3, value=QbyTReadoutConfig(mode='eps_mean', temperature=1.0, sink_token=False, text_position='sinusoidal', audio_position='sinusoidal', relative_num_buckets=32, relative_max_distance=64, sink_readout='none', sink_identity=False, sink_zero_init=False, temperature_learnable=False, score_temperature=None))	stage2_qbyt/checkpoints/v3-musan-gsbase-fullctx-50k/v3-musan-gsbase-fullctx-50k	
exp__stage2_qbyt__checkpoints__v3-musan-gsbase-fullctx-50k__v3-musan-gsbase-fullctx-50k__version_0__step_step-040000.ckpt	exp/stage2_qbyt/checkpoints/v3-musan-gsbase-fullctx-50k/v3-musan-gsbase-fullctx-50k/version_0/step_step=040000.ckpt	19063329	0a44181b1298e5a9e139af8d71715448a0230c7f8ebc31858a4d68a684a17878	QbyTScoreSpec(version=3, value=QbyTReadoutConfig(mode='eps_mean', temperature=1.0, sink_token=False, text_position='sinusoidal', audio_position='sinusoidal', relative_num_buckets=32, relative_max_distance=64, sink_readout='none', sink_identity=False, sink_zero_init=False, temperature_learnable=False, score_temperature=None))	stage2_qbyt/checkpoints/v3-musan-gsbase-fullctx-50k/v3-musan-gsbase-fullctx-50k	
exp__stage2_qbyt__checkpoints__v3-musan-gsbase-fullctx-50k__v3-musan-gsbase-fullctx-50k__version_0__step_step-044000.ckpt	exp/stage2_qbyt/checkpoints/v3-musan-gsbase-fullctx-50k/v3-musan-gsbase-fullctx-50k/version_0/step_step=044000.ckpt	19063329	6409e2f3cd751a0ecc4e05804ad3876dbae918b14ed803dd089b5d6e2650a972	QbyTScoreSpec(version=3, value=QbyTReadoutConfig(mode='eps_mean', temperature=1.0, sink_token=False, text_position='sinusoidal', audio_position='sinusoidal', relative_num_buckets=32, relative_max_distance=64, sink_readout='none', sink_identity=False, sink_zero_init=False, temperature_learnable=False, score_temperature=None))	stage2_qbyt/checkpoints/v3-musan-gsbase-fullctx-50k/v3-musan-gsbase-fullctx-50k	
exp__stage2_qbyt__checkpoints__v3-musan-gsbase-fullctx-50k__v3-musan-gsbase-fullctx-50k__version_0__step_step-048000.ckpt	exp/stage2_qbyt/checkpoints/v3-musan-gsbase-fullctx-50k/v3-musan-gsbase-fullctx-50k/version_0/step_step=048000.ckpt	19063329	0244a38df500e5d8c8d3e89d4e9bd0ed3e1e63e889d23636b5f3227fc1aa5dff	QbyTScoreSpec(version=3, value=QbyTReadoutConfig(mode='eps_mean', temperature=1.0, sink_token=False, text_position='sinusoidal', audio_position='sinusoidal', relative_num_buckets=32, relative_max_distance=64, sink_readout='none', sink_identity=False, sink_zero_init=False, temperature_learnable=False, score_temperature=None))	stage2_qbyt/checkpoints/v3-musan-gsbase-fullctx-50k/v3-musan-gsbase-fullctx-50k	
exp__stage2_qbyt__checkpoints__v3-musan-gsbase-mn-50k__v3-musan-gsbase-mn-50k__version_0__last.ckpt	exp/stage2_qbyt/checkpoints/v3-musan-gsbase-mn-50k/v3-musan-gsbase-mn-50k/version_0/last.ckpt	19063265	e74db3ce0323d505c3e528372797d2b0b0ec4bf1d588c760e35ae8bef532eba9	QbyTScoreSpec(version=3, value=QbyTReadoutConfig(mode='eps_mean', temperature=1.0, sink_token=False, text_position='sinusoidal', audio_position='sinusoidal', relative_num_buckets=32, relative_max_distance=64, sink_readout='none', sink_identity=False, sink_zero_init=False, temperature_learnable=False, score_temperature=None))	stage2_qbyt/checkpoints/v3-musan-gsbase-mn-50k/v3-musan-gsbase-mn-50k	
exp__stage2_qbyt__checkpoints__v3-musan-gsbase-mn-50k__v3-musan-gsbase-mn-50k__version_0__step_step-030000.ckpt	exp/stage2_qbyt/checkpoints/v3-musan-gsbase-mn-50k/v3-musan-gsbase-mn-50k/version_0/step_step=030000.ckpt	19063265	58c0cd82cd5845760ce3ae467bd70d3d5728a9d5b4d501a684bbe911d76e9a19	QbyTScoreSpec(version=3, value=QbyTReadoutConfig(mode='eps_mean', temperature=1.0, sink_token=False, text_position='sinusoidal', audio_position='sinusoidal', relative_num_buckets=32, relative_max_distance=64, sink_readout='none', sink_identity=False, sink_zero_init=False, temperature_learnable=False, score_temperature=None))	stage2_qbyt/checkpoints/v3-musan-gsbase-mn-50k/v3-musan-gsbase-mn-50k	
exp__stage2_qbyt__checkpoints__v3-musan-gsbase-mn-50k__v3-musan-gsbase-mn-50k__version_0__step_step-035000.ckpt	exp/stage2_qbyt/checkpoints/v3-musan-gsbase-mn-50k/v3-musan-gsbase-mn-50k/version_0/step_step=035000.ckpt	19063265	ae4f2ad0016ee8b028e4c64bc31f6378c5f974f1ed7018cab06f14635eb74629	QbyTScoreSpec(version=3, value=QbyTReadoutConfig(mode='eps_mean', temperature=1.0, sink_token=False, text_position='sinusoidal', audio_position='sinusoidal', relative_num_buckets=32, relative_max_distance=64, sink_readout='none', sink_identity=False, sink_zero_init=False, temperature_learnable=False, score_temperature=None))	stage2_qbyt/checkpoints/v3-musan-gsbase-mn-50k/v3-musan-gsbase-mn-50k	
exp__stage2_qbyt__checkpoints__v3-musan-gsbase-mn-50k__v3-musan-gsbase-mn-50k__version_0__step_step-040000.ckpt	exp/stage2_qbyt/checkpoints/v3-musan-gsbase-mn-50k/v3-musan-gsbase-mn-50k/version_0/step_step=040000.ckpt	19063265	d4de228504dd9055e019c8505a9601c6936713863dc5f17e4d391a76b17fe636	QbyTScoreSpec(version=3, value=QbyTReadoutConfig(mode='eps_mean', temperature=1.0, sink_token=False, text_position='sinusoidal', audio_position='sinusoidal', relative_num_buckets=32, relative_max_distance=64, sink_readout='none', sink_identity=False, sink_zero_init=False, temperature_learnable=False, score_temperature=None))	stage2_qbyt/checkpoints/v3-musan-gsbase-mn-50k/v3-musan-gsbase-mn-50k	
exp__stage2_qbyt__checkpoints__v3-musan-gsbase-stream-50k__v3-musan-gsbase-stream-50k__version_0__last.ckpt	exp/stage2_qbyt/checkpoints/v3-musan-gsbase-stream-50k/v3-musan-gsbase-stream-50k/version_0/last.ckpt	19063329	777e3e570689c9e67f5dd0390af3b4d86777b4add36fd7d27b8df7c12ef3c511	QbyTScoreSpec(version=3, value=QbyTReadoutConfig(mode='eps_mean', temperature=1.0, sink_token=False, text_position='sinusoidal', audio_position='sinusoidal', relative_num_buckets=32, relative_max_distance=64, sink_readout='none', sink_identity=False, sink_zero_init=False, temperature_learnable=False, score_temperature=None))	stage2_qbyt/checkpoints/v3-musan-gsbase-stream-50k/v3-musan-gsbase-stream-50k	
exp__stage2_qbyt__checkpoints__v3-musan-gsbase-stream-50k__v3-musan-gsbase-stream-50k__version_0__stage2_step048000.pt	exp/stage2_qbyt/checkpoints/v3-musan-gsbase-stream-50k/v3-musan-gsbase-stream-50k/version_0/stage2_step048000.pt	15648323	f2eaf9d73b9df847c76a20de9d07ca11d12be4502c26cc15c9938ecadea2247a	QbyTScoreSpec(version=3, value=QbyTReadoutConfig(mode='eps_mean', temperature=1.0, sink_token=False, text_position='sinusoidal', audio_position='sinusoidal', relative_num_buckets=32, relative_max_distance=64, sink_readout='none', sink_identity=False, sink_zero_init=False, temperature_learnable=False, score_temperature=None))	stage2_qbyt/checkpoints/v3-musan-gsbase-stream-50k/v3-musan-gsbase-stream-50k	
exp__stage2_qbyt__checkpoints__v3-musan-gsbase-stream-50k__v3-musan-gsbase-stream-50k__version_0__step_step-036000.ckpt	exp/stage2_qbyt/checkpoints/v3-musan-gsbase-stream-50k/v3-musan-gsbase-stream-50k/version_0/step_step=036000.ckpt	19063329	286e1c4adeb3ff47f324b7a421d78e4445d4a27c0254c6887e548fd958c9f438	QbyTScoreSpec(version=3, value=QbyTReadoutConfig(mode='eps_mean', temperature=1.0, sink_token=False, text_position='sinusoidal', audio_position='sinusoidal', relative_num_buckets=32, relative_max_distance=64, sink_readout='none', sink_identity=False, sink_zero_init=False, temperature_learnable=False, score_temperature=None))	stage2_qbyt/checkpoints/v3-musan-gsbase-stream-50k/v3-musan-gsbase-stream-50k	
exp__stage2_qbyt__checkpoints__v3-musan-gsbase-stream-50k__v3-musan-gsbase-stream-50k__version_0__step_step-044000.ckpt	exp/stage2_qbyt/checkpoints/v3-musan-gsbase-stream-50k/v3-musan-gsbase-stream-50k/version_0/step_step=044000.ckpt	19063329	95ec67d7cc438ba797b79e4cfbb67eb1d84b8b785940aa1759ca58df757f5ad0	QbyTScoreSpec(version=3, value=QbyTReadoutConfig(mode='eps_mean', temperature=1.0, sink_token=False, text_position='sinusoidal', audio_position='sinusoidal', relative_num_buckets=32, relative_max_distance=64, sink_readout='none', sink_identity=False, sink_zero_init=False, temperature_learnable=False, score_temperature=None))	stage2_qbyt/checkpoints/v3-musan-gsbase-stream-50k/v3-musan-gsbase-stream-50k	
exp__stage2_qbyt__checkpoints__v3-musan-gsbase-stream-50k__v3-musan-gsbase-stream-50k__version_0__step_step-048000.ckpt	exp/stage2_qbyt/checkpoints/v3-musan-gsbase-stream-50k/v3-musan-gsbase-stream-50k/version_0/step_step=048000.ckpt	19063329	7d5323472c179fbd37e0d3c794879fd7b0a6c59c40f6208360fb5e0a01062b86	QbyTScoreSpec(version=3, value=QbyTReadoutConfig(mode='eps_mean', temperature=1.0, sink_token=False, text_position='sinusoidal', audio_position='sinusoidal', relative_num_buckets=32, relative_max_distance=64, sink_readout='none', sink_identity=False, sink_zero_init=False, temperature_learnable=False, score_temperature=None))	stage2_qbyt/checkpoints/v3-musan-gsbase-stream-50k/v3-musan-gsbase-stream-50k	
exp__stage2_qbyt__checkpoints__v3-musan-paperstage1-50k__v3-musan-paperstage1-50k__version_0__last.ckpt	exp/stage2_qbyt/checkpoints/v3-musan-paperstage1-50k/v3-musan-paperstage1-50k/version_0/last.ckpt	25095805	2b5cdf0602d3f8707d80dc931b75c18d10dbd13f6a8785cd54ae65551b1f8250	QbyTScoreSpec(version=3, value=QbyTReadoutConfig(mode='eps_mean', temperature=1.0, sink_token=False, text_position='sinusoidal', audio_position='sinusoidal', relative_num_buckets=32, relative_max_distance=64, sink_readout='none', sink_identity=False, sink_zero_init=False, temperature_learnable=False, score_temperature=None))	stage2_qbyt/checkpoints/v3-musan-paperstage1-50k/v3-musan-paperstage1-50k	
exp__stage2_qbyt__checkpoints__v3-musan-paperstage1-50k__v3-musan-paperstage1-50k__version_0__step_step-036000.ckpt	exp/stage2_qbyt/checkpoints/v3-musan-paperstage1-50k/v3-musan-paperstage1-50k/version_0/step_step=036000.ckpt	25095805	6361891f46041b09a2d1ac5138823d86c7fb82692fee18cdf7264368e792fb53	QbyTScoreSpec(version=3, value=QbyTReadoutConfig(mode='eps_mean', temperature=1.0, sink_token=False, text_position='sinusoidal', audio_position='sinusoidal', relative_num_buckets=32, relative_max_distance=64, sink_readout='none', sink_identity=False, sink_zero_init=False, temperature_learnable=False, score_temperature=None))	stage2_qbyt/checkpoints/v3-musan-paperstage1-50k/v3-musan-paperstage1-50k	
exp__stage2_qbyt__checkpoints__v3-musan-paperstage1-50k__v3-musan-paperstage1-50k__version_0__step_step-040000.ckpt	exp/stage2_qbyt/checkpoints/v3-musan-paperstage1-50k/v3-musan-paperstage1-50k/version_0/step_step=040000.ckpt	25095805	c64898a2ea9dff385ce87dfc716f1b7f8b91f3c492b6c762849848d304162d82	QbyTScoreSpec(version=3, value=QbyTReadoutConfig(mode='eps_mean', temperature=1.0, sink_token=False, text_position='sinusoidal', audio_position='sinusoidal', relative_num_buckets=32, relative_max_distance=64, sink_readout='none', sink_identity=False, sink_zero_init=False, temperature_learnable=False, score_temperature=None))	stage2_qbyt/checkpoints/v3-musan-paperstage1-50k/v3-musan-paperstage1-50k	
exp__stage2_qbyt__checkpoints__v3-musan-paperstage1-50k__v3-musan-paperstage1-50k__version_0__step_step-044000.ckpt	exp/stage2_qbyt/checkpoints/v3-musan-paperstage1-50k/v3-musan-paperstage1-50k/version_0/step_step=044000.ckpt	25095805	551c321be1dd765b1b522a0acb36ba1b3237ec3f706fcb2693b94dde311045eb	QbyTScoreSpec(version=3, value=QbyTReadoutConfig(mode='eps_mean', temperature=1.0, sink_token=False, text_position='sinusoidal', audio_position='sinusoidal', relative_num_buckets=32, relative_max_distance=64, sink_readout='none', sink_identity=False, sink_zero_init=False, temperature_learnable=False, score_temperature=None))	stage2_qbyt/checkpoints/v3-musan-paperstage1-50k/v3-musan-paperstage1-50k	
exp__stage2_qbyt__checkpoints__v3-musan-paperstage1-50k__v3-musan-paperstage1-50k__version_1__last.ckpt	exp/stage2_qbyt/checkpoints/v3-musan-paperstage1-50k/v3-musan-paperstage1-50k/version_1/last.ckpt	25095805	e1bbd337a4d755b9b21860bc7d961b204d737eb583e5ac934624bc6e2fd99928	QbyTScoreSpec(version=3, value=QbyTReadoutConfig(mode='eps_mean', temperature=1.0, sink_token=False, text_position='sinusoidal', audio_position='sinusoidal', relative_num_buckets=32, relative_max_distance=64, sink_readout='none', sink_identity=False, sink_zero_init=False, temperature_learnable=False, score_temperature=None))	stage2_qbyt/checkpoints/v3-musan-paperstage1-50k/v3-musan-paperstage1-50k	
exp__stage2_qbyt__checkpoints__v3-musan-paperstage1-50k__v3-musan-paperstage1-50k__version_1__stage2_step048000.pt	exp/stage2_qbyt/checkpoints/v3-musan-paperstage1-50k/v3-musan-paperstage1-50k/version_1/stage2_step048000.pt	21664915	ece111b85489a373f448a8aa1c8b7767ae01ec35d3e3433b3349dfe6cded3269	QbyTScoreSpec(version=3, value=QbyTReadoutConfig(mode='eps_mean', temperature=1.0, sink_token=False, text_position='sinusoidal', audio_position='sinusoidal', relative_num_buckets=32, relative_max_distance=64, sink_readout='none', sink_identity=False, sink_zero_init=False, temperature_learnable=False, score_temperature=None))	stage2_qbyt/checkpoints/v3-musan-paperstage1-50k/v3-musan-paperstage1-50k	
exp__stage2_qbyt__checkpoints__v3-musan-paperstage1-50k__v3-musan-paperstage1-50k__version_1__step_step-040000.ckpt	exp/stage2_qbyt/checkpoints/v3-musan-paperstage1-50k/v3-musan-paperstage1-50k/version_1/step_step=040000.ckpt	25095805	240497c8c97f8c59323b686e682c796c8c0784771d90b31775d2078042c8f0bf	QbyTScoreSpec(version=3, value=QbyTReadoutConfig(mode='eps_mean', temperature=1.0, sink_token=False, text_position='sinusoidal', audio_position='sinusoidal', relative_num_buckets=32, relative_max_distance=64, sink_readout='none', sink_identity=False, sink_zero_init=False, temperature_learnable=False, score_temperature=None))	stage2_qbyt/checkpoints/v3-musan-paperstage1-50k/v3-musan-paperstage1-50k	
exp__stage2_qbyt__checkpoints__v3-musan-paperstage1-50k__v3-musan-paperstage1-50k__version_1__step_step-044000.ckpt	exp/stage2_qbyt/checkpoints/v3-musan-paperstage1-50k/v3-musan-paperstage1-50k/version_1/step_step=044000.ckpt	25095805	b3b9a4a43761ef1e0af38740284aee3e03fe6458949d9550021a11e9111c1750	QbyTScoreSpec(version=3, value=QbyTReadoutConfig(mode='eps_mean', temperature=1.0, sink_token=False, text_position='sinusoidal', audio_position='sinusoidal', relative_num_buckets=32, relative_max_distance=64, sink_readout='none', sink_identity=False, sink_zero_init=False, temperature_learnable=False, score_temperature=None))	stage2_qbyt/checkpoints/v3-musan-paperstage1-50k/v3-musan-paperstage1-50k	
exp__stage2_qbyt__checkpoints__v3-musan-paperstage1-50k__v3-musan-paperstage1-50k__version_1__step_step-048000.ckpt	exp/stage2_qbyt/checkpoints/v3-musan-paperstage1-50k/v3-musan-paperstage1-50k/version_1/step_step=048000.ckpt	25095805	cf4d7ef4abf6cb60a249b3120f61efbebff530120a0f488353a78127e0995db2	QbyTScoreSpec(version=3, value=QbyTReadoutConfig(mode='eps_mean', temperature=1.0, sink_token=False, text_position='sinusoidal', audio_position='sinusoidal', relative_num_buckets=32, relative_max_distance=64, sink_readout='none', sink_identity=False, sink_zero_init=False, temperature_learnable=False, score_temperature=None))	stage2_qbyt/checkpoints/v3-musan-paperstage1-50k/v3-musan-paperstage1-50k	
exp__stage2_qbyt__checkpoints__v3-musan-zhen3m-50k__v3-musan-zhen3m-50k__version_0__last.ckpt	exp/stage2_qbyt/checkpoints/v3-musan-zhen3m-50k/v3-musan-zhen3m-50k/version_0/last.ckpt	18889765	cf2884fc41651ff143f4f007515d0227f03a139a1e461411350e3fa834abb4f6	QbyTScoreSpec(version=3, value=QbyTReadoutConfig(mode='eps_mean', temperature=1.0, sink_token=False, text_position='sinusoidal', audio_position='sinusoidal', relative_num_buckets=32, relative_max_distance=64, sink_readout='none', sink_identity=False, sink_zero_init=False, temperature_learnable=False, score_temperature=None))	stage2_qbyt/checkpoints/v3-musan-zhen3m-50k/v3-musan-zhen3m-50k	
exp__stage2_qbyt__checkpoints__v3-musan-zhen3m-50k__v3-musan-zhen3m-50k__version_0__stage2_step000001.pt	exp/stage2_qbyt/checkpoints/v3-musan-zhen3m-50k/v3-musan-zhen3m-50k/version_0/stage2_step000001.pt	15476291	8ea2166db21b0c9e6f667a01bba923ad9cde243f13fb28340904bb5f1ae16d5c	QbyTScoreSpec(version=3, value=QbyTReadoutConfig(mode='eps_mean', temperature=1.0, sink_token=False, text_position='sinusoidal', audio_position='sinusoidal', relative_num_buckets=32, relative_max_distance=64, sink_readout='none', sink_identity=False, sink_zero_init=False, temperature_learnable=False, score_temperature=None))	stage2_qbyt/checkpoints/v3-musan-zhen3m-50k/v3-musan-zhen3m-50k	
exp__stage2_qbyt__checkpoints__v3-musan-zhen3m-50k__v3-musan-zhen3m-50k__version_1__last.ckpt	exp/stage2_qbyt/checkpoints/v3-musan-zhen3m-50k/v3-musan-zhen3m-50k/version_1/last.ckpt	18891169	86a01d9c8a21a7f5c33c8348a92f32b84e4fb5198408fd74e8f6b8b93c311210	QbyTScoreSpec(version=3, value=QbyTReadoutConfig(mode='eps_mean', temperature=1.0, sink_token=False, text_position='sinusoidal', audio_position='sinusoidal', relative_num_buckets=32, relative_max_distance=64, sink_readout='none', sink_identity=False, sink_zero_init=False, temperature_learnable=False, score_temperature=None))	stage2_qbyt/checkpoints/v3-musan-zhen3m-50k/v3-musan-zhen3m-50k	
exp__stage2_qbyt__checkpoints__v3-musan-zhen3m-50k__v3-musan-zhen3m-50k__version_1__stage2_step048000.pt	exp/stage2_qbyt/checkpoints/v3-musan-zhen3m-50k/v3-musan-zhen3m-50k/version_1/stage2_step048000.pt	15476291	b6413034fde17747c432a5d40eb02fded34bff116760408e1779643f4c19b57e	QbyTScoreSpec(version=3, value=QbyTReadoutConfig(mode='eps_mean', temperature=1.0, sink_token=False, text_position='sinusoidal', audio_position='sinusoidal', relative_num_buckets=32, relative_max_distance=64, sink_readout='none', sink_identity=False, sink_zero_init=False, temperature_learnable=False, score_temperature=None))	stage2_qbyt/checkpoints/v3-musan-zhen3m-50k/v3-musan-zhen3m-50k	
exp__stage2_qbyt__checkpoints__v3-musan-zhen3m-50k__v3-musan-zhen3m-50k__version_1__step_step-040000.ckpt	exp/stage2_qbyt/checkpoints/v3-musan-zhen3m-50k/v3-musan-zhen3m-50k/version_1/step_step=040000.ckpt	18891169	552aee2ce3cff444540c2c58374ca8bfaa3963fbcc258e97ff04fa9bf71615c7	QbyTScoreSpec(version=3, value=QbyTReadoutConfig(mode='eps_mean', temperature=1.0, sink_token=False, text_position='sinusoidal', audio_position='sinusoidal', relative_num_buckets=32, relative_max_distance=64, sink_readout='none', sink_identity=False, sink_zero_init=False, temperature_learnable=False, score_temperature=None))	stage2_qbyt/checkpoints/v3-musan-zhen3m-50k/v3-musan-zhen3m-50k	
exp__stage2_qbyt__checkpoints__v3-musan-zhen3m-50k__v3-musan-zhen3m-50k__version_1__step_step-044000.ckpt	exp/stage2_qbyt/checkpoints/v3-musan-zhen3m-50k/v3-musan-zhen3m-50k/version_1/step_step=044000.ckpt	18891169	cd055827b83856ff11b0485a51f0d287484cadaa2979f2c0518ec9544fd95486	QbyTScoreSpec(version=3, value=QbyTReadoutConfig(mode='eps_mean', temperature=1.0, sink_token=False, text_position='sinusoidal', audio_position='sinusoidal', relative_num_buckets=32, relative_max_distance=64, sink_readout='none', sink_identity=False, sink_zero_init=False, temperature_learnable=False, score_temperature=None))	stage2_qbyt/checkpoints/v3-musan-zhen3m-50k/v3-musan-zhen3m-50k	
exp__stage2_qbyt__checkpoints__v3-musan-zhen3m-50k__v3-musan-zhen3m-50k__version_1__step_step-048000.ckpt	exp/stage2_qbyt/checkpoints/v3-musan-zhen3m-50k/v3-musan-zhen3m-50k/version_1/step_step=048000.ckpt	18891169	f6ee05166e36b12d69a58ae8f79459d45340c2831cd73801c32071b0ae9e858b	QbyTScoreSpec(version=3, value=QbyTReadoutConfig(mode='eps_mean', temperature=1.0, sink_token=False, text_position='sinusoidal', audio_position='sinusoidal', relative_num_buckets=32, relative_max_distance=64, sink_readout='none', sink_identity=False, sink_zero_init=False, temperature_learnable=False, score_temperature=None))	stage2_qbyt/checkpoints/v3-musan-zhen3m-50k/v3-musan-zhen3m-50k	
exp__stage2_qbyt__checkpoints__v3-musan-zhen3m-mn-50k__v3-musan-zhen3m-mn-50k__version_0__last.ckpt	exp/stage2_qbyt/checkpoints/v3-musan-zhen3m-mn-50k/v3-musan-zhen3m-mn-50k/version_0/last.ckpt	18891233	b005c8b9289824a53b6e8e74037b83e513cdb297a90b82ac7708b5fbc0a8a006	QbyTScoreSpec(version=3, value=QbyTReadoutConfig(mode='eps_mean', temperature=1.0, sink_token=False, text_position='sinusoidal', audio_position='sinusoidal', relative_num_buckets=32, relative_max_distance=64, sink_readout='none', sink_identity=False, sink_zero_init=False, temperature_learnable=False, score_temperature=None))	stage2_qbyt/checkpoints/v3-musan-zhen3m-mn-50k/v3-musan-zhen3m-mn-50k	
exp__stage2_qbyt__checkpoints__v3-musan-zhen3m-mn-50k__v3-musan-zhen3m-mn-50k__version_0__step_step-028000.ckpt	exp/stage2_qbyt/checkpoints/v3-musan-zhen3m-mn-50k/v3-musan-zhen3m-mn-50k/version_0/step_step=028000.ckpt	18891233	ca59325c57cc4a98b4fdd5667b815300319e6094b683d904f162f427f3d14305	QbyTScoreSpec(version=3, value=QbyTReadoutConfig(mode='eps_mean', temperature=1.0, sink_token=False, text_position='sinusoidal', audio_position='sinusoidal', relative_num_buckets=32, relative_max_distance=64, sink_readout='none', sink_identity=False, sink_zero_init=False, temperature_learnable=False, score_temperature=None))	stage2_qbyt/checkpoints/v3-musan-zhen3m-mn-50k/v3-musan-zhen3m-mn-50k	
exp__stage2_qbyt__checkpoints__v3-musan-zhen3m-mn-50k__v3-musan-zhen3m-mn-50k__version_0__step_step-032000.ckpt	exp/stage2_qbyt/checkpoints/v3-musan-zhen3m-mn-50k/v3-musan-zhen3m-mn-50k/version_0/step_step=032000.ckpt	18891233	2c6d4e68ef63621928ec2042714b69ac5fd7f5dd7a5bfabfa6c9d14de9fd1dc8	QbyTScoreSpec(version=3, value=QbyTReadoutConfig(mode='eps_mean', temperature=1.0, sink_token=False, text_position='sinusoidal', audio_position='sinusoidal', relative_num_buckets=32, relative_max_distance=64, sink_readout='none', sink_identity=False, sink_zero_init=False, temperature_learnable=False, score_temperature=None))	stage2_qbyt/checkpoints/v3-musan-zhen3m-mn-50k/v3-musan-zhen3m-mn-50k	
exp__stage2_qbyt__checkpoints__v3-musan-zhen3m-mn-50k__v3-musan-zhen3m-mn-50k__version_0__step_step-036000.ckpt	exp/stage2_qbyt/checkpoints/v3-musan-zhen3m-mn-50k/v3-musan-zhen3m-mn-50k/version_0/step_step=036000.ckpt	18891233	ca5f9e5693f998ac9878f9c31ffd9f64f8388d6a86399a6e975119533add3498	QbyTScoreSpec(version=3, value=QbyTReadoutConfig(mode='eps_mean', temperature=1.0, sink_token=False, text_position='sinusoidal', audio_position='sinusoidal', relative_num_buckets=32, relative_max_distance=64, sink_readout='none', sink_identity=False, sink_zero_init=False, temperature_learnable=False, score_temperature=None))	stage2_qbyt/checkpoints/v3-musan-zhen3m-mn-50k/v3-musan-zhen3m-mn-50k	
exp__stage2_qbyt__checkpoints__v4-musan-asrxl-50k__v4-musan-asrxl-50k__version_0__last.ckpt	exp/stage2_qbyt/checkpoints/v4-musan-asrxl-50k/v4-musan-asrxl-50k/version_0/last.ckpt	264695613	994bec1e06a0d87e1812c770b4c9e589aec906580a3a6b1da0db0c32afa5ad95	QbyTScoreSpec(version=4, value=QbyTReadoutConfig(mode='eps_softmin', temperature=1.0, sink_token=False, text_position='sinusoidal', audio_position='sinusoidal', relative_num_buckets=32, relative_max_distance=64, sink_readout='none', sink_identity=False, sink_zero_init=False, temperature_learnable=False, score_temperature=None))	stage2_qbyt/checkpoints/v4-musan-asrxl-50k/v4-musan-asrxl-50k	
exp__stage2_qbyt__checkpoints__v4-musan-gs-50k__v4-musan-gs-50k__version_0__last.ckpt	exp/stage2_qbyt/checkpoints/v4-musan-gs-50k/v4-musan-gs-50k/version_0/last.ckpt	19063137	874a4c8910d1e04dcf9e9412f9c088419c51eec37ee3254786325f72f4079d76	QbyTScoreSpec(version=4, value=QbyTReadoutConfig(mode='eps_softmin', temperature=1.0, sink_token=False, text_position='sinusoidal', audio_position='sinusoidal', relative_num_buckets=32, relative_max_distance=64, sink_readout='none', sink_identity=False, sink_zero_init=False, temperature_learnable=False, score_temperature=None))	stage2_qbyt/checkpoints/v4-musan-gs-50k/v4-musan-gs-50k	
exp__stage2_qbyt__checkpoints__v4-musan-gs-50k__v4-musan-gs-50k__version_0__stage2_step048000.pt	exp/stage2_qbyt/checkpoints/v4-musan-gs-50k/v4-musan-gs-50k/version_0/stage2_step048000.pt	15648323	5ed5ee3772b8973b52ec25b7e0c59aca663d5176ba54c554082ca753d6d703e6	QbyTScoreSpec(version=4, value=QbyTReadoutConfig(mode='eps_softmin', temperature=1.0, sink_token=False, text_position='sinusoidal', audio_position='sinusoidal', relative_num_buckets=32, relative_max_distance=64, sink_readout='none', sink_identity=False, sink_zero_init=False, temperature_learnable=False, score_temperature=None))	stage2_qbyt/checkpoints/v4-musan-gs-50k/v4-musan-gs-50k	
exp__stage2_qbyt__checkpoints__v4-musan-gs-50k__v4-musan-gs-50k__version_0__step_step-039000.ckpt	exp/stage2_qbyt/checkpoints/v4-musan-gs-50k/v4-musan-gs-50k/version_0/step_step=039000.ckpt	19063137	9b7bf97e9323ca90d3a64e7b11005510c2d606b0704c40f1de789d9502d2eda1	QbyTScoreSpec(version=4, value=QbyTReadoutConfig(mode='eps_softmin', temperature=1.0, sink_token=False, text_position='sinusoidal', audio_position='sinusoidal', relative_num_buckets=32, relative_max_distance=64, sink_readout='none', sink_identity=False, sink_zero_init=False, temperature_learnable=False, score_temperature=None))	stage2_qbyt/checkpoints/v4-musan-gs-50k/v4-musan-gs-50k	
exp__stage2_qbyt__checkpoints__v4-musan-gs-50k__v4-musan-gs-50k__version_0__step_step-045000.ckpt	exp/stage2_qbyt/checkpoints/v4-musan-gs-50k/v4-musan-gs-50k/version_0/step_step=045000.ckpt	19063137	4b12d7e9c53a0000043d4417f2b93a71ea098f9262a9c9253b53894bfbeddcb7	QbyTScoreSpec(version=4, value=QbyTReadoutConfig(mode='eps_softmin', temperature=1.0, sink_token=False, text_position='sinusoidal', audio_position='sinusoidal', relative_num_buckets=32, relative_max_distance=64, sink_readout='none', sink_identity=False, sink_zero_init=False, temperature_learnable=False, score_temperature=None))	stage2_qbyt/checkpoints/v4-musan-gs-50k/v4-musan-gs-50k	
exp__stage2_qbyt__checkpoints__v4-musan-gs-50k__v4-musan-gs-50k__version_0__step_step-048000.ckpt	exp/stage2_qbyt/checkpoints/v4-musan-gs-50k/v4-musan-gs-50k/version_0/step_step=048000.ckpt	19063137	4c9293dba2013574a1a0cebcbc1178759f1109f108ec40ce9155c52a733b9644	QbyTScoreSpec(version=4, value=QbyTReadoutConfig(mode='eps_softmin', temperature=1.0, sink_token=False, text_position='sinusoidal', audio_position='sinusoidal', relative_num_buckets=32, relative_max_distance=64, sink_readout='none', sink_identity=False, sink_zero_init=False, temperature_learnable=False, score_temperature=None))	stage2_qbyt/checkpoints/v4-musan-gs-50k/v4-musan-gs-50k	
exp__stage2_qbyt__checkpoints__v4-musan-gsbase-fullctx-50k__v4-musan-gsbase-fullctx-50k__version_0__last.ckpt	exp/stage2_qbyt/checkpoints/v4-musan-gsbase-fullctx-50k/v4-musan-gsbase-fullctx-50k/version_0/last.ckpt	19063329	0707d51a0904fe095a533e972f82bb614c90c3c22dbcff5d53bf026cd5f0d92c	QbyTScoreSpec(version=4, value=QbyTReadoutConfig(mode='eps_softmin', temperature=1.0, sink_token=False, text_position='sinusoidal', audio_position='sinusoidal', relative_num_buckets=32, relative_max_distance=64, sink_readout='none', sink_identity=False, sink_zero_init=False, temperature_learnable=False, score_temperature=None))	stage2_qbyt/checkpoints/v4-musan-gsbase-fullctx-50k/v4-musan-gsbase-fullctx-50k	
exp__stage2_qbyt__checkpoints__v4-musan-gsbase-fullctx-50k__v4-musan-gsbase-fullctx-50k__version_0__stage2_step048000.pt	exp/stage2_qbyt/checkpoints/v4-musan-gsbase-fullctx-50k/v4-musan-gsbase-fullctx-50k/version_0/stage2_step048000.pt	15648387	b19851c21bc7df6a0bac722d9874766990f0d3e3b8d007c319d2db7760add565	QbyTScoreSpec(version=4, value=QbyTReadoutConfig(mode='eps_softmin', temperature=1.0, sink_token=False, text_position='sinusoidal', audio_position='sinusoidal', relative_num_buckets=32, relative_max_distance=64, sink_readout='none', sink_identity=False, sink_zero_init=False, temperature_learnable=False, score_temperature=None))	stage2_qbyt/checkpoints/v4-musan-gsbase-fullctx-50k/v4-musan-gsbase-fullctx-50k	
exp__stage2_qbyt__checkpoints__v4-musan-gsbase-fullctx-50k__v4-musan-gsbase-fullctx-50k__version_0__step_step-042000.ckpt	exp/stage2_qbyt/checkpoints/v4-musan-gsbase-fullctx-50k/v4-musan-gsbase-fullctx-50k/version_0/step_step=042000.ckpt	19063329	122cd3d6f3bb19d8da7e9486435087d0802cfbd3c763cd91b8ce5e88da9ddee5	QbyTScoreSpec(version=4, value=QbyTReadoutConfig(mode='eps_softmin', temperature=1.0, sink_token=False, text_position='sinusoidal', audio_position='sinusoidal', relative_num_buckets=32, relative_max_distance=64, sink_readout='none', sink_identity=False, sink_zero_init=False, temperature_learnable=False, score_temperature=None))	stage2_qbyt/checkpoints/v4-musan-gsbase-fullctx-50k/v4-musan-gsbase-fullctx-50k	
exp__stage2_qbyt__checkpoints__v4-musan-gsbase-fullctx-50k__v4-musan-gsbase-fullctx-50k__version_0__step_step-045000.ckpt	exp/stage2_qbyt/checkpoints/v4-musan-gsbase-fullctx-50k/v4-musan-gsbase-fullctx-50k/version_0/step_step=045000.ckpt	19063329	f50b1c95645bef2f5d3073136660efd958fee7e28d96bd7d41cfc0c3383b8a57	QbyTScoreSpec(version=4, value=QbyTReadoutConfig(mode='eps_softmin', temperature=1.0, sink_token=False, text_position='sinusoidal', audio_position='sinusoidal', relative_num_buckets=32, relative_max_distance=64, sink_readout='none', sink_identity=False, sink_zero_init=False, temperature_learnable=False, score_temperature=None))	stage2_qbyt/checkpoints/v4-musan-gsbase-fullctx-50k/v4-musan-gsbase-fullctx-50k	
exp__stage2_qbyt__checkpoints__v4-musan-gsbase-fullctx-50k__v4-musan-gsbase-fullctx-50k__version_0__step_step-048000.ckpt	exp/stage2_qbyt/checkpoints/v4-musan-gsbase-fullctx-50k/v4-musan-gsbase-fullctx-50k/version_0/step_step=048000.ckpt	19063329	b890bf4bfa5a9d542c6717d0d3b6beaab1b86cc46fb1e1e6b827dbc746a76e05	QbyTScoreSpec(version=4, value=QbyTReadoutConfig(mode='eps_softmin', temperature=1.0, sink_token=False, text_position='sinusoidal', audio_position='sinusoidal', relative_num_buckets=32, relative_max_distance=64, sink_readout='none', sink_identity=False, sink_zero_init=False, temperature_learnable=False, score_temperature=None))	stage2_qbyt/checkpoints/v4-musan-gsbase-fullctx-50k/v4-musan-gsbase-fullctx-50k	
exp__stage2_qbyt__checkpoints__v4-musan-gsbase-stream-50k__v4-musan-gsbase-stream-50k__version_0__last.ckpt	exp/stage2_qbyt/checkpoints/v4-musan-gsbase-stream-50k/v4-musan-gsbase-stream-50k/version_0/last.ckpt	19063329	7ce7142f1bb994034c00057199b735528806cd3a5fdbc0bbfb9f1df8a013f647	QbyTScoreSpec(version=4, value=QbyTReadoutConfig(mode='eps_softmin', temperature=1.0, sink_token=False, text_position='sinusoidal', audio_position='sinusoidal', relative_num_buckets=32, relative_max_distance=64, sink_readout='none', sink_identity=False, sink_zero_init=False, temperature_learnable=False, score_temperature=None))	stage2_qbyt/checkpoints/v4-musan-gsbase-stream-50k/v4-musan-gsbase-stream-50k	
exp__stage2_qbyt__checkpoints__v4-musan-gsbase-stream-50k__v4-musan-gsbase-stream-50k__version_0__stage2_step048000.pt	exp/stage2_qbyt/checkpoints/v4-musan-gsbase-stream-50k/v4-musan-gsbase-stream-50k/version_0/stage2_step048000.pt	15648387	26d7f51ebe3ba32044931db72d15534fe2fd31f1ad36b8f22223bb702031eea5	QbyTScoreSpec(version=4, value=QbyTReadoutConfig(mode='eps_softmin', temperature=1.0, sink_token=False, text_position='sinusoidal', audio_position='sinusoidal', relative_num_buckets=32, relative_max_distance=64, sink_readout='none', sink_identity=False, sink_zero_init=False, temperature_learnable=False, score_temperature=None))	stage2_qbyt/checkpoints/v4-musan-gsbase-stream-50k/v4-musan-gsbase-stream-50k	
exp__stage2_qbyt__checkpoints__v4-musan-gsbase-stream-50k__v4-musan-gsbase-stream-50k__version_0__step_step-042000.ckpt	exp/stage2_qbyt/checkpoints/v4-musan-gsbase-stream-50k/v4-musan-gsbase-stream-50k/version_0/step_step=042000.ckpt	19063329	90b6e165cdb3819f416e6b8e3a71255ad14044180949f428a93d62b89ad4ae96	QbyTScoreSpec(version=4, value=QbyTReadoutConfig(mode='eps_softmin', temperature=1.0, sink_token=False, text_position='sinusoidal', audio_position='sinusoidal', relative_num_buckets=32, relative_max_distance=64, sink_readout='none', sink_identity=False, sink_zero_init=False, temperature_learnable=False, score_temperature=None))	stage2_qbyt/checkpoints/v4-musan-gsbase-stream-50k/v4-musan-gsbase-stream-50k	
exp__stage2_qbyt__checkpoints__v4-musan-gsbase-stream-50k__v4-musan-gsbase-stream-50k__version_0__step_step-045000.ckpt	exp/stage2_qbyt/checkpoints/v4-musan-gsbase-stream-50k/v4-musan-gsbase-stream-50k/version_0/step_step=045000.ckpt	19063329	f5f773a17a588bb9d9d82b8009b034139440dca7aadd458dd725b7617ba7a9d5	QbyTScoreSpec(version=4, value=QbyTReadoutConfig(mode='eps_softmin', temperature=1.0, sink_token=False, text_position='sinusoidal', audio_position='sinusoidal', relative_num_buckets=32, relative_max_distance=64, sink_readout='none', sink_identity=False, sink_zero_init=False, temperature_learnable=False, score_temperature=None))	stage2_qbyt/checkpoints/v4-musan-gsbase-stream-50k/v4-musan-gsbase-stream-50k	
exp__stage2_qbyt__checkpoints__v4-musan-gsbase-stream-50k__v4-musan-gsbase-stream-50k__version_0__step_step-048000.ckpt	exp/stage2_qbyt/checkpoints/v4-musan-gsbase-stream-50k/v4-musan-gsbase-stream-50k/version_0/step_step=048000.ckpt	19063329	6d8441aa0c957b8e6041a706c1f0fff2947b86654dcd0c8164b71d336c45b654	QbyTScoreSpec(version=4, value=QbyTReadoutConfig(mode='eps_softmin', temperature=1.0, sink_token=False, text_position='sinusoidal', audio_position='sinusoidal', relative_num_buckets=32, relative_max_distance=64, sink_readout='none', sink_identity=False, sink_zero_init=False, temperature_learnable=False, score_temperature=None))	stage2_qbyt/checkpoints/v4-musan-gsbase-stream-50k/v4-musan-gsbase-stream-50k	
exp__stage2_qbyt__checkpoints__v4-musan-paperstage1-50k__v4-musan-paperstage1-50k__version_0__last.ckpt	exp/stage2_qbyt/checkpoints/v4-musan-paperstage1-50k/v4-musan-paperstage1-50k/version_0/last.ckpt	25095805	6f0f1f98758713617e7828d4bd04369d0dcca2353c2bbb30c82e1541f11d82e1	QbyTScoreSpec(version=4, value=QbyTReadoutConfig(mode='eps_softmin', temperature=1.0, sink_token=False, text_position='sinusoidal', audio_position='sinusoidal', relative_num_buckets=32, relative_max_distance=64, sink_readout='none', sink_identity=False, sink_zero_init=False, temperature_learnable=False, score_temperature=None))	stage2_qbyt/checkpoints/v4-musan-paperstage1-50k/v4-musan-paperstage1-50k	
exp__stage2_qbyt__checkpoints__v4-musan-paperstage1-50k__v4-musan-paperstage1-50k__version_0__step_step-036000.ckpt	exp/stage2_qbyt/checkpoints/v4-musan-paperstage1-50k/v4-musan-paperstage1-50k/version_0/step_step=036000.ckpt	25095805	1cb8a5cbce71fb0ccc2501d4fb2401c41aa3ef203dcec353c63825c02a044d31	QbyTScoreSpec(version=4, value=QbyTReadoutConfig(mode='eps_softmin', temperature=1.0, sink_token=False, text_position='sinusoidal', audio_position='sinusoidal', relative_num_buckets=32, relative_max_distance=64, sink_readout='none', sink_identity=False, sink_zero_init=False, temperature_learnable=False, score_temperature=None))	stage2_qbyt/checkpoints/v4-musan-paperstage1-50k/v4-musan-paperstage1-50k	
exp__stage2_qbyt__checkpoints__v4-musan-paperstage1-50k__v4-musan-paperstage1-50k__version_0__step_step-039000.ckpt	exp/stage2_qbyt/checkpoints/v4-musan-paperstage1-50k/v4-musan-paperstage1-50k/version_0/step_step=039000.ckpt	25095805	849c5219a0bcc67e5dcec875e5c22f1a48da2bb86cfbed86303e700dbb869437	QbyTScoreSpec(version=4, value=QbyTReadoutConfig(mode='eps_softmin', temperature=1.0, sink_token=False, text_position='sinusoidal', audio_position='sinusoidal', relative_num_buckets=32, relative_max_distance=64, sink_readout='none', sink_identity=False, sink_zero_init=False, temperature_learnable=False, score_temperature=None))	stage2_qbyt/checkpoints/v4-musan-paperstage1-50k/v4-musan-paperstage1-50k	
exp__stage2_qbyt__checkpoints__v4-musan-paperstage1-50k__v4-musan-paperstage1-50k__version_0__step_step-042000.ckpt	exp/stage2_qbyt/checkpoints/v4-musan-paperstage1-50k/v4-musan-paperstage1-50k/version_0/step_step=042000.ckpt	25095805	42a68db7e034b8d8a0730fa19a70a0a88cf8fa1e79c5af1b85c6601ba1fc59c0	QbyTScoreSpec(version=4, value=QbyTReadoutConfig(mode='eps_softmin', temperature=1.0, sink_token=False, text_position='sinusoidal', audio_position='sinusoidal', relative_num_buckets=32, relative_max_distance=64, sink_readout='none', sink_identity=False, sink_zero_init=False, temperature_learnable=False, score_temperature=None))	stage2_qbyt/checkpoints/v4-musan-paperstage1-50k/v4-musan-paperstage1-50k	
exp__stage2_qbyt__checkpoints__v4-musan-paperstage1-50k__v4-musan-paperstage1-50k__version_1__last.ckpt	exp/stage2_qbyt/checkpoints/v4-musan-paperstage1-50k/v4-musan-paperstage1-50k/version_1/last.ckpt	25095231	5fc71d8ba15dfeea478aca86d92e17a083fc7454fbfdcfb88048d3f0bf878ef4	QbyTScoreSpec(version=4, value=QbyTReadoutConfig(mode='eps_softmin', temperature=1.0, sink_token=False, text_position='sinusoidal', audio_position='sinusoidal', relative_num_buckets=32, relative_max_distance=64, sink_readout='none', sink_identity=False, sink_zero_init=False, temperature_learnable=False, score_temperature=None))	stage2_qbyt/checkpoints/v4-musan-paperstage1-50k/v4-musan-paperstage1-50k	
exp__stage2_qbyt__checkpoints__v4-musan-paperstage1-50k__v4-musan-paperstage1-50k__version_1__step_step-003000.ckpt	exp/stage2_qbyt/checkpoints/v4-musan-paperstage1-50k/v4-musan-paperstage1-50k/version_1/step_step=003000.ckpt	25095231	0628526ee9293e766c2d835b7da62ff9220af31266272eda30128304e30c90c3	QbyTScoreSpec(version=4, value=QbyTReadoutConfig(mode='eps_softmin', temperature=1.0, sink_token=False, text_position='sinusoidal', audio_position='sinusoidal', relative_num_buckets=32, relative_max_distance=64, sink_readout='none', sink_identity=False, sink_zero_init=False, temperature_learnable=False, score_temperature=None))	stage2_qbyt/checkpoints/v4-musan-paperstage1-50k/v4-musan-paperstage1-50k	
exp__stage2_qbyt__checkpoints__v4-musan-zhen3m-50k__v4-musan-zhen3m-50k__version_0__last.ckpt	exp/stage2_qbyt/checkpoints/v4-musan-zhen3m-50k/v4-musan-zhen3m-50k/version_0/last.ckpt	18889765	4ebc9e8777bc3ae8fd662a1e872dce8b69b70b3e058c12a837ed973b9d6ef767	QbyTScoreSpec(version=4, value=QbyTReadoutConfig(mode='eps_softmin', temperature=1.0, sink_token=False, text_position='sinusoidal', audio_position='sinusoidal', relative_num_buckets=32, relative_max_distance=64, sink_readout='none', sink_identity=False, sink_zero_init=False, temperature_learnable=False, score_temperature=None))	stage2_qbyt/checkpoints/v4-musan-zhen3m-50k/v4-musan-zhen3m-50k	
exp__stage2_qbyt__checkpoints__v4-musan-zhen3m-50k__v4-musan-zhen3m-50k__version_0__stage2_step000001.pt	exp/stage2_qbyt/checkpoints/v4-musan-zhen3m-50k/v4-musan-zhen3m-50k/version_0/stage2_step000001.pt	15476291	c9c7cfeeee4366df7d408ca9e3939359d269ff2f71ea55e8c80ce6c94b3f8303	QbyTScoreSpec(version=4, value=QbyTReadoutConfig(mode='eps_softmin', temperature=1.0, sink_token=False, text_position='sinusoidal', audio_position='sinusoidal', relative_num_buckets=32, relative_max_distance=64, sink_readout='none', sink_identity=False, sink_zero_init=False, temperature_learnable=False, score_temperature=None))	stage2_qbyt/checkpoints/v4-musan-zhen3m-50k/v4-musan-zhen3m-50k	
exp__stage2_qbyt__checkpoints__v4-musan-zhen3m-50k__v4-musan-zhen3m-50k__version_1__last.ckpt	exp/stage2_qbyt/checkpoints/v4-musan-zhen3m-50k/v4-musan-zhen3m-50k/version_1/last.ckpt	18891169	c77a9da2fdce35a28e0db819cdac893d95703cc98fa53af26afeddd66e7fdcd2	QbyTScoreSpec(version=4, value=QbyTReadoutConfig(mode='eps_softmin', temperature=1.0, sink_token=False, text_position='sinusoidal', audio_position='sinusoidal', relative_num_buckets=32, relative_max_distance=64, sink_readout='none', sink_identity=False, sink_zero_init=False, temperature_learnable=False, score_temperature=None))	stage2_qbyt/checkpoints/v4-musan-zhen3m-50k/v4-musan-zhen3m-50k	
exp__stage2_qbyt__checkpoints__v4-musan-zhen3m-50k__v4-musan-zhen3m-50k__version_1__stage2_step048000.pt	exp/stage2_qbyt/checkpoints/v4-musan-zhen3m-50k/v4-musan-zhen3m-50k/version_1/stage2_step048000.pt	15476291	eda43182d9017c55fb2673b92ee1b606d34bb626c50d06e2de763ba2bb84bf76	QbyTScoreSpec(version=4, value=QbyTReadoutConfig(mode='eps_softmin', temperature=1.0, sink_token=False, text_position='sinusoidal', audio_position='sinusoidal', relative_num_buckets=32, relative_max_distance=64, sink_readout='none', sink_identity=False, sink_zero_init=False, temperature_learnable=False, score_temperature=None))	stage2_qbyt/checkpoints/v4-musan-zhen3m-50k/v4-musan-zhen3m-50k	
exp__stage2_qbyt__checkpoints__v4-musan-zhen3m-50k__v4-musan-zhen3m-50k__version_1__step_step-042000.ckpt	exp/stage2_qbyt/checkpoints/v4-musan-zhen3m-50k/v4-musan-zhen3m-50k/version_1/step_step=042000.ckpt	18891169	279ea7f93b11f421ff58a2cd0073cbe3d2394317832163f1c7e83b5a083a1dcf	QbyTScoreSpec(version=4, value=QbyTReadoutConfig(mode='eps_softmin', temperature=1.0, sink_token=False, text_position='sinusoidal', audio_position='sinusoidal', relative_num_buckets=32, relative_max_distance=64, sink_readout='none', sink_identity=False, sink_zero_init=False, temperature_learnable=False, score_temperature=None))	stage2_qbyt/checkpoints/v4-musan-zhen3m-50k/v4-musan-zhen3m-50k	
exp__stage2_qbyt__checkpoints__v4-musan-zhen3m-50k__v4-musan-zhen3m-50k__version_1__step_step-045000.ckpt	exp/stage2_qbyt/checkpoints/v4-musan-zhen3m-50k/v4-musan-zhen3m-50k/version_1/step_step=045000.ckpt	18891169	46875f0f4bf70779d291fbf58a6b64e7ce7360df708b7898d82fab273171874c	QbyTScoreSpec(version=4, value=QbyTReadoutConfig(mode='eps_softmin', temperature=1.0, sink_token=False, text_position='sinusoidal', audio_position='sinusoidal', relative_num_buckets=32, relative_max_distance=64, sink_readout='none', sink_identity=False, sink_zero_init=False, temperature_learnable=False, score_temperature=None))	stage2_qbyt/checkpoints/v4-musan-zhen3m-50k/v4-musan-zhen3m-50k	
exp__stage2_qbyt__checkpoints__v4-musan-zhen3m-50k__v4-musan-zhen3m-50k__version_1__step_step-048000.ckpt	exp/stage2_qbyt/checkpoints/v4-musan-zhen3m-50k/v4-musan-zhen3m-50k/version_1/step_step=048000.ckpt	18891169	85010ac8c9e0e8e908292f3f1511d0f408f4d8e4d3e615be82c79558f09b7902	QbyTScoreSpec(version=4, value=QbyTReadoutConfig(mode='eps_softmin', temperature=1.0, sink_token=False, text_position='sinusoidal', audio_position='sinusoidal', relative_num_buckets=32, relative_max_distance=64, sink_readout='none', sink_identity=False, sink_zero_init=False, temperature_learnable=False, score_temperature=None))	stage2_qbyt/checkpoints/v4-musan-zhen3m-50k/v4-musan-zhen3m-50k	
exp__stage2_qbyt__checkpoints__v41-musan-asrxl-50k__v41-musan-asrxl-50k__version_0__last.ckpt	exp/stage2_qbyt/checkpoints/v41-musan-asrxl-50k/v41-musan-asrxl-50k/version_0/last.ckpt	264901017	a4034c38e5e880d8a8e346ce894296d650aabd8d1999626c6565f5507232077f	QbyTScoreSpec(version=4, value=QbyTReadoutConfig(mode='eps_softmin', temperature=1.0, sink_token=True, text_position='learned', audio_position='relative_bias', relative_num_buckets=32, relative_max_distance=64, sink_readout='none', sink_identity=False, sink_zero_init=False, temperature_learnable=False, score_temperature=None))	stage2_qbyt/checkpoints/v41-musan-asrxl-50k/v41-musan-asrxl-50k	
exp__stage2_qbyt__checkpoints__v41-musan-asrxl-50k__v41-musan-asrxl-50k__version_0__stage2_step000003.pt	exp/stage2_qbyt/checkpoints/v41-musan-asrxl-50k/v41-musan-asrxl-50k/version_0/stage2_step000003.pt	260955923	79b75ca594960858c041007d68aca2a38dfd1f509c0aaee3682120871021da54	QbyTScoreSpec(version=4, value=QbyTReadoutConfig(mode='eps_softmin', temperature=1.0, sink_token=True, text_position='learned', audio_position='relative_bias', relative_num_buckets=32, relative_max_distance=64, sink_readout='none', sink_identity=False, sink_zero_init=False, temperature_learnable=False, score_temperature=None))	stage2_qbyt/checkpoints/v41-musan-asrxl-50k/v41-musan-asrxl-50k	
exp__stage2_qbyt__checkpoints__v41-musan-gs-50k__v41-musan-gs-50k__version_0__last.ckpt	exp/stage2_qbyt/checkpoints/v41-musan-gs-50k/v41-musan-gs-50k/version_0/last.ckpt	19268541	3c8a3a1c7455b59c0365c8fad93f83bcc2920a273358d58611982f07aea3ebc3	QbyTScoreSpec(version=4, value=QbyTReadoutConfig(mode='eps_softmin', temperature=1.0, sink_token=True, text_position='learned', audio_position='relative_bias', relative_num_buckets=32, relative_max_distance=64, sink_readout='none', sink_identity=False, sink_zero_init=False, temperature_learnable=False, score_temperature=None))	stage2_qbyt/checkpoints/v41-musan-gs-50k/v41-musan-gs-50k	
exp__stage2_qbyt__checkpoints__v41-musan-gs-50k__v41-musan-gs-50k__version_0__stage2_step045000.pt	exp/stage2_qbyt/checkpoints/v41-musan-gs-50k/v41-musan-gs-50k/version_0/stage2_step045000.pt	15716979	2009d031a6a74dca72acad772f2e5b721012cb4db43f987db472f60160fcce70	QbyTScoreSpec(version=4, value=QbyTReadoutConfig(mode='eps_softmin', temperature=1.0, sink_token=True, text_position='learned', audio_position='relative_bias', relative_num_buckets=32, relative_max_distance=64, sink_readout='none', sink_identity=False, sink_zero_init=False, temperature_learnable=False, score_temperature=None))	stage2_qbyt/checkpoints/v41-musan-gs-50k/v41-musan-gs-50k	
exp__stage2_qbyt__checkpoints__v41-musan-gs-50k__v41-musan-gs-50k__version_0__step_step-045000.ckpt	exp/stage2_qbyt/checkpoints/v41-musan-gs-50k/v41-musan-gs-50k/version_0/step_step=045000.ckpt	19268541	dbf5ab82480555f8a1302bba637fe7bf6721b9fe98c3be2a686e86fb84d09d02	QbyTScoreSpec(version=4, value=QbyTReadoutConfig(mode='eps_softmin', temperature=1.0, sink_token=True, text_position='learned', audio_position='relative_bias', relative_num_buckets=32, relative_max_distance=64, sink_readout='none', sink_identity=False, sink_zero_init=False, temperature_learnable=False, score_temperature=None))	stage2_qbyt/checkpoints/v41-musan-gs-50k/v41-musan-gs-50k	
exp__stage2_qbyt__checkpoints__v41-musan-gs-50k__v41-musan-gs-50k__version_0__step_step-047500.ckpt	exp/stage2_qbyt/checkpoints/v41-musan-gs-50k/v41-musan-gs-50k/version_0/step_step=047500.ckpt	19268541	131b4d328e93eee7e7c49212f5ae10461228bcf5cda5362e7d205c8e5732cf12	QbyTScoreSpec(version=4, value=QbyTReadoutConfig(mode='eps_softmin', temperature=1.0, sink_token=True, text_position='learned', audio_position='relative_bias', relative_num_buckets=32, relative_max_distance=64, sink_readout='none', sink_identity=False, sink_zero_init=False, temperature_learnable=False, score_temperature=None))	stage2_qbyt/checkpoints/v41-musan-gs-50k/v41-musan-gs-50k	
exp__stage2_qbyt__checkpoints__v41-musan-gs-50k__v41-musan-gs-50k__version_0__step_step-050000.ckpt	exp/stage2_qbyt/checkpoints/v41-musan-gs-50k/v41-musan-gs-50k/version_0/step_step=050000.ckpt	19268541	5f4a9e6e125d78cc986b870dfe3974a6aa6ba5a6f1b699e5b862da13174e5844	QbyTScoreSpec(version=4, value=QbyTReadoutConfig(mode='eps_softmin', temperature=1.0, sink_token=True, text_position='learned', audio_position='relative_bias', relative_num_buckets=32, relative_max_distance=64, sink_readout='none', sink_identity=False, sink_zero_init=False, temperature_learnable=False, score_temperature=None))	stage2_qbyt/checkpoints/v41-musan-gs-50k/v41-musan-gs-50k	
exp__stage2_qbyt__checkpoints__v41-musan-gsbase-fullctx-50k__v41-musan-gsbase-fullctx-50k__version_0__last.ckpt	exp/stage2_qbyt/checkpoints/v41-musan-gsbase-fullctx-50k/v41-musan-gsbase-fullctx-50k/version_0/last.ckpt	19267329	331a441adccadd5b4dfc7f7e469bf52723d1822e41bdf2e8615456577e875ba1	QbyTScoreSpec(version=4, value=QbyTReadoutConfig(mode='eps_softmin', temperature=1.0, sink_token=True, text_position='learned', audio_position='relative_bias', relative_num_buckets=32, relative_max_distance=64, sink_readout='none', sink_identity=False, sink_zero_init=False, temperature_learnable=False, score_temperature=None))	stage2_qbyt/checkpoints/v41-musan-gsbase-fullctx-50k/v41-musan-gsbase-fullctx-50k	
exp__stage2_qbyt__checkpoints__v41-musan-gsbase-fullctx-50k__v41-musan-gsbase-fullctx-50k__version_0__stage2_step000003.pt	exp/stage2_qbyt/checkpoints/v41-musan-gsbase-fullctx-50k/v41-musan-gsbase-fullctx-50k/version_0/stage2_step000003.pt	15717043	e03f2bd9fbf4abef4e1f43054b2d89275fe5454e064fa1c0cd9163c0aa117045	QbyTScoreSpec(version=4, value=QbyTReadoutConfig(mode='eps_softmin', temperature=1.0, sink_token=True, text_position='learned', audio_position='relative_bias', relative_num_buckets=32, relative_max_distance=64, sink_readout='none', sink_identity=False, sink_zero_init=False, temperature_learnable=False, score_temperature=None))	stage2_qbyt/checkpoints/v41-musan-gsbase-fullctx-50k/v41-musan-gsbase-fullctx-50k	
exp__stage2_qbyt__checkpoints__v41-musan-gsbase-fullctx-50k__v41-musan-gsbase-fullctx-50k__version_1__last.ckpt	exp/stage2_qbyt/checkpoints/v41-musan-gsbase-fullctx-50k/v41-musan-gsbase-fullctx-50k/version_1/last.ckpt	19268733	09827da6e226484fff6927752b4bfee855268558b3f0c5f51c0ca4026b3c1925	QbyTScoreSpec(version=4, value=QbyTReadoutConfig(mode='eps_softmin', temperature=1.0, sink_token=True, text_position='learned', audio_position='relative_bias', relative_num_buckets=32, relative_max_distance=64, sink_readout='none', sink_identity=False, sink_zero_init=False, temperature_learnable=False, score_temperature=None))	stage2_qbyt/checkpoints/v41-musan-gsbase-fullctx-50k/v41-musan-gsbase-fullctx-50k	
exp__stage2_qbyt__checkpoints__v41-musan-gsbase-fullctx-50k__v41-musan-gsbase-fullctx-50k__version_1__stage2_step045000.pt	exp/stage2_qbyt/checkpoints/v41-musan-gsbase-fullctx-50k/v41-musan-gsbase-fullctx-50k/version_1/stage2_step045000.pt	15717043	d8c39e289b6ab634931ab2431e6e74cd46ac7feec4f85ab1ce8d8543c2704d6a	QbyTScoreSpec(version=4, value=QbyTReadoutConfig(mode='eps_softmin', temperature=1.0, sink_token=True, text_position='learned', audio_position='relative_bias', relative_num_buckets=32, relative_max_distance=64, sink_readout='none', sink_identity=False, sink_zero_init=False, temperature_learnable=False, score_temperature=None))	stage2_qbyt/checkpoints/v41-musan-gsbase-fullctx-50k/v41-musan-gsbase-fullctx-50k	
exp__stage2_qbyt__checkpoints__v41-musan-gsbase-fullctx-50k__v41-musan-gsbase-fullctx-50k__version_1__step_step-045000.ckpt	exp/stage2_qbyt/checkpoints/v41-musan-gsbase-fullctx-50k/v41-musan-gsbase-fullctx-50k/version_1/step_step=045000.ckpt	19268733	6230fa188fd9fe8921da51418c69eeb1a5bb8e2762fe22cf17e7c259a4c216bf	QbyTScoreSpec(version=4, value=QbyTReadoutConfig(mode='eps_softmin', temperature=1.0, sink_token=True, text_position='learned', audio_position='relative_bias', relative_num_buckets=32, relative_max_distance=64, sink_readout='none', sink_identity=False, sink_zero_init=False, temperature_learnable=False, score_temperature=None))	stage2_qbyt/checkpoints/v41-musan-gsbase-fullctx-50k/v41-musan-gsbase-fullctx-50k	
exp__stage2_qbyt__checkpoints__v41-musan-gsbase-fullctx-50k__v41-musan-gsbase-fullctx-50k__version_1__step_step-047500.ckpt	exp/stage2_qbyt/checkpoints/v41-musan-gsbase-fullctx-50k/v41-musan-gsbase-fullctx-50k/version_1/step_step=047500.ckpt	19268733	a6d632a312c900053ed006042c68c0d5ab9aef9b7aacfcb270e22225d3afecaf	QbyTScoreSpec(version=4, value=QbyTReadoutConfig(mode='eps_softmin', temperature=1.0, sink_token=True, text_position='learned', audio_position='relative_bias', relative_num_buckets=32, relative_max_distance=64, sink_readout='none', sink_identity=False, sink_zero_init=False, temperature_learnable=False, score_temperature=None))	stage2_qbyt/checkpoints/v41-musan-gsbase-fullctx-50k/v41-musan-gsbase-fullctx-50k	
exp__stage2_qbyt__checkpoints__v41-musan-gsbase-fullctx-50k__v41-musan-gsbase-fullctx-50k__version_1__step_step-050000.ckpt	exp/stage2_qbyt/checkpoints/v41-musan-gsbase-fullctx-50k/v41-musan-gsbase-fullctx-50k/version_1/step_step=050000.ckpt	19268733	4c7c009c50d67e541f16009352a47b6fb3fc2e4cab4488a8b0265d31616ddfd0	QbyTScoreSpec(version=4, value=QbyTReadoutConfig(mode='eps_softmin', temperature=1.0, sink_token=True, text_position='learned', audio_position='relative_bias', relative_num_buckets=32, relative_max_distance=64, sink_readout='none', sink_identity=False, sink_zero_init=False, temperature_learnable=False, score_temperature=None))	stage2_qbyt/checkpoints/v41-musan-gsbase-fullctx-50k/v41-musan-gsbase-fullctx-50k	
exp__stage2_qbyt__checkpoints__v41-musan-gsbase-stream-50k__v41-musan-gsbase-stream-50k__version_0__last.ckpt	exp/stage2_qbyt/checkpoints/v41-musan-gsbase-stream-50k/v41-musan-gsbase-stream-50k/version_0/last.ckpt	19268733	505dbfc983b0be2d66685423819b08c789bb37bc2dd438ff9435247d94abdf7f	QbyTScoreSpec(version=4, value=QbyTReadoutConfig(mode='eps_softmin', temperature=1.0, sink_token=True, text_position='learned', audio_position='relative_bias', relative_num_buckets=32, relative_max_distance=64, sink_readout='none', sink_identity=False, sink_zero_init=False, temperature_learnable=False, score_temperature=None))	stage2_qbyt/checkpoints/v41-musan-gsbase-stream-50k/v41-musan-gsbase-stream-50k	
exp__stage2_qbyt__checkpoints__v41-musan-gsbase-stream-50k__v41-musan-gsbase-stream-50k__version_0__stage2_step045000.pt	exp/stage2_qbyt/checkpoints/v41-musan-gsbase-stream-50k/v41-musan-gsbase-stream-50k/version_0/stage2_step045000.pt	15716979	28ed8bd930a8a557b2d973700a86de912a41dd775793bcea918a02d6e5394f48	QbyTScoreSpec(version=4, value=QbyTReadoutConfig(mode='eps_softmin', temperature=1.0, sink_token=True, text_position='learned', audio_position='relative_bias', relative_num_buckets=32, relative_max_distance=64, sink_readout='none', sink_identity=False, sink_zero_init=False, temperature_learnable=False, score_temperature=None))	stage2_qbyt/checkpoints/v41-musan-gsbase-stream-50k/v41-musan-gsbase-stream-50k	
exp__stage2_qbyt__checkpoints__v41-musan-gsbase-stream-50k__v41-musan-gsbase-stream-50k__version_0__step_step-045000.ckpt	exp/stage2_qbyt/checkpoints/v41-musan-gsbase-stream-50k/v41-musan-gsbase-stream-50k/version_0/step_step=045000.ckpt	19268733	082e5a5b7cdf025bde532c4fb980d4f43ee1b24f4a9e2e6072a3f82f620607d0	QbyTScoreSpec(version=4, value=QbyTReadoutConfig(mode='eps_softmin', temperature=1.0, sink_token=True, text_position='learned', audio_position='relative_bias', relative_num_buckets=32, relative_max_distance=64, sink_readout='none', sink_identity=False, sink_zero_init=False, temperature_learnable=False, score_temperature=None))	stage2_qbyt/checkpoints/v41-musan-gsbase-stream-50k/v41-musan-gsbase-stream-50k	
exp__stage2_qbyt__checkpoints__v41-musan-gsbase-stream-50k__v41-musan-gsbase-stream-50k__version_0__step_step-047500.ckpt	exp/stage2_qbyt/checkpoints/v41-musan-gsbase-stream-50k/v41-musan-gsbase-stream-50k/version_0/step_step=047500.ckpt	19268733	cb41f722600a7ece9cb50081f04af9602317efdefab78c19a9f08997b66ba664	QbyTScoreSpec(version=4, value=QbyTReadoutConfig(mode='eps_softmin', temperature=1.0, sink_token=True, text_position='learned', audio_position='relative_bias', relative_num_buckets=32, relative_max_distance=64, sink_readout='none', sink_identity=False, sink_zero_init=False, temperature_learnable=False, score_temperature=None))	stage2_qbyt/checkpoints/v41-musan-gsbase-stream-50k/v41-musan-gsbase-stream-50k	
exp__stage2_qbyt__checkpoints__v41-musan-gsbase-stream-50k__v41-musan-gsbase-stream-50k__version_0__step_step-050000.ckpt	exp/stage2_qbyt/checkpoints/v41-musan-gsbase-stream-50k/v41-musan-gsbase-stream-50k/version_0/step_step=050000.ckpt	19268733	ef3dd04e1fa9ba4f4f968e37b928abf47b155d00ea785791076b0ecc4033864f	QbyTScoreSpec(version=4, value=QbyTReadoutConfig(mode='eps_softmin', temperature=1.0, sink_token=True, text_position='learned', audio_position='relative_bias', relative_num_buckets=32, relative_max_distance=64, sink_readout='none', sink_identity=False, sink_zero_init=False, temperature_learnable=False, score_temperature=None))	stage2_qbyt/checkpoints/v41-musan-gsbase-stream-50k/v41-musan-gsbase-stream-50k	
exp__stage2_qbyt__checkpoints__v41-musan-paperstage1-50k__v41-musan-paperstage1-50k__version_0__last.ckpt	exp/stage2_qbyt/checkpoints/v41-musan-paperstage1-50k/v41-musan-paperstage1-50k/version_0/last.ckpt	25301145	5a0c9d76c6af87ec7753ea64889e94ed9fbdc460c73eda3977250dd0240a522d	QbyTScoreSpec(version=4, value=QbyTReadoutConfig(mode='eps_softmin', temperature=1.0, sink_token=True, text_position='learned', audio_position='relative_bias', relative_num_buckets=32, relative_max_distance=64, sink_readout='none', sink_identity=False, sink_zero_init=False, temperature_learnable=False, score_temperature=None))	stage2_qbyt/checkpoints/v41-musan-paperstage1-50k/v41-musan-paperstage1-50k	
exp__stage2_qbyt__checkpoints__v41-musan-paperstage1-50k__v41-musan-paperstage1-50k__version_0__step_step-005000.ckpt	exp/stage2_qbyt/checkpoints/v41-musan-paperstage1-50k/v41-musan-paperstage1-50k/version_0/step_step=005000.ckpt	25301017	9705401ec861a68d41ab193332cc2d22afc119b0f6ef62a3d9ef8a23ef74794b	QbyTScoreSpec(version=4, value=QbyTReadoutConfig(mode='eps_softmin', temperature=1.0, sink_token=True, text_position='learned', audio_position='relative_bias', relative_num_buckets=32, relative_max_distance=64, sink_readout='none', sink_identity=False, sink_zero_init=False, temperature_learnable=False, score_temperature=None))	stage2_qbyt/checkpoints/v41-musan-paperstage1-50k/v41-musan-paperstage1-50k	
exp__stage2_qbyt__checkpoints__v41-musan-paperstage1-50k__v41-musan-paperstage1-50k__version_0__step_step-007500.ckpt	exp/stage2_qbyt/checkpoints/v41-musan-paperstage1-50k/v41-musan-paperstage1-50k/version_0/step_step=007500.ckpt	25301145	8ea0523f2e3d6d4c34d59a8933b3dc9a2aaa1c36994100988d0727953ec571be	QbyTScoreSpec(version=4, value=QbyTReadoutConfig(mode='eps_softmin', temperature=1.0, sink_token=True, text_position='learned', audio_position='relative_bias', relative_num_buckets=32, relative_max_distance=64, sink_readout='none', sink_identity=False, sink_zero_init=False, temperature_learnable=False, score_temperature=None))	stage2_qbyt/checkpoints/v41-musan-paperstage1-50k/v41-musan-paperstage1-50k	
exp__stage2_qbyt__checkpoints__v41-musan-paperstage1-50k__v41-musan-paperstage1-50k__version_0__step_step-010000.ckpt	exp/stage2_qbyt/checkpoints/v41-musan-paperstage1-50k/v41-musan-paperstage1-50k/version_0/step_step=010000.ckpt	25301145	547b5e66a040b7fc449eaa60e73a1677d9968af80d9b4a87435d23b00f26ac9a	QbyTScoreSpec(version=4, value=QbyTReadoutConfig(mode='eps_softmin', temperature=1.0, sink_token=True, text_position='learned', audio_position='relative_bias', relative_num_buckets=32, relative_max_distance=64, sink_readout='none', sink_identity=False, sink_zero_init=False, temperature_learnable=False, score_temperature=None))	stage2_qbyt/checkpoints/v41-musan-paperstage1-50k/v41-musan-paperstage1-50k	
exp__stage2_qbyt__checkpoints__v41-musan-paperstage1-50k__v41-musan-paperstage1-50k__version_1__last.ckpt	exp/stage2_qbyt/checkpoints/v41-musan-paperstage1-50k/v41-musan-paperstage1-50k/version_1/last.ckpt	25299805	9d146a2dd1515cc422e00cabb5a271e03bc72f56bb98766264e0d0745e739bd2	QbyTScoreSpec(version=4, value=QbyTReadoutConfig(mode='eps_softmin', temperature=1.0, sink_token=True, text_position='learned', audio_position='relative_bias', relative_num_buckets=32, relative_max_distance=64, sink_readout='none', sink_identity=False, sink_zero_init=False, temperature_learnable=False, score_temperature=None))	stage2_qbyt/checkpoints/v41-musan-paperstage1-50k/v41-musan-paperstage1-50k	
exp__stage2_qbyt__checkpoints__v41-musan-zhen3m-50k__v41-musan-zhen3m-50k__version_0__last.ckpt	exp/stage2_qbyt/checkpoints/v41-musan-zhen3m-50k/v41-musan-zhen3m-50k/version_0/last.ckpt	19095169	7e258b48fb5536708724a1d6bfd3680ec1e4215480d0808cff7110cbe5b3e41b	QbyTScoreSpec(version=4, value=QbyTReadoutConfig(mode='eps_softmin', temperature=1.0, sink_token=True, text_position='learned', audio_position='relative_bias', relative_num_buckets=32, relative_max_distance=64, sink_readout='none', sink_identity=False, sink_zero_init=False, temperature_learnable=False, score_temperature=None))	stage2_qbyt/checkpoints/v41-musan-zhen3m-50k/v41-musan-zhen3m-50k	
exp__stage2_qbyt__checkpoints__v41-musan-zhen3m-50k__v41-musan-zhen3m-50k__version_0__stage2_step000001.pt	exp/stage2_qbyt/checkpoints/v41-musan-zhen3m-50k/v41-musan-zhen3m-50k/version_0/stage2_step000001.pt	15544947	9ac1ee9576cf5314f3f360736824e91ebd1e0f2b98f6e88f8c7c1aaa0a81aad3	QbyTScoreSpec(version=4, value=QbyTReadoutConfig(mode='eps_softmin', temperature=1.0, sink_token=True, text_position='learned', audio_position='relative_bias', relative_num_buckets=32, relative_max_distance=64, sink_readout='none', sink_identity=False, sink_zero_init=False, temperature_learnable=False, score_temperature=None))	stage2_qbyt/checkpoints/v41-musan-zhen3m-50k/v41-musan-zhen3m-50k	
exp__stage2_qbyt__checkpoints__v41-musan-zhen3m-50k__v41-musan-zhen3m-50k__version_2__last.ckpt	exp/stage2_qbyt/checkpoints/v41-musan-zhen3m-50k/v41-musan-zhen3m-50k/version_2/last.ckpt	19096063	ea5ec937d9c79573db0c50945cc1909eb1f3adf4c46adb14539589ed6538285a	QbyTScoreSpec(version=4, value=QbyTReadoutConfig(mode='eps_softmin', temperature=1.0, sink_token=True, text_position='learned', audio_position='relative_bias', relative_num_buckets=32, relative_max_distance=64, sink_readout='none', sink_identity=False, sink_zero_init=False, temperature_learnable=False, score_temperature=None))	stage2_qbyt/checkpoints/v41-musan-zhen3m-50k/v41-musan-zhen3m-50k	
exp__stage2_qbyt__checkpoints__v41-musan-zhen3m-50k__v41-musan-zhen3m-50k__version_2__step_step-005000.ckpt	exp/stage2_qbyt/checkpoints/v41-musan-zhen3m-50k/v41-musan-zhen3m-50k/version_2/step_step=005000.ckpt	19096063	97595b952e378cb66ea050d6e0be9881f996a564e77dc901f207cc4e3bda0f19	QbyTScoreSpec(version=4, value=QbyTReadoutConfig(mode='eps_softmin', temperature=1.0, sink_token=True, text_position='learned', audio_position='relative_bias', relative_num_buckets=32, relative_max_distance=64, sink_readout='none', sink_identity=False, sink_zero_init=False, temperature_learnable=False, score_temperature=None))	stage2_qbyt/checkpoints/v41-musan-zhen3m-50k/v41-musan-zhen3m-50k	
exp__stage2_qbyt__checkpoints__v41-musan-zhen3m-50k__v41-musan-zhen3m-50k__version_3__last.ckpt	exp/stage2_qbyt/checkpoints/v41-musan-zhen3m-50k/v41-musan-zhen3m-50k/version_3/last.ckpt	19095169	ecd8b7329fd613eedf5905bd1f07c2e18e303645f0c067a00e6a5a4b32f36e66	QbyTScoreSpec(version=4, value=QbyTReadoutConfig(mode='eps_softmin', temperature=1.0, sink_token=True, text_position='learned', audio_position='relative_bias', relative_num_buckets=32, relative_max_distance=64, sink_readout='none', sink_identity=False, sink_zero_init=False, temperature_learnable=False, score_temperature=None))	stage2_qbyt/checkpoints/v41-musan-zhen3m-50k/v41-musan-zhen3m-50k	
exp__stage2_qbyt__checkpoints__v41-musan-zhen3m-50k__v41-musan-zhen3m-50k__version_3__stage2_step000040.pt	exp/stage2_qbyt/checkpoints/v41-musan-zhen3m-50k/v41-musan-zhen3m-50k/version_3/stage2_step000040.pt	15544947	d554561a7bcc503e6cb9f10cc2bdbe5678bf2c28e8b6b028f4c9b65f151db615	QbyTScoreSpec(version=4, value=QbyTReadoutConfig(mode='eps_softmin', temperature=1.0, sink_token=True, text_position='learned', audio_position='relative_bias', relative_num_buckets=32, relative_max_distance=64, sink_readout='none', sink_identity=False, sink_zero_init=False, temperature_learnable=False, score_temperature=None))	stage2_qbyt/checkpoints/v41-musan-zhen3m-50k/v41-musan-zhen3m-50k	
exp__stage2_qbyt__checkpoints__v41-musan-zhen3m-50k__v41-musan-zhen3m-50k__version_4__last.ckpt	exp/stage2_qbyt/checkpoints/v41-musan-zhen3m-50k/v41-musan-zhen3m-50k/version_4/last.ckpt	19095169	a0233ed8f236eafe86ca727bfcda7a3a639a21beb4258cf17dccd45d360f2820	QbyTScoreSpec(version=4, value=QbyTReadoutConfig(mode='eps_softmin', temperature=1.0, sink_token=True, text_position='learned', audio_position='relative_bias', relative_num_buckets=32, relative_max_distance=64, sink_readout='none', sink_identity=False, sink_zero_init=False, temperature_learnable=False, score_temperature=None))	stage2_qbyt/checkpoints/v41-musan-zhen3m-50k/v41-musan-zhen3m-50k	
exp__stage2_qbyt__checkpoints__v41-musan-zhen3m-50k__v41-musan-zhen3m-50k__version_4__stage2_step000040.pt	exp/stage2_qbyt/checkpoints/v41-musan-zhen3m-50k/v41-musan-zhen3m-50k/version_4/stage2_step000040.pt	15544947	71e0fb8b624a671e711e9bdf01b56c4db157630a884686dce1ddf2ea4909d3d5	QbyTScoreSpec(version=4, value=QbyTReadoutConfig(mode='eps_softmin', temperature=1.0, sink_token=True, text_position='learned', audio_position='relative_bias', relative_num_buckets=32, relative_max_distance=64, sink_readout='none', sink_identity=False, sink_zero_init=False, temperature_learnable=False, score_temperature=None))	stage2_qbyt/checkpoints/v41-musan-zhen3m-50k/v41-musan-zhen3m-50k	
exp__stage2_qbyt__checkpoints__v41-musan-zhen3m-50k__v41-musan-zhen3m-50k__version_5__last.ckpt	exp/stage2_qbyt/checkpoints/v41-musan-zhen3m-50k/v41-musan-zhen3m-50k/version_5/last.ckpt	19095233	05cb631b32ea0e1e165056a6ef40492ffd7bd9ff536d9a66a9cd5255d77d78a7	QbyTScoreSpec(version=4, value=QbyTReadoutConfig(mode='eps_softmin', temperature=1.0, sink_token=True, text_position='learned', audio_position='relative_bias', relative_num_buckets=32, relative_max_distance=64, sink_readout='none', sink_identity=False, sink_zero_init=False, temperature_learnable=False, score_temperature=None))	stage2_qbyt/checkpoints/v41-musan-zhen3m-50k/v41-musan-zhen3m-50k	
exp__stage2_qbyt__checkpoints__v41-musan-zhen3m-50k__v41-musan-zhen3m-50k__version_5__stage2_step000040.pt	exp/stage2_qbyt/checkpoints/v41-musan-zhen3m-50k/v41-musan-zhen3m-50k/version_5/stage2_step000040.pt	15544947	cfb05fd2f607ab7a3ac85018a9967d16d5f4c08b37843122d4d5dc28b09dbe46	QbyTScoreSpec(version=4, value=QbyTReadoutConfig(mode='eps_softmin', temperature=1.0, sink_token=True, text_position='learned', audio_position='relative_bias', relative_num_buckets=32, relative_max_distance=64, sink_readout='none', sink_identity=False, sink_zero_init=False, temperature_learnable=False, score_temperature=None))	stage2_qbyt/checkpoints/v41-musan-zhen3m-50k/v41-musan-zhen3m-50k	
exp__stage2_qbyt__checkpoints__v41-musan-zhen3m-50k__v41-musan-zhen3m-50k__version_6__last.ckpt	exp/stage2_qbyt/checkpoints/v41-musan-zhen3m-50k/v41-musan-zhen3m-50k/version_6/last.ckpt	19095233	87cdc2e88c81dd4d3640611d309bb7594e6595dd83d4053974f69fa66df48ffe	QbyTScoreSpec(version=4, value=QbyTReadoutConfig(mode='eps_softmin', temperature=1.0, sink_token=True, text_position='learned', audio_position='relative_bias', relative_num_buckets=32, relative_max_distance=64, sink_readout='none', sink_identity=False, sink_zero_init=False, temperature_learnable=False, score_temperature=None))	stage2_qbyt/checkpoints/v41-musan-zhen3m-50k/v41-musan-zhen3m-50k	
exp__stage2_qbyt__checkpoints__v41-musan-zhen3m-50k__v41-musan-zhen3m-50k__version_6__stage2_step000030.pt	exp/stage2_qbyt/checkpoints/v41-musan-zhen3m-50k/v41-musan-zhen3m-50k/version_6/stage2_step000030.pt	15544947	d42e42617006f8c6425c0d1055a625573619d89cc3ff97fbf4e004e9284bf0c9	QbyTScoreSpec(version=4, value=QbyTReadoutConfig(mode='eps_softmin', temperature=1.0, sink_token=True, text_position='learned', audio_position='relative_bias', relative_num_buckets=32, relative_max_distance=64, sink_readout='none', sink_identity=False, sink_zero_init=False, temperature_learnable=False, score_temperature=None))	stage2_qbyt/checkpoints/v41-musan-zhen3m-50k/v41-musan-zhen3m-50k	
exp__stage2_qbyt__checkpoints__v41-musan-zhen3m-50k__v41-musan-zhen3m-50k__version_7__last.ckpt	exp/stage2_qbyt/checkpoints/v41-musan-zhen3m-50k/v41-musan-zhen3m-50k/version_7/last.ckpt	19095233	e0853ba260b8e72ef3b3634805c9b02160ed3ec2d16bc4899fa6ddaf22b87060	QbyTScoreSpec(version=4, value=QbyTReadoutConfig(mode='eps_softmin', temperature=1.0, sink_token=True, text_position='learned', audio_position='relative_bias', relative_num_buckets=32, relative_max_distance=64, sink_readout='none', sink_identity=False, sink_zero_init=False, temperature_learnable=False, score_temperature=None))	stage2_qbyt/checkpoints/v41-musan-zhen3m-50k/v41-musan-zhen3m-50k	
exp__stage2_qbyt__checkpoints__v41-musan-zhen3m-50k__v41-musan-zhen3m-50k__version_7__stage2_step000030.pt	exp/stage2_qbyt/checkpoints/v41-musan-zhen3m-50k/v41-musan-zhen3m-50k/version_7/stage2_step000030.pt	15544947	6b1c6a0a8bdecf8c0b4187654572b2dfc4203d685b5372b1816b65aa58620d97	QbyTScoreSpec(version=4, value=QbyTReadoutConfig(mode='eps_softmin', temperature=1.0, sink_token=True, text_position='learned', audio_position='relative_bias', relative_num_buckets=32, relative_max_distance=64, sink_readout='none', sink_identity=False, sink_zero_init=False, temperature_learnable=False, score_temperature=None))	stage2_qbyt/checkpoints/v41-musan-zhen3m-50k/v41-musan-zhen3m-50k	
exp__stage2_qbyt__checkpoints__v41-musan-zhen3m-50k__v41-musan-zhen3m-50k__version_8__last.ckpt	exp/stage2_qbyt/checkpoints/v41-musan-zhen3m-50k/v41-musan-zhen3m-50k/version_8/last.ckpt	19095233	9b1c64c6464458ebf23793c952b2b416d0e1a2ff06594d371bc8f9d45cfab6b6	QbyTScoreSpec(version=4, value=QbyTReadoutConfig(mode='eps_softmin', temperature=1.0, sink_token=True, text_position='learned', audio_position='relative_bias', relative_num_buckets=32, relative_max_distance=64, sink_readout='none', sink_identity=False, sink_zero_init=False, temperature_learnable=False, score_temperature=None))	stage2_qbyt/checkpoints/v41-musan-zhen3m-50k/v41-musan-zhen3m-50k	
exp__stage2_qbyt__checkpoints__v41-musan-zhen3m-50k__v41-musan-zhen3m-50k__version_8__stage2_step000020.pt	exp/stage2_qbyt/checkpoints/v41-musan-zhen3m-50k/v41-musan-zhen3m-50k/version_8/stage2_step000020.pt	15544947	69a8fb7df0d9f3571d77dc9a64c5126d78ad9cd1671b806e799e0d89e389c2e4	QbyTScoreSpec(version=4, value=QbyTReadoutConfig(mode='eps_softmin', temperature=1.0, sink_token=True, text_position='learned', audio_position='relative_bias', relative_num_buckets=32, relative_max_distance=64, sink_readout='none', sink_identity=False, sink_zero_init=False, temperature_learnable=False, score_temperature=None))	stage2_qbyt/checkpoints/v41-musan-zhen3m-50k/v41-musan-zhen3m-50k	
exp__stage2_qbyt__checkpoints__v41-musan-zhen3m-50k__v41-musan-zhen3m-50k__version_9__last.ckpt	exp/stage2_qbyt/checkpoints/v41-musan-zhen3m-50k/v41-musan-zhen3m-50k/version_9/last.ckpt	19096893	604d3abc4896071b07de543ceb83db1878fe4bac0e0c5ca4453a9129487f57ab	QbyTScoreSpec(version=4, value=QbyTReadoutConfig(mode='eps_softmin', temperature=1.0, sink_token=True, text_position='learned', audio_position='relative_bias', relative_num_buckets=32, relative_max_distance=64, sink_readout='none', sink_identity=False, sink_zero_init=False, temperature_learnable=False, score_temperature=None))	stage2_qbyt/checkpoints/v41-musan-zhen3m-50k/v41-musan-zhen3m-50k	
exp__stage2_qbyt__checkpoints__v41-musan-zhen3m-50k__v41-musan-zhen3m-50k__version_9__stage2_step047500.pt	exp/stage2_qbyt/checkpoints/v41-musan-zhen3m-50k/v41-musan-zhen3m-50k/version_9/stage2_step047500.pt	15545203	7da79e82123c344524cce7079dd1643ea345054315857814a10366d3c4e237f4	QbyTScoreSpec(version=4, value=QbyTReadoutConfig(mode='eps_softmin', temperature=1.0, sink_token=True, text_position='learned', audio_position='relative_bias', relative_num_buckets=32, relative_max_distance=64, sink_readout='none', sink_identity=False, sink_zero_init=False, temperature_learnable=False, score_temperature=None))	stage2_qbyt/checkpoints/v41-musan-zhen3m-50k/v41-musan-zhen3m-50k	
exp__stage2_qbyt__checkpoints__v41-musan-zhen3m-50k__v41-musan-zhen3m-50k__version_9__step_step-045000.ckpt	exp/stage2_qbyt/checkpoints/v41-musan-zhen3m-50k/v41-musan-zhen3m-50k/version_9/step_step=045000.ckpt	19096893	6da678f3eebb6e3adc4de9ccfb952fc87b033f2e58f6a551f12e7322f4395017	QbyTScoreSpec(version=4, value=QbyTReadoutConfig(mode='eps_softmin', temperature=1.0, sink_token=True, text_position='learned', audio_position='relative_bias', relative_num_buckets=32, relative_max_distance=64, sink_readout='none', sink_identity=False, sink_zero_init=False, temperature_learnable=False, score_temperature=None))	stage2_qbyt/checkpoints/v41-musan-zhen3m-50k/v41-musan-zhen3m-50k	
exp__stage2_qbyt__checkpoints__v41-musan-zhen3m-50k__v41-musan-zhen3m-50k__version_9__step_step-047500.ckpt	exp/stage2_qbyt/checkpoints/v41-musan-zhen3m-50k/v41-musan-zhen3m-50k/version_9/step_step=047500.ckpt	19096893	f9213727029bdf722a3f11b507d3e8fb97dec7601a07d0ca10595b06885689f7	QbyTScoreSpec(version=4, value=QbyTReadoutConfig(mode='eps_softmin', temperature=1.0, sink_token=True, text_position='learned', audio_position='relative_bias', relative_num_buckets=32, relative_max_distance=64, sink_readout='none', sink_identity=False, sink_zero_init=False, temperature_learnable=False, score_temperature=None))	stage2_qbyt/checkpoints/v41-musan-zhen3m-50k/v41-musan-zhen3m-50k	
exp__stage2_qbyt__checkpoints__v41-musan-zhen3m-50k__v41-musan-zhen3m-50k__version_9__step_step-050000.ckpt	exp/stage2_qbyt/checkpoints/v41-musan-zhen3m-50k/v41-musan-zhen3m-50k/version_9/step_step=050000.ckpt	19096893	f8143950dd196b3835f3a64e7e86d99aa66e6bb197e92123f91a9f02e7ec380c	QbyTScoreSpec(version=4, value=QbyTReadoutConfig(mode='eps_softmin', temperature=1.0, sink_token=True, text_position='learned', audio_position='relative_bias', relative_num_buckets=32, relative_max_distance=64, sink_readout='none', sink_identity=False, sink_zero_init=False, temperature_learnable=False, score_temperature=None))	stage2_qbyt/checkpoints/v41-musan-zhen3m-50k/v41-musan-zhen3m-50k	
exp__stage2_qbyt__final__C1-notail-50k__checkpoints__C1-notail-50k__version_0__last.ckpt	exp/stage2_qbyt/final/C1-notail-50k/checkpoints/C1-notail-50k/version_0/last.ckpt	19101861	c2ee6848935f7ad1eec5e56668ee4bf88942380ea8d5e8db7d86982352bac5b2	QbyTScoreSpec(version=4, value=QbyTReadoutConfig(mode='eps_softmin', temperature=1.0, sink_token=True, text_position='learned', audio_position='relative_bias', relative_num_buckets=32, relative_max_distance=64, sink_readout='additive', sink_identity=False, sink_zero_init=True, temperature_learnable=False, score_temperature=None))	stage2_qbyt/final/C1-notail-50k	run_snapshots/lightning/exp/stage2_qbyt/final/C1-notail-50k/version_0/hparams.yaml
exp__stage2_qbyt__final__C1-notail-50k__checkpoints__C1-notail-50k__version_0__stage2_step045000.pt	exp/stage2_qbyt/final/C1-notail-50k/checkpoints/C1-notail-50k/version_0/stage2_step045000.pt	15546699	af1382b9d690a26da76e7468cf05094b2aad9e98cb7f5df6a1cda6f01707c479	QbyTScoreSpec(version=4, value=QbyTReadoutConfig(mode='eps_softmin', temperature=1.0, sink_token=True, text_position='learned', audio_position='relative_bias', relative_num_buckets=32, relative_max_distance=64, sink_readout='additive', sink_identity=False, sink_zero_init=True, temperature_learnable=False, score_temperature=None))	stage2_qbyt/final/C1-notail-50k	run_snapshots/lightning/exp/stage2_qbyt/final/C1-notail-50k/version_0/hparams.yaml
exp__stage2_qbyt__final__C1-notail-50k__checkpoints__C1-notail-50k__version_0__step_step-045000.ckpt	exp/stage2_qbyt/final/C1-notail-50k/checkpoints/C1-notail-50k/version_0/step_step=045000.ckpt	19101861	b15c7db98e6aced40f7a7f71d1107bfef2e30e5a7e64dc746a3e218e588babd2	QbyTScoreSpec(version=4, value=QbyTReadoutConfig(mode='eps_softmin', temperature=1.0, sink_token=True, text_position='learned', audio_position='relative_bias', relative_num_buckets=32, relative_max_distance=64, sink_readout='additive', sink_identity=False, sink_zero_init=True, temperature_learnable=False, score_temperature=None))	stage2_qbyt/final/C1-notail-50k	run_snapshots/lightning/exp/stage2_qbyt/final/C1-notail-50k/version_0/hparams.yaml
exp__stage2_qbyt__final__C1-notail-50k__checkpoints__C1-notail-50k__version_0__step_step-047500.ckpt	exp/stage2_qbyt/final/C1-notail-50k/checkpoints/C1-notail-50k/version_0/step_step=047500.ckpt	19101861	a108ba019c598597c8e0d37285e7f0ae5f614ce3a9d1943b25cd664a43cff042	QbyTScoreSpec(version=4, value=QbyTReadoutConfig(mode='eps_softmin', temperature=1.0, sink_token=True, text_position='learned', audio_position='relative_bias', relative_num_buckets=32, relative_max_distance=64, sink_readout='additive', sink_identity=False, sink_zero_init=True, temperature_learnable=False, score_temperature=None))	stage2_qbyt/final/C1-notail-50k	run_snapshots/lightning/exp/stage2_qbyt/final/C1-notail-50k/version_0/hparams.yaml
exp__stage2_qbyt__final__C1-notail-50k__checkpoints__C1-notail-50k__version_0__step_step-050000.ckpt	exp/stage2_qbyt/final/C1-notail-50k/checkpoints/C1-notail-50k/version_0/step_step=050000.ckpt	19101861	9a63868570957a2fc4954b1b769d6bd0831004865ba9ac2ddb2b905347ce83b5	QbyTScoreSpec(version=4, value=QbyTReadoutConfig(mode='eps_softmin', temperature=1.0, sink_token=True, text_position='learned', audio_position='relative_bias', relative_num_buckets=32, relative_max_distance=64, sink_readout='additive', sink_identity=False, sink_zero_init=True, temperature_learnable=False, score_temperature=None))	stage2_qbyt/final/C1-notail-50k	run_snapshots/lightning/exp/stage2_qbyt/final/C1-notail-50k/version_0/hparams.yaml
exp__stage2_qbyt__final__C1-sink-50k__checkpoints__C1-sink-50k__version_0__last.ckpt	exp/stage2_qbyt/final/C1-sink-50k/checkpoints/C1-sink-50k/version_0/last.ckpt	19101605	e1344cdf2b134d0fc248e1866cbe68c8980742364fb97838c422c6eed894bb0e	QbyTScoreSpec(version=4, value=QbyTReadoutConfig(mode='eps_softmin', temperature=1.0, sink_token=True, text_position='learned', audio_position='relative_bias', relative_num_buckets=32, relative_max_distance=64, sink_readout='additive', sink_identity=False, sink_zero_init=True, temperature_learnable=False, score_temperature=None))	stage2_qbyt/final/C1-sink-50k	run_snapshots/lightning/exp/stage2_qbyt/final/C1-sink-50k/version_0/hparams.yaml
exp__stage2_qbyt__final__C1-sink-50k__checkpoints__C1-sink-50k__version_0__stage2_step050000.pt	exp/stage2_qbyt/final/C1-sink-50k/checkpoints/C1-sink-50k/version_0/stage2_step050000.pt	15546443	feb15835e9e84c432007aec959cf64dd519266e2cc2585481cd9cb6d0d0cf881	QbyTScoreSpec(version=4, value=QbyTReadoutConfig(mode='eps_softmin', temperature=1.0, sink_token=True, text_position='learned', audio_position='relative_bias', relative_num_buckets=32, relative_max_distance=64, sink_readout='additive', sink_identity=False, sink_zero_init=True, temperature_learnable=False, score_temperature=None))	stage2_qbyt/final/C1-sink-50k	run_snapshots/lightning/exp/stage2_qbyt/final/C1-sink-50k/version_0/hparams.yaml
exp__stage2_qbyt__final__C1-sink-50k__checkpoints__C1-sink-50k__version_0__step_step-045000.ckpt	exp/stage2_qbyt/final/C1-sink-50k/checkpoints/C1-sink-50k/version_0/step_step=045000.ckpt	19101605	20e20ea245e06367cce412322b610be23b92739ebc13d2bdcb3c77f25cf95b19	QbyTScoreSpec(version=4, value=QbyTReadoutConfig(mode='eps_softmin', temperature=1.0, sink_token=True, text_position='learned', audio_position='relative_bias', relative_num_buckets=32, relative_max_distance=64, sink_readout='additive', sink_identity=False, sink_zero_init=True, temperature_learnable=False, score_temperature=None))	stage2_qbyt/final/C1-sink-50k	run_snapshots/lightning/exp/stage2_qbyt/final/C1-sink-50k/version_0/hparams.yaml
exp__stage2_qbyt__final__C1-sink-50k__checkpoints__C1-sink-50k__version_0__step_step-047500.ckpt	exp/stage2_qbyt/final/C1-sink-50k/checkpoints/C1-sink-50k/version_0/step_step=047500.ckpt	19101605	664aabd822607787bbae5feeebb6195637020c3b6056542ce989f77b3a7e6ae7	QbyTScoreSpec(version=4, value=QbyTReadoutConfig(mode='eps_softmin', temperature=1.0, sink_token=True, text_position='learned', audio_position='relative_bias', relative_num_buckets=32, relative_max_distance=64, sink_readout='additive', sink_identity=False, sink_zero_init=True, temperature_learnable=False, score_temperature=None))	stage2_qbyt/final/C1-sink-50k	run_snapshots/lightning/exp/stage2_qbyt/final/C1-sink-50k/version_0/hparams.yaml
exp__stage2_qbyt__final__C1-sink-50k__checkpoints__C1-sink-50k__version_0__step_step-050000.ckpt	exp/stage2_qbyt/final/C1-sink-50k/checkpoints/C1-sink-50k/version_0/step_step=050000.ckpt	19101605	78a78e67c1152e3758b9cad1147ff2f3f3e99d19e0e3364ae7c931ad8a76f459	QbyTScoreSpec(version=4, value=QbyTReadoutConfig(mode='eps_softmin', temperature=1.0, sink_token=True, text_position='learned', audio_position='relative_bias', relative_num_buckets=32, relative_max_distance=64, sink_readout='additive', sink_identity=False, sink_zero_init=True, temperature_learnable=False, score_temperature=None))	stage2_qbyt/final/C1-sink-50k	run_snapshots/lightning/exp/stage2_qbyt/final/C1-sink-50k/version_0/hparams.yaml
exp__stage2_qbyt__final__C1E-cvaroff-50k__checkpoints__C1E-cvaroff-50k__version_0__last.ckpt	exp/stage2_qbyt/final/C1E-cvaroff-50k/checkpoints/C1E-cvaroff-50k/version_0/last.ckpt	19100521	58a611f1b963bcb50b693827114ee473968f109d86465df9b00521900969989a	QbyTScoreSpec(version=4, value=QbyTReadoutConfig(mode='eps_softmin', temperature=1.0, sink_token=True, text_position='learned', audio_position='relative_bias', relative_num_buckets=32, relative_max_distance=64, sink_readout='additive', sink_identity=False, sink_zero_init=True, temperature_learnable=False, score_temperature=None))	stage2_qbyt/final/C1E-cvaroff-50k	run_snapshots/lightning/exp/stage2_qbyt/final/C1E-cvaroff-50k/version_0/hparams.yaml
exp__stage2_qbyt__final__C2-sinusoidal-50k__checkpoints__C2-sinusoidal-50k__version_0__last.ckpt	exp/stage2_qbyt/final/C2-sinusoidal-50k/checkpoints/C2-sinusoidal-50k/version_0/last.ckpt	18903917	fdb0ecce195f38610a2d2aaac0c0c385ba30e58f7e93aac1d8214be120fc017e	QbyTScoreSpec(version=4, value=QbyTReadoutConfig(mode='eps_softmin', temperature=1.0, sink_token=True, text_position='sinusoidal', audio_position='relative_bias', relative_num_buckets=32, relative_max_distance=64, sink_readout='additive', sink_identity=False, sink_zero_init=True, temperature_learnable=False, score_temperature=None))	stage2_qbyt/final/C2-sinusoidal-50k	run_snapshots/lightning/exp/stage2_qbyt/final/C2-sinusoidal-50k/version_0/hparams.yaml
exp__stage2_qbyt__final__C2-sinusoidal-50k__checkpoints__C2-sinusoidal-50k__version_0__stage2_step042500.pt	exp/stage2_qbyt/final/C2-sinusoidal-50k/checkpoints/C2-sinusoidal-50k/version_0/stage2_step042500.pt	15480643	2e07cfb6b3d4bbc328f25064e08e1b337ee64cad74232d2e7a21523910664e7d	QbyTScoreSpec(version=4, value=QbyTReadoutConfig(mode='eps_softmin', temperature=1.0, sink_token=True, text_position='sinusoidal', audio_position='relative_bias', relative_num_buckets=32, relative_max_distance=64, sink_readout='additive', sink_identity=False, sink_zero_init=True, temperature_learnable=False, score_temperature=None))	stage2_qbyt/final/C2-sinusoidal-50k	run_snapshots/lightning/exp/stage2_qbyt/final/C2-sinusoidal-50k/version_0/hparams.yaml
exp__stage2_qbyt__final__C2-sinusoidal-50k__checkpoints__C2-sinusoidal-50k__version_0__step_step-042500.ckpt	exp/stage2_qbyt/final/C2-sinusoidal-50k/checkpoints/C2-sinusoidal-50k/version_0/step_step=042500.ckpt	18903917	5c1495e2feb3793fe3eb5758f00efd5188fc4afe22956616c255ea8b1a93a135	QbyTScoreSpec(version=4, value=QbyTReadoutConfig(mode='eps_softmin', temperature=1.0, sink_token=True, text_position='sinusoidal', audio_position='relative_bias', relative_num_buckets=32, relative_max_distance=64, sink_readout='additive', sink_identity=False, sink_zero_init=True, temperature_learnable=False, score_temperature=None))	stage2_qbyt/final/C2-sinusoidal-50k	run_snapshots/lightning/exp/stage2_qbyt/final/C2-sinusoidal-50k/version_0/hparams.yaml
exp__stage2_qbyt__final__C2-sinusoidal-50k__checkpoints__C2-sinusoidal-50k__version_0__step_step-047500.ckpt	exp/stage2_qbyt/final/C2-sinusoidal-50k/checkpoints/C2-sinusoidal-50k/version_0/step_step=047500.ckpt	18903917	f4e1824cdba617a1834c58dfe9d59d1902a5dc333e8a1193b9b33e3fe5455cc7	QbyTScoreSpec(version=4, value=QbyTReadoutConfig(mode='eps_softmin', temperature=1.0, sink_token=True, text_position='sinusoidal', audio_position='relative_bias', relative_num_buckets=32, relative_max_distance=64, sink_readout='additive', sink_identity=False, sink_zero_init=True, temperature_learnable=False, score_temperature=None))	stage2_qbyt/final/C2-sinusoidal-50k	run_snapshots/lightning/exp/stage2_qbyt/final/C2-sinusoidal-50k/version_0/hparams.yaml
exp__stage2_qbyt__final__C2-sinusoidal-50k__checkpoints__C2-sinusoidal-50k__version_0__step_step-050000.ckpt	exp/stage2_qbyt/final/C2-sinusoidal-50k/checkpoints/C2-sinusoidal-50k/version_0/step_step=050000.ckpt	18903917	d8b9bcaf4de268166f96eff178fbcb8a56632abe15608997f6db9ec2f8099f1a	QbyTScoreSpec(version=4, value=QbyTReadoutConfig(mode='eps_softmin', temperature=1.0, sink_token=True, text_position='sinusoidal', audio_position='relative_bias', relative_num_buckets=32, relative_max_distance=64, sink_readout='additive', sink_identity=False, sink_zero_init=True, temperature_learnable=False, score_temperature=None))	stage2_qbyt/final/C2-sinusoidal-50k	run_snapshots/lightning/exp/stage2_qbyt/final/C2-sinusoidal-50k/version_0/hparams.yaml
exp__stage2_qbyt__final__C3-sinkloss-50k__checkpoints__C3-sinkloss-50k__version_0__last.ckpt	exp/stage2_qbyt/final/C3-sinkloss-50k/checkpoints/C3-sinkloss-50k/version_0/last.ckpt	19101861	15546c3d694208f060c41300c13378b839a9e38389667822610532a900d3ae43	QbyTScoreSpec(version=4, value=QbyTReadoutConfig(mode='eps_softmin', temperature=1.0, sink_token=True, text_position='learned', audio_position='relative_bias', relative_num_buckets=32, relative_max_distance=64, sink_readout='additive', sink_identity=False, sink_zero_init=True, temperature_learnable=False, score_temperature=None))	stage2_qbyt/final/C3-sinkloss-50k	run_snapshots/lightning/exp/stage2_qbyt/final/C3-sinkloss-50k/version_0/hparams.yaml
exp__stage2_qbyt__final__C3-sinkloss-50k__checkpoints__C3-sinkloss-50k__version_0__stage2_step047500.pt	exp/stage2_qbyt/final/C3-sinkloss-50k/checkpoints/C3-sinkloss-50k/version_0/stage2_step047500.pt	15546699	55470381566d8ff92ed263137de9e20b48c8812b2c65aee36a4d0e87c27acf75	QbyTScoreSpec(version=4, value=QbyTReadoutConfig(mode='eps_softmin', temperature=1.0, sink_token=True, text_position='learned', audio_position='relative_bias', relative_num_buckets=32, relative_max_distance=64, sink_readout='additive', sink_identity=False, sink_zero_init=True, temperature_learnable=False, score_temperature=None))	stage2_qbyt/final/C3-sinkloss-50k	run_snapshots/lightning/exp/stage2_qbyt/final/C3-sinkloss-50k/version_0/hparams.yaml
exp__stage2_qbyt__final__C3-sinkloss-50k__checkpoints__C3-sinkloss-50k__version_0__step_step-045000.ckpt	exp/stage2_qbyt/final/C3-sinkloss-50k/checkpoints/C3-sinkloss-50k/version_0/step_step=045000.ckpt	19101861	f05e98b874b995dd1211217173c405ab114d8f35f510df20a358d2e639e19270	QbyTScoreSpec(version=4, value=QbyTReadoutConfig(mode='eps_softmin', temperature=1.0, sink_token=True, text_position='learned', audio_position='relative_bias', relative_num_buckets=32, relative_max_distance=64, sink_readout='additive', sink_identity=False, sink_zero_init=True, temperature_learnable=False, score_temperature=None))	stage2_qbyt/final/C3-sinkloss-50k	run_snapshots/lightning/exp/stage2_qbyt/final/C3-sinkloss-50k/version_0/hparams.yaml
exp__stage2_qbyt__final__C3-sinkloss-50k__checkpoints__C3-sinkloss-50k__version_0__step_step-047500.ckpt	exp/stage2_qbyt/final/C3-sinkloss-50k/checkpoints/C3-sinkloss-50k/version_0/step_step=047500.ckpt	19101861	b50880476c9d6392dcea132fb809ddbccf8c6cdff6e56c8889aa9bf0aff74520	QbyTScoreSpec(version=4, value=QbyTReadoutConfig(mode='eps_softmin', temperature=1.0, sink_token=True, text_position='learned', audio_position='relative_bias', relative_num_buckets=32, relative_max_distance=64, sink_readout='additive', sink_identity=False, sink_zero_init=True, temperature_learnable=False, score_temperature=None))	stage2_qbyt/final/C3-sinkloss-50k	run_snapshots/lightning/exp/stage2_qbyt/final/C3-sinkloss-50k/version_0/hparams.yaml
exp__stage2_qbyt__final__C3-sinkloss-50k__checkpoints__C3-sinkloss-50k__version_0__step_step-050000.ckpt	exp/stage2_qbyt/final/C3-sinkloss-50k/checkpoints/C3-sinkloss-50k/version_0/step_step=050000.ckpt	19101861	d1a2bb594f10a68788ab4c63ce30962bab32e00bbe41c901f1b67d01c3b9ea84	QbyTScoreSpec(version=4, value=QbyTReadoutConfig(mode='eps_softmin', temperature=1.0, sink_token=True, text_position='learned', audio_position='relative_bias', relative_num_buckets=32, relative_max_distance=64, sink_readout='additive', sink_identity=False, sink_zero_init=True, temperature_learnable=False, score_temperature=None))	stage2_qbyt/final/C3-sinkloss-50k	run_snapshots/lightning/exp/stage2_qbyt/final/C3-sinkloss-50k/version_0/hparams.yaml
exp__stage2_qbyt__final__P1-paper-50k__checkpoints__P1-paper-50k__version_0__last.ckpt	exp/stage2_qbyt/final/P1-paper-50k/checkpoints/P1-paper-50k/version_0/last.ckpt	41380391	f1f96c940f5a01383ae4533f50141abb8b3d0ae40a3d0ce5007df7724ef43a51	QbyTScoreSpec(version=4, value=QbyTReadoutConfig(mode='eps_softmin', temperature=1.0, sink_token=True, text_position='learned', audio_position='relative_bias', relative_num_buckets=32, relative_max_distance=64, sink_readout='additive', sink_identity=False, sink_zero_init=True, temperature_learnable=False, score_temperature=None))	stage2_qbyt/final/P1-paper-50k	run_snapshots/lightning/exp/stage2_qbyt/final/P1-paper-50k/version_0/hparams.yaml
exp__stage2_qbyt__final__P1-paper-50k__checkpoints__P1-paper-50k__version_0__step_step-002500.ckpt	exp/stage2_qbyt/final/P1-paper-50k/checkpoints/P1-paper-50k/version_0/step_step=002500.ckpt	41380008	f09ac19d0c867597ac5653a729986880320316e505c4a49527ddef140b523bc6	QbyTScoreSpec(version=4, value=QbyTReadoutConfig(mode='eps_softmin', temperature=1.0, sink_token=True, text_position='learned', audio_position='relative_bias', relative_num_buckets=32, relative_max_distance=64, sink_readout='additive', sink_identity=False, sink_zero_init=True, temperature_learnable=False, score_temperature=None))	stage2_qbyt/final/P1-paper-50k	run_snapshots/lightning/exp/stage2_qbyt/final/P1-paper-50k/version_0/hparams.yaml
exp__stage2_qbyt__final__P1-paper-50k__checkpoints__P1-paper-50k__version_0__step_step-005000.ckpt	exp/stage2_qbyt/final/P1-paper-50k/checkpoints/P1-paper-50k/version_0/step_step=005000.ckpt	41380391	6626c87eb0e109c9d8b5cca0daf269a80d4928c52375a1f79eda861081ab73df	QbyTScoreSpec(version=4, value=QbyTReadoutConfig(mode='eps_softmin', temperature=1.0, sink_token=True, text_position='learned', audio_position='relative_bias', relative_num_buckets=32, relative_max_distance=64, sink_readout='additive', sink_identity=False, sink_zero_init=True, temperature_learnable=False, score_temperature=None))	stage2_qbyt/final/P1-paper-50k	run_snapshots/lightning/exp/stage2_qbyt/final/P1-paper-50k/version_0/hparams.yaml
exp__stage2_qbyt__final__P2-hardneg100-frozen__checkpoints__P2-hardneg100-frozen__version_0__last.ckpt	exp/stage2_qbyt/final/P2-hardneg100-frozen/checkpoints/P2-hardneg100-frozen/version_0/last.ckpt	19100585	d2d0540c8dd3e17af944e63865ae2358ef11ebb3784cb7844a7b191fcfc0b0d4	QbyTScoreSpec(version=4, value=QbyTReadoutConfig(mode='eps_softmin', temperature=1.0, sink_token=True, text_position='learned', audio_position='relative_bias', relative_num_buckets=32, relative_max_distance=64, sink_readout='additive', sink_identity=False, sink_zero_init=True, temperature_learnable=False, score_temperature=None))	stage2_qbyt/final/P2-hardneg100-frozen	run_snapshots/lightning/exp/stage2_qbyt/final/P2-hardneg100-frozen/version_0/hparams.yaml
exp__stage2_qbyt__final__R1-unfreeze-hardneg100__checkpoints__R1-unfreeze-hardneg100__version_0__last.ckpt	exp/stage2_qbyt/final/R1-unfreeze-hardneg100/checkpoints/R1-unfreeze-hardneg100/version_0/last.ckpt	41380775	c8c1fbfd065544d59cdddf9fb9108ca065b2d6ec4a0021cdbbaca8a5154df124	QbyTScoreSpec(version=4, value=QbyTReadoutConfig(mode='eps_softmin', temperature=1.0, sink_token=True, text_position='learned', audio_position='relative_bias', relative_num_buckets=32, relative_max_distance=64, sink_readout='additive', sink_identity=False, sink_zero_init=True, temperature_learnable=False, score_temperature=None))	stage2_qbyt/final/R1-unfreeze-hardneg100	run_snapshots/lightning/exp/stage2_qbyt/final/R1-unfreeze-hardneg100/version_0/hparams.yaml
exp__stage2_qbyt__final__R1-unfreeze-hardneg100__checkpoints__R1-unfreeze-hardneg100__version_0__stage2_step012500.pt	exp/stage2_qbyt/final/R1-unfreeze-hardneg100/checkpoints/R1-unfreeze-hardneg100/version_0/stage2_step012500.pt	15546827	47aee16b606c52b9fcfdff7881740d2fec0763929b3c52eb07cea33fabf66ee4	QbyTScoreSpec(version=4, value=QbyTReadoutConfig(mode='eps_softmin', temperature=1.0, sink_token=True, text_position='learned', audio_position='relative_bias', relative_num_buckets=32, relative_max_distance=64, sink_readout='additive', sink_identity=False, sink_zero_init=True, temperature_learnable=False, score_temperature=None))	stage2_qbyt/final/R1-unfreeze-hardneg100	run_snapshots/lightning/exp/stage2_qbyt/final/R1-unfreeze-hardneg100/version_0/hparams.yaml
exp__stage2_qbyt__final__R1-unfreeze-hardneg100__checkpoints__R1-unfreeze-hardneg100__version_0__step_step-010000.ckpt	exp/stage2_qbyt/final/R1-unfreeze-hardneg100/checkpoints/R1-unfreeze-hardneg100/version_0/step_step=010000.ckpt	41380775	f0a8e16e908d98b3ea53b6915db93891de2473fdf4c301c82db7be6d7ffcf3b2	QbyTScoreSpec(version=4, value=QbyTReadoutConfig(mode='eps_softmin', temperature=1.0, sink_token=True, text_position='learned', audio_position='relative_bias', relative_num_buckets=32, relative_max_distance=64, sink_readout='additive', sink_identity=False, sink_zero_init=True, temperature_learnable=False, score_temperature=None))	stage2_qbyt/final/R1-unfreeze-hardneg100	run_snapshots/lightning/exp/stage2_qbyt/final/R1-unfreeze-hardneg100/version_0/hparams.yaml
exp__stage2_qbyt__final__R1-unfreeze-hardneg100__checkpoints__R1-unfreeze-hardneg100__version_0__step_step-011250.ckpt	exp/stage2_qbyt/final/R1-unfreeze-hardneg100/checkpoints/R1-unfreeze-hardneg100/version_0/step_step=011250.ckpt	41380775	8ae239ea44dbb133b6756523a44b10fb71b0953dd9878a155910a2335aba9cef	QbyTScoreSpec(version=4, value=QbyTReadoutConfig(mode='eps_softmin', temperature=1.0, sink_token=True, text_position='learned', audio_position='relative_bias', relative_num_buckets=32, relative_max_distance=64, sink_readout='additive', sink_identity=False, sink_zero_init=True, temperature_learnable=False, score_temperature=None))	stage2_qbyt/final/R1-unfreeze-hardneg100	run_snapshots/lightning/exp/stage2_qbyt/final/R1-unfreeze-hardneg100/version_0/hparams.yaml
exp__stage2_qbyt__final__R1-unfreeze-hardneg100__checkpoints__R1-unfreeze-hardneg100__version_0__step_step-012500.ckpt	exp/stage2_qbyt/final/R1-unfreeze-hardneg100/checkpoints/R1-unfreeze-hardneg100/version_0/step_step=012500.ckpt	41380775	bd5fc5ac103df553418b02a85277ebf58c2769f77cfda652de0338e27104896d	QbyTScoreSpec(version=4, value=QbyTReadoutConfig(mode='eps_softmin', temperature=1.0, sink_token=True, text_position='learned', audio_position='relative_bias', relative_num_buckets=32, relative_max_distance=64, sink_readout='additive', sink_identity=False, sink_zero_init=True, temperature_learnable=False, score_temperature=None))	stage2_qbyt/final/R1-unfreeze-hardneg100	run_snapshots/lightning/exp/stage2_qbyt/final/R1-unfreeze-hardneg100/version_0/hparams.yaml
exp__stage2_qbyt__improve__H1-hardneg100__checkpoints__H1-hardneg100__version_0__last.ckpt	exp/stage2_qbyt/improve/H1-hardneg100/checkpoints/H1-hardneg100/version_0/last.ckpt	19101797	eddf671cd9142c3c23e8e608e0f0c2d2fa4cfea27d505e8a858012c2b2a17790	QbyTScoreSpec(version=4, value=QbyTReadoutConfig(mode='eps_softmin', temperature=1.0, sink_token=True, text_position='learned', audio_position='relative_bias', relative_num_buckets=32, relative_max_distance=64, sink_readout='additive', sink_identity=False, sink_zero_init=True, temperature_learnable=False, score_temperature=None))	stage2_qbyt/improve/H1-hardneg100	run_snapshots/lightning/exp/stage2_qbyt/improve/H1-hardneg100/version_0/hparams.yaml
exp__stage2_qbyt__improve__H1-hardneg100__checkpoints__H1-hardneg100__version_0__stage2_step003000.pt	exp/stage2_qbyt/improve/H1-hardneg100/checkpoints/H1-hardneg100/version_0/stage2_step003000.pt	15546763	d0418490b26c841f309974b67570d096bd99ba78e7193f6e712308a441db3dc8	QbyTScoreSpec(version=4, value=QbyTReadoutConfig(mode='eps_softmin', temperature=1.0, sink_token=True, text_position='learned', audio_position='relative_bias', relative_num_buckets=32, relative_max_distance=64, sink_readout='additive', sink_identity=False, sink_zero_init=True, temperature_learnable=False, score_temperature=None))	stage2_qbyt/improve/H1-hardneg100	run_snapshots/lightning/exp/stage2_qbyt/improve/H1-hardneg100/version_0/hparams.yaml
exp__stage2_qbyt__improve__H1-hardneg100__checkpoints__H1-hardneg100__version_0__step_step-001500.ckpt	exp/stage2_qbyt/improve/H1-hardneg100/checkpoints/H1-hardneg100/version_0/step_step=001500.ckpt	19101415	71a05a9134e99abc83099a13d903fa3ef1443923a20d9562d1091d606ecef5b3	QbyTScoreSpec(version=4, value=QbyTReadoutConfig(mode='eps_softmin', temperature=1.0, sink_token=True, text_position='learned', audio_position='relative_bias', relative_num_buckets=32, relative_max_distance=64, sink_readout='additive', sink_identity=False, sink_zero_init=True, temperature_learnable=False, score_temperature=None))	stage2_qbyt/improve/H1-hardneg100	run_snapshots/lightning/exp/stage2_qbyt/improve/H1-hardneg100/version_0/hparams.yaml
exp__stage2_qbyt__improve__H1-hardneg100__checkpoints__H1-hardneg100__version_0__step_step-003000.ckpt	exp/stage2_qbyt/improve/H1-hardneg100/checkpoints/H1-hardneg100/version_0/step_step=003000.ckpt	19101797	81cf11a5142bc9e8b8c2359a1f9bde854fe37f6bdd900e171a45beebfb1a89ca	QbyTScoreSpec(version=4, value=QbyTReadoutConfig(mode='eps_softmin', temperature=1.0, sink_token=True, text_position='learned', audio_position='relative_bias', relative_num_buckets=32, relative_max_distance=64, sink_readout='additive', sink_identity=False, sink_zero_init=True, temperature_learnable=False, score_temperature=None))	stage2_qbyt/improve/H1-hardneg100	run_snapshots/lightning/exp/stage2_qbyt/improve/H1-hardneg100/version_0/hparams.yaml
exp__stage2_qbyt__improve__H2-hardneg100-unfreeze__checkpoints__H2-hardneg100-unfreeze__version_0__last.ckpt	exp/stage2_qbyt/improve/H2-hardneg100-unfreeze/checkpoints/H2-hardneg100-unfreeze/version_0/last.ckpt	41380647	8069a3c80c252cd7c238012b69ee4b5e861300073d3a969ca731202b6fa3f445	QbyTScoreSpec(version=4, value=QbyTReadoutConfig(mode='eps_softmin', temperature=1.0, sink_token=True, text_position='learned', audio_position='relative_bias', relative_num_buckets=32, relative_max_distance=64, sink_readout='additive', sink_identity=False, sink_zero_init=True, temperature_learnable=False, score_temperature=None))	stage2_qbyt/improve/H2-hardneg100-unfreeze	run_snapshots/lightning/exp/stage2_qbyt/improve/H2-hardneg100-unfreeze/version_0/hparams.yaml
exp__stage2_qbyt__improve__H2-hardneg100-unfreeze__checkpoints__H2-hardneg100-unfreeze__version_0__stage2_step003000.pt	exp/stage2_qbyt/improve/H2-hardneg100-unfreeze/checkpoints/H2-hardneg100-unfreeze/version_0/stage2_step003000.pt	15546827	82c617e29d7a2daa2f0f0c67bfd609fbf0ef15138bea6daffe71532d41aa6f2f	QbyTScoreSpec(version=4, value=QbyTReadoutConfig(mode='eps_softmin', temperature=1.0, sink_token=True, text_position='learned', audio_position='relative_bias', relative_num_buckets=32, relative_max_distance=64, sink_readout='additive', sink_identity=False, sink_zero_init=True, temperature_learnable=False, score_temperature=None))	stage2_qbyt/improve/H2-hardneg100-unfreeze	run_snapshots/lightning/exp/stage2_qbyt/improve/H2-hardneg100-unfreeze/version_0/hparams.yaml
exp__stage2_qbyt__improve__H2-hardneg100-unfreeze__checkpoints__H2-hardneg100-unfreeze__version_0__step_step-001500.ckpt	exp/stage2_qbyt/improve/H2-hardneg100-unfreeze/checkpoints/H2-hardneg100-unfreeze/version_0/step_step=001500.ckpt	41380200	b2ddadd967204a9df2e80b24a6d73f6752a07a9fb785bc00b4d51ef6d5dd8e50	QbyTScoreSpec(version=4, value=QbyTReadoutConfig(mode='eps_softmin', temperature=1.0, sink_token=True, text_position='learned', audio_position='relative_bias', relative_num_buckets=32, relative_max_distance=64, sink_readout='additive', sink_identity=False, sink_zero_init=True, temperature_learnable=False, score_temperature=None))	stage2_qbyt/improve/H2-hardneg100-unfreeze	run_snapshots/lightning/exp/stage2_qbyt/improve/H2-hardneg100-unfreeze/version_0/hparams.yaml
exp__stage2_qbyt__improve__H2-hardneg100-unfreeze__checkpoints__H2-hardneg100-unfreeze__version_0__step_step-003000.ckpt	exp/stage2_qbyt/improve/H2-hardneg100-unfreeze/checkpoints/H2-hardneg100-unfreeze/version_0/step_step=003000.ckpt	41380647	a1dd9b75d6b1ba4e27977182e08f2195dffaf5634a125772f8bc042209986e27	QbyTScoreSpec(version=4, value=QbyTReadoutConfig(mode='eps_softmin', temperature=1.0, sink_token=True, text_position='learned', audio_position='relative_bias', relative_num_buckets=32, relative_max_distance=64, sink_readout='additive', sink_identity=False, sink_zero_init=True, temperature_learnable=False, score_temperature=None))	stage2_qbyt/improve/H2-hardneg100-unfreeze	run_snapshots/lightning/exp/stage2_qbyt/improve/H2-hardneg100-unfreeze/version_0/hparams.yaml
exp__stage2_qbyt__improve__U1-unfreeze-lr2e5__checkpoints__U1-unfreeze-lr2e5__version_0__last.ckpt	exp/stage2_qbyt/improve/U1-unfreeze-lr2e5/checkpoints/U1-unfreeze-lr2e5/version_0/last.ckpt	41380583	44def50b65854b3564e4888a2999f8550638403f738a73032f60e484a69ef70b	QbyTScoreSpec(version=4, value=QbyTReadoutConfig(mode='eps_softmin', temperature=1.0, sink_token=True, text_position='learned', audio_position='relative_bias', relative_num_buckets=32, relative_max_distance=64, sink_readout='additive', sink_identity=False, sink_zero_init=True, temperature_learnable=False, score_temperature=None))	stage2_qbyt/improve/U1-unfreeze-lr2e5	run_snapshots/lightning/exp/stage2_qbyt/improve/U1-unfreeze-lr2e5/version_0/hparams.yaml
exp__stage2_qbyt__improve__U1-unfreeze-lr2e5__checkpoints__U1-unfreeze-lr2e5__version_0__stage2_step003000.pt	exp/stage2_qbyt/improve/U1-unfreeze-lr2e5/checkpoints/U1-unfreeze-lr2e5/version_0/stage2_step003000.pt	15546827	63e889792e171336f0bdbf1262a0c638375e757c29f19bfb5c392a44137f7a52	QbyTScoreSpec(version=4, value=QbyTReadoutConfig(mode='eps_softmin', temperature=1.0, sink_token=True, text_position='learned', audio_position='relative_bias', relative_num_buckets=32, relative_max_distance=64, sink_readout='additive', sink_identity=False, sink_zero_init=True, temperature_learnable=False, score_temperature=None))	stage2_qbyt/improve/U1-unfreeze-lr2e5	run_snapshots/lightning/exp/stage2_qbyt/improve/U1-unfreeze-lr2e5/version_0/hparams.yaml
exp__stage2_qbyt__improve__U1-unfreeze-lr2e5__checkpoints__U1-unfreeze-lr2e5__version_0__step_step-001500.ckpt	exp/stage2_qbyt/improve/U1-unfreeze-lr2e5/checkpoints/U1-unfreeze-lr2e5/version_0/step_step=001500.ckpt	41380136	04c7758854feeb4c514ce3c3139b6511a283a8cf4942e3138c77b8a60e9a5552	QbyTScoreSpec(version=4, value=QbyTReadoutConfig(mode='eps_softmin', temperature=1.0, sink_token=True, text_position='learned', audio_position='relative_bias', relative_num_buckets=32, relative_max_distance=64, sink_readout='additive', sink_identity=False, sink_zero_init=True, temperature_learnable=False, score_temperature=None))	stage2_qbyt/improve/U1-unfreeze-lr2e5	run_snapshots/lightning/exp/stage2_qbyt/improve/U1-unfreeze-lr2e5/version_0/hparams.yaml
exp__stage2_qbyt__improve__U1-unfreeze-lr2e5__checkpoints__U1-unfreeze-lr2e5__version_0__step_step-003000.ckpt	exp/stage2_qbyt/improve/U1-unfreeze-lr2e5/checkpoints/U1-unfreeze-lr2e5/version_0/step_step=003000.ckpt	41380583	51e0f8dd94fef8d73cf9d62cfb10ff0396d780152b824ca2edb3ab8b8ed3804e	QbyTScoreSpec(version=4, value=QbyTReadoutConfig(mode='eps_softmin', temperature=1.0, sink_token=True, text_position='learned', audio_position='relative_bias', relative_num_buckets=32, relative_max_distance=64, sink_readout='additive', sink_identity=False, sink_zero_init=True, temperature_learnable=False, score_temperature=None))	stage2_qbyt/improve/U1-unfreeze-lr2e5	run_snapshots/lightning/exp/stage2_qbyt/improve/U1-unfreeze-lr2e5/version_0/hparams.yaml
exp__stage2_qbyt__improve__U2-unfreeze-lr5e5__checkpoints__U2-unfreeze-lr5e5__version_0__last.ckpt	exp/stage2_qbyt/improve/U2-unfreeze-lr5e5/checkpoints/U2-unfreeze-lr5e5/version_0/last.ckpt	41380583	e39fce6909fa14d5fa5358cde3b971884ae085fd212a86af59aeb57e6e62cffc	QbyTScoreSpec(version=4, value=QbyTReadoutConfig(mode='eps_softmin', temperature=1.0, sink_token=True, text_position='learned', audio_position='relative_bias', relative_num_buckets=32, relative_max_distance=64, sink_readout='additive', sink_identity=False, sink_zero_init=True, temperature_learnable=False, score_temperature=None))	stage2_qbyt/improve/U2-unfreeze-lr5e5	run_snapshots/lightning/exp/stage2_qbyt/improve/U2-unfreeze-lr5e5/version_0/hparams.yaml
exp__stage2_qbyt__improve__U2-unfreeze-lr5e5__checkpoints__U2-unfreeze-lr5e5__version_0__stage2_step003000.pt	exp/stage2_qbyt/improve/U2-unfreeze-lr5e5/checkpoints/U2-unfreeze-lr5e5/version_0/stage2_step003000.pt	15546827	7fc91c15911fc8d10554a192a858ad938794b1fcc8d55379468cfe02b24abbfd	QbyTScoreSpec(version=4, value=QbyTReadoutConfig(mode='eps_softmin', temperature=1.0, sink_token=True, text_position='learned', audio_position='relative_bias', relative_num_buckets=32, relative_max_distance=64, sink_readout='additive', sink_identity=False, sink_zero_init=True, temperature_learnable=False, score_temperature=None))	stage2_qbyt/improve/U2-unfreeze-lr5e5	run_snapshots/lightning/exp/stage2_qbyt/improve/U2-unfreeze-lr5e5/version_0/hparams.yaml
exp__stage2_qbyt__improve__U2-unfreeze-lr5e5__checkpoints__U2-unfreeze-lr5e5__version_0__step_step-001500.ckpt	exp/stage2_qbyt/improve/U2-unfreeze-lr5e5/checkpoints/U2-unfreeze-lr5e5/version_0/step_step=001500.ckpt	41380136	eaf8efb0dda669d0942f552b51a1887baa422f45777ad380acfe873e2d01b0d4	QbyTScoreSpec(version=4, value=QbyTReadoutConfig(mode='eps_softmin', temperature=1.0, sink_token=True, text_position='learned', audio_position='relative_bias', relative_num_buckets=32, relative_max_distance=64, sink_readout='additive', sink_identity=False, sink_zero_init=True, temperature_learnable=False, score_temperature=None))	stage2_qbyt/improve/U2-unfreeze-lr5e5	run_snapshots/lightning/exp/stage2_qbyt/improve/U2-unfreeze-lr5e5/version_0/hparams.yaml
exp__stage2_qbyt__improve__U2-unfreeze-lr5e5__checkpoints__U2-unfreeze-lr5e5__version_0__step_step-003000.ckpt	exp/stage2_qbyt/improve/U2-unfreeze-lr5e5/checkpoints/U2-unfreeze-lr5e5/version_0/step_step=003000.ckpt	41380583	9c82f0e7019bd97e217e3d2a7a4040c32b3f971601854398ec2e21e17e0276d8	QbyTScoreSpec(version=4, value=QbyTReadoutConfig(mode='eps_softmin', temperature=1.0, sink_token=True, text_position='learned', audio_position='relative_bias', relative_num_buckets=32, relative_max_distance=64, sink_readout='additive', sink_identity=False, sink_zero_init=True, temperature_learnable=False, score_temperature=None))	stage2_qbyt/improve/U2-unfreeze-lr5e5	run_snapshots/lightning/exp/stage2_qbyt/improve/U2-unfreeze-lr5e5/version_0/hparams.yaml
exp__stage2_qbyt__sinkhead_stage2__SS-R1__checkpoints__SS-R1__version_0__last.ckpt	exp/stage2_qbyt/sinkhead_stage2/SS-R1/checkpoints/SS-R1/version_0/last.ckpt	15556291	661839ce0e0172c0c1253b8b198d06f3a40a465c58f7ef291553a4e7aa1ae84f	QbyTScoreSpec(version=4, value=QbyTReadoutConfig(mode='eps_softmin', temperature=1.0, sink_token=True, text_position='learned', audio_position='relative_bias', relative_num_buckets=32, relative_max_distance=64, sink_readout='additive', sink_identity=False, sink_zero_init=True, temperature_learnable=False, score_temperature=None))	stage2_qbyt/sinkhead_stage2/SS-R1	run_snapshots/lightning/exp/stage2_qbyt/sinkhead_stage2/SS-R1/version_0/hparams.yaml
exp__stage2_qbyt__sinkhead_stage2__SS-R1__checkpoints__SS-R1__version_0__stage2_step003000.pt	exp/stage2_qbyt/sinkhead_stage2/SS-R1/checkpoints/SS-R1/version_0/stage2_step003000.pt	15546827	8731b818a28672daf1269b987d6467ee7e02e911473ad1bb88cd59ed0df1a276	QbyTScoreSpec(version=4, value=QbyTReadoutConfig(mode='eps_softmin', temperature=1.0, sink_token=True, text_position='learned', audio_position='relative_bias', relative_num_buckets=32, relative_max_distance=64, sink_readout='additive', sink_identity=False, sink_zero_init=True, temperature_learnable=False, score_temperature=None))	stage2_qbyt/sinkhead_stage2/SS-R1	run_snapshots/lightning/exp/stage2_qbyt/sinkhead_stage2/SS-R1/version_0/hparams.yaml
exp__stage2_qbyt__sinkhead_stage2__SS-R1__checkpoints__SS-R1__version_0__stage2_step003000.pt.sinkfit.pt	exp/stage2_qbyt/sinkhead_stage2/SS-R1/checkpoints/SS-R1/version_0/stage2_step003000.pt.sinkfit.pt	15551219	f309bd20337ff08819932f6ac7f33c7ec59d3ea724b4804adfbc0c0b13b67db5	QbyTScoreSpec(version=4, value=QbyTReadoutConfig(mode='eps_softmin', temperature=1.0, sink_token=True, text_position='learned', audio_position='relative_bias', relative_num_buckets=32, relative_max_distance=64, sink_readout='additive', sink_identity=False, sink_zero_init=True, temperature_learnable=False, score_temperature=None))	stage2_qbyt/sinkhead_stage2/SS-R1	run_snapshots/lightning/exp/stage2_qbyt/sinkhead_stage2/SS-R1/version_0/hparams.yaml
exp__stage2_qbyt__sinkhead_stage2__SS-R1__checkpoints__SS-R1__version_0__step_step-001500.ckpt	exp/stage2_qbyt/sinkhead_stage2/SS-R1/checkpoints/SS-R1/version_0/step_step=001500.ckpt	15555909	d2639b056fe54cbe3e1e30f3785abcd7f4d7eab4b03ec786cb10b43aadabe5ea	QbyTScoreSpec(version=4, value=QbyTReadoutConfig(mode='eps_softmin', temperature=1.0, sink_token=True, text_position='learned', audio_position='relative_bias', relative_num_buckets=32, relative_max_distance=64, sink_readout='additive', sink_identity=False, sink_zero_init=True, temperature_learnable=False, score_temperature=None))	stage2_qbyt/sinkhead_stage2/SS-R1	run_snapshots/lightning/exp/stage2_qbyt/sinkhead_stage2/SS-R1/version_0/hparams.yaml
exp__stage2_qbyt__sinkhead_stage2__SS-R1__checkpoints__SS-R1__version_0__step_step-003000.ckpt	exp/stage2_qbyt/sinkhead_stage2/SS-R1/checkpoints/SS-R1/version_0/step_step=003000.ckpt	15556291	e2c1fe2b9c18d78b7eb9fb93c1a60e7cb142090305d3f158b286bd50a4742672	QbyTScoreSpec(version=4, value=QbyTReadoutConfig(mode='eps_softmin', temperature=1.0, sink_token=True, text_position='learned', audio_position='relative_bias', relative_num_buckets=32, relative_max_distance=64, sink_readout='additive', sink_identity=False, sink_zero_init=True, temperature_learnable=False, score_temperature=None))	stage2_qbyt/sinkhead_stage2/SS-R1	run_snapshots/lightning/exp/stage2_qbyt/sinkhead_stage2/SS-R1/version_0/hparams.yaml
exp__stage2_qbyt__sinkhead_stage2__SS-c1notail__checkpoints__SS-c1notail__version_0__last.ckpt	exp/stage2_qbyt/sinkhead_stage2/SS-c1notail/checkpoints/SS-c1notail/version_0/last.ckpt	15556419	77d363fa372afff027d426e08d734bc37069719990d13177802faefb71e33d17	QbyTScoreSpec(version=4, value=QbyTReadoutConfig(mode='eps_softmin', temperature=1.0, sink_token=True, text_position='learned', audio_position='relative_bias', relative_num_buckets=32, relative_max_distance=64, sink_readout='additive', sink_identity=False, sink_zero_init=True, temperature_learnable=False, score_temperature=None))	stage2_qbyt/sinkhead_stage2/SS-c1notail	run_snapshots/lightning/exp/stage2_qbyt/sinkhead_stage2/SS-c1notail/version_0/hparams.yaml
exp__stage2_qbyt__sinkhead_stage2__SS-c1notail__checkpoints__SS-c1notail__version_0__stage2_step001500.pt	exp/stage2_qbyt/sinkhead_stage2/SS-c1notail/checkpoints/SS-c1notail/version_0/stage2_step001500.pt	15546827	5019caa13e3846863cd7048022f6a17385e940e564cde87087525e3cdd46e940	QbyTScoreSpec(version=4, value=QbyTReadoutConfig(mode='eps_softmin', temperature=1.0, sink_token=True, text_position='learned', audio_position='relative_bias', relative_num_buckets=32, relative_max_distance=64, sink_readout='additive', sink_identity=False, sink_zero_init=True, temperature_learnable=False, score_temperature=None))	stage2_qbyt/sinkhead_stage2/SS-c1notail	run_snapshots/lightning/exp/stage2_qbyt/sinkhead_stage2/SS-c1notail/version_0/hparams.yaml
exp__stage2_qbyt__sinkhead_stage2__SS-c1notail__checkpoints__SS-c1notail__version_0__stage2_step001500.pt.sinkfit.pt	exp/stage2_qbyt/sinkhead_stage2/SS-c1notail/checkpoints/SS-c1notail/version_0/stage2_step001500.pt.sinkfit.pt	15551283	3c5ff609a85c683f1d36430e584bcf49d8afabbdac3428839d49c6e0f1f4eac7	QbyTScoreSpec(version=4, value=QbyTReadoutConfig(mode='eps_softmin', temperature=1.0, sink_token=True, text_position='learned', audio_position='relative_bias', relative_num_buckets=32, relative_max_distance=64, sink_readout='additive', sink_identity=False, sink_zero_init=True, temperature_learnable=False, score_temperature=None))	stage2_qbyt/sinkhead_stage2/SS-c1notail	run_snapshots/lightning/exp/stage2_qbyt/sinkhead_stage2/SS-c1notail/version_0/hparams.yaml
exp__stage2_qbyt__sinkhead_stage2__SS-c1notail__checkpoints__SS-c1notail__version_0__step_step-001500.ckpt	exp/stage2_qbyt/sinkhead_stage2/SS-c1notail/checkpoints/SS-c1notail/version_0/step_step=001500.ckpt	15555973	c0b6171d47ae6cc3f435240ee4bdd41fafcd1247f6f3db88437a4f9970760bf5	QbyTScoreSpec(version=4, value=QbyTReadoutConfig(mode='eps_softmin', temperature=1.0, sink_token=True, text_position='learned', audio_position='relative_bias', relative_num_buckets=32, relative_max_distance=64, sink_readout='additive', sink_identity=False, sink_zero_init=True, temperature_learnable=False, score_temperature=None))	stage2_qbyt/sinkhead_stage2/SS-c1notail	run_snapshots/lightning/exp/stage2_qbyt/sinkhead_stage2/SS-c1notail/version_0/hparams.yaml
exp__stage2_qbyt__sinkhead_stage2__SS-c1notail__checkpoints__SS-c1notail__version_0__step_step-003000.ckpt	exp/stage2_qbyt/sinkhead_stage2/SS-c1notail/checkpoints/SS-c1notail/version_0/step_step=003000.ckpt	15556419	c38c909bd39764e562f76fbc747d92f1aae4f785d07888b7f5cd45d0747aa57b	QbyTScoreSpec(version=4, value=QbyTReadoutConfig(mode='eps_softmin', temperature=1.0, sink_token=True, text_position='learned', audio_position='relative_bias', relative_num_buckets=32, relative_max_distance=64, sink_readout='additive', sink_identity=False, sink_zero_init=True, temperature_learnable=False, score_temperature=None))	stage2_qbyt/sinkhead_stage2/SS-c1notail	run_snapshots/lightning/exp/stage2_qbyt/sinkhead_stage2/SS-c1notail/version_0/hparams.yaml
exp__stage2_qbyt__sinkhead_stage2__SS-gsbase-fullctx__checkpoints__SS-gsbase-fullctx__version_0__last.ckpt	exp/stage2_qbyt/sinkhead_stage2/SS-gsbase-fullctx/checkpoints/SS-gsbase-fullctx/version_0/last.ckpt	15728515	93c27af3d4f91d845fa941066178028078da2fb95b14beea9e600652a620de36	QbyTScoreSpec(version=4, value=QbyTReadoutConfig(mode='eps_softmin', temperature=1.0, sink_token=True, text_position='learned', audio_position='relative_bias', relative_num_buckets=32, relative_max_distance=64, sink_readout='additive', sink_identity=False, sink_zero_init=True, temperature_learnable=False, score_temperature=None))	stage2_qbyt/sinkhead_stage2/SS-gsbase-fullctx	run_snapshots/lightning/exp/stage2_qbyt/sinkhead_stage2/SS-gsbase-fullctx/version_0/hparams.yaml
exp__stage2_qbyt__sinkhead_stage2__SS-gsbase-fullctx__checkpoints__SS-gsbase-fullctx__version_0__stage2_step001500.pt	exp/stage2_qbyt/sinkhead_stage2/SS-gsbase-fullctx/checkpoints/SS-gsbase-fullctx/version_0/stage2_step001500.pt	15718923	0994c2741474df8b738cc442f1b8b74ba2457be62497e4f8df5a1ab7d8b86ad5	QbyTScoreSpec(version=4, value=QbyTReadoutConfig(mode='eps_softmin', temperature=1.0, sink_token=True, text_position='learned', audio_position='relative_bias', relative_num_buckets=32, relative_max_distance=64, sink_readout='additive', sink_identity=False, sink_zero_init=True, temperature_learnable=False, score_temperature=None))	stage2_qbyt/sinkhead_stage2/SS-gsbase-fullctx	run_snapshots/lightning/exp/stage2_qbyt/sinkhead_stage2/SS-gsbase-fullctx/version_0/hparams.yaml
exp__stage2_qbyt__sinkhead_stage2__SS-gsbase-fullctx__checkpoints__SS-gsbase-fullctx__version_0__stage2_step001500_sinkfit.pt	exp/stage2_qbyt/sinkhead_stage2/SS-gsbase-fullctx/checkpoints/SS-gsbase-fullctx/version_0/stage2_step001500_sinkfit.pt	15722251	9e7067c91d87b4427aa21597a6fca8e69c7ce89b965ba5018fd678eaba6cf2bb	QbyTScoreSpec(version=4, value=QbyTReadoutConfig(mode='eps_softmin', temperature=1.0, sink_token=True, text_position='learned', audio_position='relative_bias', relative_num_buckets=32, relative_max_distance=64, sink_readout='additive', sink_identity=False, sink_zero_init=True, temperature_learnable=False, score_temperature=None))	stage2_qbyt/sinkhead_stage2/SS-gsbase-fullctx	run_snapshots/lightning/exp/stage2_qbyt/sinkhead_stage2/SS-gsbase-fullctx/version_0/hparams.yaml
exp__stage2_qbyt__sinkhead_stage2__SS-gsbase-fullctx__checkpoints__SS-gsbase-fullctx__version_0__step_step-001500.ckpt	exp/stage2_qbyt/sinkhead_stage2/SS-gsbase-fullctx/checkpoints/SS-gsbase-fullctx/version_0/step_step=001500.ckpt	15728133	87f2fbd5c01e976df338d3f1e0b98546574170acecf73b662b5cc91bb0370d48	QbyTScoreSpec(version=4, value=QbyTReadoutConfig(mode='eps_softmin', temperature=1.0, sink_token=True, text_position='learned', audio_position='relative_bias', relative_num_buckets=32, relative_max_distance=64, sink_readout='additive', sink_identity=False, sink_zero_init=True, temperature_learnable=False, score_temperature=None))	stage2_qbyt/sinkhead_stage2/SS-gsbase-fullctx	run_snapshots/lightning/exp/stage2_qbyt/sinkhead_stage2/SS-gsbase-fullctx/version_0/hparams.yaml
exp__stage2_qbyt__sinkhead_stage2__SS-gsbase-fullctx__checkpoints__SS-gsbase-fullctx__version_0__step_step-003000.ckpt	exp/stage2_qbyt/sinkhead_stage2/SS-gsbase-fullctx/checkpoints/SS-gsbase-fullctx/version_0/step_step=003000.ckpt	15728515	b1a10eeccaa6c5931fe4eb4c184b6fa49ef746a6dde692b41b7e144173550df5	QbyTScoreSpec(version=4, value=QbyTReadoutConfig(mode='eps_softmin', temperature=1.0, sink_token=True, text_position='learned', audio_position='relative_bias', relative_num_buckets=32, relative_max_distance=64, sink_readout='additive', sink_identity=False, sink_zero_init=True, temperature_learnable=False, score_temperature=None))	stage2_qbyt/sinkhead_stage2/SS-gsbase-fullctx	run_snapshots/lightning/exp/stage2_qbyt/sinkhead_stage2/SS-gsbase-fullctx/version_0/hparams.yaml
exp__stage2_qbyt__sinkhead_stage2__SS-gsbase-stream__checkpoints__SS-gsbase-stream__version_0__last.ckpt	exp/stage2_qbyt/sinkhead_stage2/SS-gsbase-stream/checkpoints/SS-gsbase-stream/version_0/last.ckpt	15728515	633b98d285886da45d854df888a3454ce63379efed392e2eff53b023bc463981	QbyTScoreSpec(version=4, value=QbyTReadoutConfig(mode='eps_softmin', temperature=1.0, sink_token=True, text_position='learned', audio_position='relative_bias', relative_num_buckets=32, relative_max_distance=64, sink_readout='additive', sink_identity=False, sink_zero_init=True, temperature_learnable=False, score_temperature=None))	stage2_qbyt/sinkhead_stage2/SS-gsbase-stream	run_snapshots/lightning/exp/stage2_qbyt/sinkhead_stage2/SS-gsbase-stream/version_0/hparams.yaml
exp__stage2_qbyt__sinkhead_stage2__SS-gsbase-stream__checkpoints__SS-gsbase-stream__version_0__stage2_step003000.pt	exp/stage2_qbyt/sinkhead_stage2/SS-gsbase-stream/checkpoints/SS-gsbase-stream/version_0/stage2_step003000.pt	15718923	6a7c661330d1438a809faff06afe87315f0818f21c672e796889ad7f05a2e029	QbyTScoreSpec(version=4, value=QbyTReadoutConfig(mode='eps_softmin', temperature=1.0, sink_token=True, text_position='learned', audio_position='relative_bias', relative_num_buckets=32, relative_max_distance=64, sink_readout='additive', sink_identity=False, sink_zero_init=True, temperature_learnable=False, score_temperature=None))	stage2_qbyt/sinkhead_stage2/SS-gsbase-stream	run_snapshots/lightning/exp/stage2_qbyt/sinkhead_stage2/SS-gsbase-stream/version_0/hparams.yaml
exp__stage2_qbyt__sinkhead_stage2__SS-gsbase-stream__checkpoints__SS-gsbase-stream__version_0__stage2_step003000_sinkfit.pt	exp/stage2_qbyt/sinkhead_stage2/SS-gsbase-stream/checkpoints/SS-gsbase-stream/version_0/stage2_step003000_sinkfit.pt	15722187	462267d93be50ceb5d79f5bde3baa958efb9f09a815502a00e5a0e0ef1bbdc92	QbyTScoreSpec(version=4, value=QbyTReadoutConfig(mode='eps_softmin', temperature=1.0, sink_token=True, text_position='learned', audio_position='relative_bias', relative_num_buckets=32, relative_max_distance=64, sink_readout='additive', sink_identity=False, sink_zero_init=True, temperature_learnable=False, score_temperature=None))	stage2_qbyt/sinkhead_stage2/SS-gsbase-stream	run_snapshots/lightning/exp/stage2_qbyt/sinkhead_stage2/SS-gsbase-stream/version_0/hparams.yaml
exp__stage2_qbyt__sinkhead_stage2__SS-gsbase-stream__checkpoints__SS-gsbase-stream__version_0__step_step-001500.ckpt	exp/stage2_qbyt/sinkhead_stage2/SS-gsbase-stream/checkpoints/SS-gsbase-stream/version_0/step_step=001500.ckpt	15728069	eec159dc9cb862b41f5209452bb704b1b25718fd323bebe17fd643988bd8fecd	QbyTScoreSpec(version=4, value=QbyTReadoutConfig(mode='eps_softmin', temperature=1.0, sink_token=True, text_position='learned', audio_position='relative_bias', relative_num_buckets=32, relative_max_distance=64, sink_readout='additive', sink_identity=False, sink_zero_init=True, temperature_learnable=False, score_temperature=None))	stage2_qbyt/sinkhead_stage2/SS-gsbase-stream	run_snapshots/lightning/exp/stage2_qbyt/sinkhead_stage2/SS-gsbase-stream/version_0/hparams.yaml
exp__stage2_qbyt__sinkhead_stage2__SS-gsbase-stream__checkpoints__SS-gsbase-stream__version_0__step_step-003000.ckpt	exp/stage2_qbyt/sinkhead_stage2/SS-gsbase-stream/checkpoints/SS-gsbase-stream/version_0/step_step=003000.ckpt	15728515	6d8da63e7ee964c98c772e89ca43dc80940f5e198d2a9c0e41d85cffabf6cc1a	QbyTScoreSpec(version=4, value=QbyTReadoutConfig(mode='eps_softmin', temperature=1.0, sink_token=True, text_position='learned', audio_position='relative_bias', relative_num_buckets=32, relative_max_distance=64, sink_readout='additive', sink_identity=False, sink_zero_init=True, temperature_learnable=False, score_temperature=None))	stage2_qbyt/sinkhead_stage2/SS-gsbase-stream	run_snapshots/lightning/exp/stage2_qbyt/sinkhead_stage2/SS-gsbase-stream/version_0/hparams.yaml
exp__stage2_qbyt__sinkhead_stage2__SS-gsfinetune__checkpoints__SS-gsfinetune__version_0__last.ckpt	exp/stage2_qbyt/sinkhead_stage2/SS-gsfinetune/checkpoints/SS-gsfinetune/version_0/last.ckpt	15728451	8dc553743ea045e09681e4749ae42a4ae83aa3294a6166615fef2a48a5bda9c2	QbyTScoreSpec(version=4, value=QbyTReadoutConfig(mode='eps_softmin', temperature=1.0, sink_token=True, text_position='learned', audio_position='relative_bias', relative_num_buckets=32, relative_max_distance=64, sink_readout='additive', sink_identity=False, sink_zero_init=True, temperature_learnable=False, score_temperature=None))	stage2_qbyt/sinkhead_stage2/SS-gsfinetune	run_snapshots/lightning/exp/stage2_qbyt/sinkhead_stage2/SS-gsfinetune/version_0/hparams.yaml
exp__stage2_qbyt__sinkhead_stage2__SS-gsfinetune__checkpoints__SS-gsfinetune__version_0__stage2_step001500.pt	exp/stage2_qbyt/sinkhead_stage2/SS-gsfinetune/checkpoints/SS-gsfinetune/version_0/stage2_step001500.pt	15718859	76e64aec740743c5c3123a8adff05e99df5a0f4017f25b7c0176af6201332be4	QbyTScoreSpec(version=4, value=QbyTReadoutConfig(mode='eps_softmin', temperature=1.0, sink_token=True, text_position='learned', audio_position='relative_bias', relative_num_buckets=32, relative_max_distance=64, sink_readout='additive', sink_identity=False, sink_zero_init=True, temperature_learnable=False, score_temperature=None))	stage2_qbyt/sinkhead_stage2/SS-gsfinetune	run_snapshots/lightning/exp/stage2_qbyt/sinkhead_stage2/SS-gsfinetune/version_0/hparams.yaml
exp__stage2_qbyt__sinkhead_stage2__SS-gsfinetune__checkpoints__SS-gsfinetune__version_0__stage2_step001500_sinkfit.pt	exp/stage2_qbyt/sinkhead_stage2/SS-gsfinetune/checkpoints/SS-gsfinetune/version_0/stage2_step001500_sinkfit.pt	15722187	c863a92f22b4be8f8debd568e6c1a827bb2bebd2c184eaa3788a2e40d162131c	QbyTScoreSpec(version=4, value=QbyTReadoutConfig(mode='eps_softmin', temperature=1.0, sink_token=True, text_position='learned', audio_position='relative_bias', relative_num_buckets=32, relative_max_distance=64, sink_readout='additive', sink_identity=False, sink_zero_init=True, temperature_learnable=False, score_temperature=None))	stage2_qbyt/sinkhead_stage2/SS-gsfinetune	run_snapshots/lightning/exp/stage2_qbyt/sinkhead_stage2/SS-gsfinetune/version_0/hparams.yaml
exp__stage2_qbyt__sinkhead_stage2__SS-gsfinetune__checkpoints__SS-gsfinetune__version_0__step_step-001500.ckpt	exp/stage2_qbyt/sinkhead_stage2/SS-gsfinetune/checkpoints/SS-gsfinetune/version_0/step_step=001500.ckpt	15728069	d11c46cb747337249fd2174e776afc3a4e2f0dbaa9c1b4272f1cc2bb2fef4a26	QbyTScoreSpec(version=4, value=QbyTReadoutConfig(mode='eps_softmin', temperature=1.0, sink_token=True, text_position='learned', audio_position='relative_bias', relative_num_buckets=32, relative_max_distance=64, sink_readout='additive', sink_identity=False, sink_zero_init=True, temperature_learnable=False, score_temperature=None))	stage2_qbyt/sinkhead_stage2/SS-gsfinetune	run_snapshots/lightning/exp/stage2_qbyt/sinkhead_stage2/SS-gsfinetune/version_0/hparams.yaml
exp__stage2_qbyt__sinkhead_stage2__SS-gsfinetune__checkpoints__SS-gsfinetune__version_0__step_step-003000.ckpt	exp/stage2_qbyt/sinkhead_stage2/SS-gsfinetune/checkpoints/SS-gsfinetune/version_0/step_step=003000.ckpt	15728451	f7dc24b2ed4b7d5c6a756fd3ae48d95dc506c61970782ba71ccb022006a00afc	QbyTScoreSpec(version=4, value=QbyTReadoutConfig(mode='eps_softmin', temperature=1.0, sink_token=True, text_position='learned', audio_position='relative_bias', relative_num_buckets=32, relative_max_distance=64, sink_readout='additive', sink_identity=False, sink_zero_init=True, temperature_learnable=False, score_temperature=None))	stage2_qbyt/sinkhead_stage2/SS-gsfinetune	run_snapshots/lightning/exp/stage2_qbyt/sinkhead_stage2/SS-gsfinetune/version_0/hparams.yaml
exp__stage2_qbyt__sinkhead_stage2__SS-paperstage1__checkpoints__SS-paperstage1__version_0__last.ckpt	exp/stage2_qbyt/sinkhead_stage2/SS-paperstage1/checkpoints/SS-paperstage1/version_0/last.ckpt	21744543	b1698e0422d070a32eb22f023f81f67de4ca269b1ef13709f41326ab8c3e7e4a	QbyTScoreSpec(version=4, value=QbyTReadoutConfig(mode='eps_softmin', temperature=1.0, sink_token=True, text_position='learned', audio_position='relative_bias', relative_num_buckets=32, relative_max_distance=64, sink_readout='additive', sink_identity=False, sink_zero_init=True, temperature_learnable=False, score_temperature=None))	stage2_qbyt/sinkhead_stage2/SS-paperstage1	run_snapshots/lightning/exp/stage2_qbyt/sinkhead_stage2/SS-paperstage1/version_0/hparams.yaml
exp__stage2_qbyt__sinkhead_stage2__SS-paperstage1__checkpoints__SS-paperstage1__version_0__stage2_step003000.pt	exp/stage2_qbyt/sinkhead_stage2/SS-paperstage1/checkpoints/SS-paperstage1/version_0/stage2_step003000.pt	21735451	091c76d20524900a9c8ab2efd769b7a178842133455426b3bed3857554e10c9f	QbyTScoreSpec(version=4, value=QbyTReadoutConfig(mode='eps_softmin', temperature=1.0, sink_token=True, text_position='learned', audio_position='relative_bias', relative_num_buckets=32, relative_max_distance=64, sink_readout='additive', sink_identity=False, sink_zero_init=True, temperature_learnable=False, score_temperature=None))	stage2_qbyt/sinkhead_stage2/SS-paperstage1	run_snapshots/lightning/exp/stage2_qbyt/sinkhead_stage2/SS-paperstage1/version_0/hparams.yaml
exp__stage2_qbyt__sinkhead_stage2__SS-paperstage1__checkpoints__SS-paperstage1__version_0__stage2_step003000.pt.sinkfit.pt	exp/stage2_qbyt/sinkhead_stage2/SS-paperstage1/checkpoints/SS-paperstage1/version_0/stage2_step003000.pt.sinkfit.pt	21738985	d2514502b8bd6f607a1bd0739dfd5e21c2b8c117a2b0cfc6d213ba474776be73	QbyTScoreSpec(version=4, value=QbyTReadoutConfig(mode='eps_softmin', temperature=1.0, sink_token=True, text_position='learned', audio_position='relative_bias', relative_num_buckets=32, relative_max_distance=64, sink_readout='additive', sink_identity=False, sink_zero_init=True, temperature_learnable=False, score_temperature=None))	stage2_qbyt/sinkhead_stage2/SS-paperstage1	run_snapshots/lightning/exp/stage2_qbyt/sinkhead_stage2/SS-paperstage1/version_0/hparams.yaml
exp__stage2_qbyt__sinkhead_stage2__SS-paperstage1__checkpoints__SS-paperstage1__version_0__step_step-001500.ckpt	exp/stage2_qbyt/sinkhead_stage2/SS-paperstage1/checkpoints/SS-paperstage1/version_0/step_step=001500.ckpt	21744161	310fa07a855869375f2d024ee25481f607a44b2758c02a627f19f18af6aaa039	QbyTScoreSpec(version=4, value=QbyTReadoutConfig(mode='eps_softmin', temperature=1.0, sink_token=True, text_position='learned', audio_position='relative_bias', relative_num_buckets=32, relative_max_distance=64, sink_readout='additive', sink_identity=False, sink_zero_init=True, temperature_learnable=False, score_temperature=None))	stage2_qbyt/sinkhead_stage2/SS-paperstage1	run_snapshots/lightning/exp/stage2_qbyt/sinkhead_stage2/SS-paperstage1/version_0/hparams.yaml
exp__stage2_qbyt__sinkhead_stage2__SS-paperstage1__checkpoints__SS-paperstage1__version_0__step_step-003000.ckpt	exp/stage2_qbyt/sinkhead_stage2/SS-paperstage1/checkpoints/SS-paperstage1/version_0/step_step=003000.ckpt	21744543	4ea1e8ed56ce258c447381e78010ef510381f51a1fea54a24330f6eb1b64db44	QbyTScoreSpec(version=4, value=QbyTReadoutConfig(mode='eps_softmin', temperature=1.0, sink_token=True, text_position='learned', audio_position='relative_bias', relative_num_buckets=32, relative_max_distance=64, sink_readout='additive', sink_identity=False, sink_zero_init=True, temperature_learnable=False, score_temperature=None))	stage2_qbyt/sinkhead_stage2/SS-paperstage1	run_snapshots/lightning/exp/stage2_qbyt/sinkhead_stage2/SS-paperstage1/version_0/hparams.yaml
exp__stage2_qbyt__sinkhead_stage2__SS-zh-en__checkpoints__SS-zh-en__version_0__last.ckpt	exp/stage2_qbyt/sinkhead_stage2/SS-zh-en/checkpoints/SS-zh-en/version_0/last.ckpt	15556355	829904316e295a005eaeb7a083e898d61977377a024221f20e4963a437a6c84d	QbyTScoreSpec(version=4, value=QbyTReadoutConfig(mode='eps_softmin', temperature=1.0, sink_token=True, text_position='learned', audio_position='relative_bias', relative_num_buckets=32, relative_max_distance=64, sink_readout='additive', sink_identity=False, sink_zero_init=True, temperature_learnable=False, score_temperature=None))	stage2_qbyt/sinkhead_stage2/SS-zh-en	run_snapshots/lightning/exp/stage2_qbyt/sinkhead_stage2/SS-zh-en/version_0/hparams.yaml
exp__stage2_qbyt__sinkhead_stage2__SS-zh-en__checkpoints__SS-zh-en__version_0__stage2_step003000.pt	exp/stage2_qbyt/sinkhead_stage2/SS-zh-en/checkpoints/SS-zh-en/version_0/stage2_step003000.pt	15546827	ce8f0facb446ebdb7adc204221528c58fbcb35899e5aec20b39188b9f1a4a2fe	QbyTScoreSpec(version=4, value=QbyTReadoutConfig(mode='eps_softmin', temperature=1.0, sink_token=True, text_position='learned', audio_position='relative_bias', relative_num_buckets=32, relative_max_distance=64, sink_readout='additive', sink_identity=False, sink_zero_init=True, temperature_learnable=False, score_temperature=None))	stage2_qbyt/sinkhead_stage2/SS-zh-en	run_snapshots/lightning/exp/stage2_qbyt/sinkhead_stage2/SS-zh-en/version_0/hparams.yaml
exp__stage2_qbyt__sinkhead_stage2__SS-zh-en__checkpoints__SS-zh-en__version_0__stage2_step003000_sinkfit.pt	exp/stage2_qbyt/sinkhead_stage2/SS-zh-en/checkpoints/SS-zh-en/version_0/stage2_step003000_sinkfit.pt	15550091	22818e1872c3cb1fcc1978defd6ad98939a73a04b001b2178b9bf26ba2af4514	QbyTScoreSpec(version=4, value=QbyTReadoutConfig(mode='eps_softmin', temperature=1.0, sink_token=True, text_position='learned', audio_position='relative_bias', relative_num_buckets=32, relative_max_distance=64, sink_readout='additive', sink_identity=False, sink_zero_init=True, temperature_learnable=False, score_temperature=None))	stage2_qbyt/sinkhead_stage2/SS-zh-en	run_snapshots/lightning/exp/stage2_qbyt/sinkhead_stage2/SS-zh-en/version_0/hparams.yaml
exp__stage2_qbyt__sinkhead_stage2__SS-zh-en__checkpoints__SS-zh-en__version_0__step_step-001500.ckpt	exp/stage2_qbyt/sinkhead_stage2/SS-zh-en/checkpoints/SS-zh-en/version_0/step_step=001500.ckpt	15555909	826e84db4e9f4f631576bb470c5d357ee6d1d27eebd91e0d137b26381b90d2ad	QbyTScoreSpec(version=4, value=QbyTReadoutConfig(mode='eps_softmin', temperature=1.0, sink_token=True, text_position='learned', audio_position='relative_bias', relative_num_buckets=32, relative_max_distance=64, sink_readout='additive', sink_identity=False, sink_zero_init=True, temperature_learnable=False, score_temperature=None))	stage2_qbyt/sinkhead_stage2/SS-zh-en	run_snapshots/lightning/exp/stage2_qbyt/sinkhead_stage2/SS-zh-en/version_0/hparams.yaml
exp__stage2_qbyt__sinkhead_stage2__SS-zh-en__checkpoints__SS-zh-en__version_0__step_step-003000.ckpt	exp/stage2_qbyt/sinkhead_stage2/SS-zh-en/checkpoints/SS-zh-en/version_0/step_step=003000.ckpt	15556355	595343cc30aaae4610da78926b431eebde5976265fc515f96df393a96c5158b1	QbyTScoreSpec(version=4, value=QbyTReadoutConfig(mode='eps_softmin', temperature=1.0, sink_token=True, text_position='learned', audio_position='relative_bias', relative_num_buckets=32, relative_max_distance=64, sink_readout='additive', sink_identity=False, sink_zero_init=True, temperature_learnable=False, score_temperature=None))	stage2_qbyt/sinkhead_stage2/SS-zh-en	run_snapshots/lightning/exp/stage2_qbyt/sinkhead_stage2/SS-zh-en/version_0/hparams.yaml
exp__stage2_qbyt__sinkloss_ab__E1-cvar-off__checkpoints__E1-cvar-off__version_0__last.ckpt	exp/stage2_qbyt/sinkloss_ab/E1-cvar-off/checkpoints/E1-cvar-off/version_0/last.ckpt	19101415	074b692e022bb69d61d52a321a5c8cbf26641b9ce8847d4aa29c5c9a04fa526e	QbyTScoreSpec(version=4, value=QbyTReadoutConfig(mode='eps_softmin', temperature=1.0, sink_token=True, text_position='learned', audio_position='relative_bias', relative_num_buckets=32, relative_max_distance=64, sink_readout='additive', sink_identity=False, sink_zero_init=True, temperature_learnable=False, score_temperature=None))	stage2_qbyt/sinkloss_ab/E1-cvar-off	run_snapshots/lightning/exp/stage2_qbyt/sinkloss_ab/E1-cvar-off/version_0/hparams.yaml
exp__stage2_qbyt__sinkloss_ab__E1-cvar-off__checkpoints__E1-cvar-off__version_0__stage2_step002000.pt	exp/stage2_qbyt/sinkloss_ab/E1-cvar-off/checkpoints/E1-cvar-off/version_0/stage2_step002000.pt	15546763	a381b58ac04fe10251e5727c94721412086ba8c99ccc1bb2ac9968234b3925fb	QbyTScoreSpec(version=4, value=QbyTReadoutConfig(mode='eps_softmin', temperature=1.0, sink_token=True, text_position='learned', audio_position='relative_bias', relative_num_buckets=32, relative_max_distance=64, sink_readout='additive', sink_identity=False, sink_zero_init=True, temperature_learnable=False, score_temperature=None))	stage2_qbyt/sinkloss_ab/E1-cvar-off	run_snapshots/lightning/exp/stage2_qbyt/sinkloss_ab/E1-cvar-off/version_0/hparams.yaml
exp__stage2_qbyt__sinkloss_ab__E1-cvar-off__checkpoints__E1-cvar-off__version_0__step_step-002000.ckpt	exp/stage2_qbyt/sinkloss_ab/E1-cvar-off/checkpoints/E1-cvar-off/version_0/step_step=002000.ckpt	19101415	5a1dec0afd8f499aaf87698dd47e73e3b6a5e548c086d488a3fe5e69aed07a87	QbyTScoreSpec(version=4, value=QbyTReadoutConfig(mode='eps_softmin', temperature=1.0, sink_token=True, text_position='learned', audio_position='relative_bias', relative_num_buckets=32, relative_max_distance=64, sink_readout='additive', sink_identity=False, sink_zero_init=True, temperature_learnable=False, score_temperature=None))	stage2_qbyt/sinkloss_ab/E1-cvar-off	run_snapshots/lightning/exp/stage2_qbyt/sinkloss_ab/E1-cvar-off/version_0/hparams.yaml
exp__stage2_qbyt__sinkloss_ab__S0-control__checkpoints__S0-control__version_0__last.ckpt	exp/stage2_qbyt/sinkloss_ab/S0-control/checkpoints/S0-control/version_0/last.ckpt	19101097	7c1c2d265ea7647a038fbaa0af913fcbef78061c09c5a768c08bab5fea8ccc19	QbyTScoreSpec(version=4, value=QbyTReadoutConfig(mode='eps_softmin', temperature=1.0, sink_token=True, text_position='learned', audio_position='relative_bias', relative_num_buckets=32, relative_max_distance=64, sink_readout='additive', sink_identity=False, sink_zero_init=True, temperature_learnable=False, score_temperature=None))	stage2_qbyt/sinkloss_ab/S0-control	run_snapshots/lightning/exp/stage2_qbyt/sinkloss_ab/S0-control/version_0/hparams.yaml
exp__stage2_qbyt__sinkloss_ab__S0-control__checkpoints__S0-control__version_0__stage2_step002000.pt	exp/stage2_qbyt/sinkloss_ab/S0-control/checkpoints/S0-control/version_0/stage2_step002000.pt	15546763	1eed1283738a02237153117cf92698a8454d9fb46feb97d9f89eeccd3e2641b8	QbyTScoreSpec(version=4, value=QbyTReadoutConfig(mode='eps_softmin', temperature=1.0, sink_token=True, text_position='learned', audio_position='relative_bias', relative_num_buckets=32, relative_max_distance=64, sink_readout='additive', sink_identity=False, sink_zero_init=True, temperature_learnable=False, score_temperature=None))	stage2_qbyt/sinkloss_ab/S0-control	run_snapshots/lightning/exp/stage2_qbyt/sinkloss_ab/S0-control/version_0/hparams.yaml
exp__stage2_qbyt__sinkloss_ab__S0-control__checkpoints__S0-control__version_0__step_step-002000.ckpt	exp/stage2_qbyt/sinkloss_ab/S0-control/checkpoints/S0-control/version_0/step_step=002000.ckpt	19101097	b88026e42b8329ea0b8ec4f571853d674df26bfe613528c0e1ea3ceb68c1f67f	QbyTScoreSpec(version=4, value=QbyTReadoutConfig(mode='eps_softmin', temperature=1.0, sink_token=True, text_position='learned', audio_position='relative_bias', relative_num_buckets=32, relative_max_distance=64, sink_readout='additive', sink_identity=False, sink_zero_init=True, temperature_learnable=False, score_temperature=None))	stage2_qbyt/sinkloss_ab/S0-control	run_snapshots/lightning/exp/stage2_qbyt/sinkloss_ab/S0-control/version_0/hparams.yaml
exp__stage2_qbyt__sinkloss_ab__S1-bce-0p25__checkpoints__S1-bce-0p25__version_0__last.ckpt	exp/stage2_qbyt/sinkloss_ab/S1-bce-0p25/checkpoints/S1-bce-0p25/version_0/last.ckpt	19101161	b41f163c5239755b448f698a1b8b47b0211034bc39d473a8ef6532bc7dbf94c5	QbyTScoreSpec(version=4, value=QbyTReadoutConfig(mode='eps_softmin', temperature=1.0, sink_token=True, text_position='learned', audio_position='relative_bias', relative_num_buckets=32, relative_max_distance=64, sink_readout='additive', sink_identity=False, sink_zero_init=True, temperature_learnable=False, score_temperature=None))	stage2_qbyt/sinkloss_ab/S1-bce-0p25	run_snapshots/lightning/exp/stage2_qbyt/sinkloss_ab/S1-bce-0p25/version_0/hparams.yaml
exp__stage2_qbyt__sinkloss_ab__S1-bce-0p25__checkpoints__S1-bce-0p25__version_0__stage2_step002000.pt	exp/stage2_qbyt/sinkloss_ab/S1-bce-0p25/checkpoints/S1-bce-0p25/version_0/stage2_step002000.pt	15546763	86fc63db001b2f954cd983832ee562a53f73864310bbd983cb4f24b494feac14	QbyTScoreSpec(version=4, value=QbyTReadoutConfig(mode='eps_softmin', temperature=1.0, sink_token=True, text_position='learned', audio_position='relative_bias', relative_num_buckets=32, relative_max_distance=64, sink_readout='additive', sink_identity=False, sink_zero_init=True, temperature_learnable=False, score_temperature=None))	stage2_qbyt/sinkloss_ab/S1-bce-0p25	run_snapshots/lightning/exp/stage2_qbyt/sinkloss_ab/S1-bce-0p25/version_0/hparams.yaml
exp__stage2_qbyt__sinkloss_ab__S1-bce-0p25__checkpoints__S1-bce-0p25__version_0__step_step-002000.ckpt	exp/stage2_qbyt/sinkloss_ab/S1-bce-0p25/checkpoints/S1-bce-0p25/version_0/step_step=002000.ckpt	19101161	5ffeca4794bac22b6b2fee90b5621b7ddb603e477c8687e266eeef18797f5c19	QbyTScoreSpec(version=4, value=QbyTReadoutConfig(mode='eps_softmin', temperature=1.0, sink_token=True, text_position='learned', audio_position='relative_bias', relative_num_buckets=32, relative_max_distance=64, sink_readout='additive', sink_identity=False, sink_zero_init=True, temperature_learnable=False, score_temperature=None))	stage2_qbyt/sinkloss_ab/S1-bce-0p25	run_snapshots/lightning/exp/stage2_qbyt/sinkloss_ab/S1-bce-0p25/version_0/hparams.yaml
exp__stage2_qbyt__sinkloss_ab__S2-bce-0p5__checkpoints__S2-bce-0p5__version_0__last.ckpt	exp/stage2_qbyt/sinkloss_ab/S2-bce-0p5/checkpoints/S2-bce-0p5/version_0/last.ckpt	19101097	f379c9e7415e058c6b0aae0ad04169795f69a97dc13f8be4bb50ab2f83897f8b	QbyTScoreSpec(version=4, value=QbyTReadoutConfig(mode='eps_softmin', temperature=1.0, sink_token=True, text_position='learned', audio_position='relative_bias', relative_num_buckets=32, relative_max_distance=64, sink_readout='additive', sink_identity=False, sink_zero_init=True, temperature_learnable=False, score_temperature=None))	stage2_qbyt/sinkloss_ab/S2-bce-0p5	run_snapshots/lightning/exp/stage2_qbyt/sinkloss_ab/S2-bce-0p5/version_0/hparams.yaml
exp__stage2_qbyt__sinkloss_ab__S2-bce-0p5__checkpoints__S2-bce-0p5__version_0__stage2_step002000.pt	exp/stage2_qbyt/sinkloss_ab/S2-bce-0p5/checkpoints/S2-bce-0p5/version_0/stage2_step002000.pt	15546763	e6531fe75a5c107fc3a791746fd923bebc47de88b96a26b85aecde4a917241cf	QbyTScoreSpec(version=4, value=QbyTReadoutConfig(mode='eps_softmin', temperature=1.0, sink_token=True, text_position='learned', audio_position='relative_bias', relative_num_buckets=32, relative_max_distance=64, sink_readout='additive', sink_identity=False, sink_zero_init=True, temperature_learnable=False, score_temperature=None))	stage2_qbyt/sinkloss_ab/S2-bce-0p5	run_snapshots/lightning/exp/stage2_qbyt/sinkloss_ab/S2-bce-0p5/version_0/hparams.yaml
exp__stage2_qbyt__sinkloss_ab__S2-bce-0p5__checkpoints__S2-bce-0p5__version_0__step_step-002000.ckpt	exp/stage2_qbyt/sinkloss_ab/S2-bce-0p5/checkpoints/S2-bce-0p5/version_0/step_step=002000.ckpt	19101097	9a7882b3141784047f950f7228c9d2bbec97e86b46743d53fa4caeb45abca7fd	QbyTScoreSpec(version=4, value=QbyTReadoutConfig(mode='eps_softmin', temperature=1.0, sink_token=True, text_position='learned', audio_position='relative_bias', relative_num_buckets=32, relative_max_distance=64, sink_readout='additive', sink_identity=False, sink_zero_init=True, temperature_learnable=False, score_temperature=None))	stage2_qbyt/sinkloss_ab/S2-bce-0p5	run_snapshots/lightning/exp/stage2_qbyt/sinkloss_ab/S2-bce-0p5/version_0/hparams.yaml
exp__stage2_qbyt__v42_encoders__V42-gsbase-fullctx__checkpoints__V42-gsbase-fullctx__version_0__last.ckpt	exp/stage2_qbyt/v42_encoders/V42-gsbase-fullctx/checkpoints/V42-gsbase-fullctx/version_0/last.ckpt	19272617	8948050d1c6de9678bb3888ad92cc91b9872bd389be3a54d16d212190240132c	QbyTScoreSpec(version=4, value=QbyTReadoutConfig(mode='eps_softmin', temperature=1.0, sink_token=True, text_position='learned', audio_position='relative_bias', relative_num_buckets=32, relative_max_distance=64, sink_readout='additive', sink_identity=False, sink_zero_init=True, temperature_learnable=False, score_temperature=None))	stage2_qbyt/v42_encoders/V42-gsbase-fullctx	run_snapshots/lightning/exp/stage2_qbyt/v42_encoders/V42-gsbase-fullctx/version_0/hparams.yaml
exp__stage2_qbyt__v42_encoders__V42-gsbase-stream__checkpoints__V42-gsbase-stream__version_0__last.ckpt	exp/stage2_qbyt/v42_encoders/V42-gsbase-stream/checkpoints/V42-gsbase-stream/version_0/last.ckpt	19272617	044f7bda0e44daf08a8290f9a47ff051bc5896f5f8ed08b545ff0d444c334cb1	QbyTScoreSpec(version=4, value=QbyTReadoutConfig(mode='eps_softmin', temperature=1.0, sink_token=True, text_position='learned', audio_position='relative_bias', relative_num_buckets=32, relative_max_distance=64, sink_readout='additive', sink_identity=False, sink_zero_init=True, temperature_learnable=False, score_temperature=None))	stage2_qbyt/v42_encoders/V42-gsbase-stream	run_snapshots/lightning/exp/stage2_qbyt/v42_encoders/V42-gsbase-stream/version_0/hparams.yaml
exp__stage2_qbyt__v42_encoders__V42-gsfinetune__checkpoints__V42-gsfinetune__version_0__last.ckpt	exp/stage2_qbyt/v42_encoders/V42-gsfinetune/checkpoints/V42-gsfinetune/version_0/last.ckpt	19272617	ad5782433fb3cd5a86889e2d930ab37fad3f11bcef60eca0755f39fe572efeaf	QbyTScoreSpec(version=4, value=QbyTReadoutConfig(mode='eps_softmin', temperature=1.0, sink_token=True, text_position='learned', audio_position='relative_bias', relative_num_buckets=32, relative_max_distance=64, sink_readout='additive', sink_identity=False, sink_zero_init=True, temperature_learnable=False, score_temperature=None))	stage2_qbyt/v42_encoders/V42-gsfinetune	run_snapshots/lightning/exp/stage2_qbyt/v42_encoders/V42-gsfinetune/version_0/hparams.yaml
exp__stage2_qbyt__v42_encoders__V42-paperstage1__checkpoints__V42-paperstage1__version_0__last.ckpt	exp/stage2_qbyt/v42_encoders/V42-paperstage1/checkpoints/V42-paperstage1/version_0/last.ckpt	25305029	f170410a1240d96d0fbd89df91ca109c29cca121e3ddd5f766aeba24cda606f5	QbyTScoreSpec(version=4, value=QbyTReadoutConfig(mode='eps_softmin', temperature=1.0, sink_token=True, text_position='learned', audio_position='relative_bias', relative_num_buckets=32, relative_max_distance=64, sink_readout='additive', sink_identity=False, sink_zero_init=True, temperature_learnable=False, score_temperature=None))	stage2_qbyt/v42_encoders/V42-paperstage1	run_snapshots/lightning/exp/stage2_qbyt/v42_encoders/V42-paperstage1/version_0/hparams.yaml
exp__stage2_qbyt__v42_encoders__V42-paperstage1__checkpoints__V42-paperstage1__version_1__last.ckpt	exp/stage2_qbyt/v42_encoders/V42-paperstage1/checkpoints/V42-paperstage1/version_1/last.ckpt	25306433	fe0364b2f38ac7d8ee66b91833ff78472c210b5eeb37232e623f1fab446db7a6	QbyTScoreSpec(version=4, value=QbyTReadoutConfig(mode='eps_softmin', temperature=1.0, sink_token=True, text_position='learned', audio_position='relative_bias', relative_num_buckets=32, relative_max_distance=64, sink_readout='additive', sink_identity=False, sink_zero_init=True, temperature_learnable=False, score_temperature=None))	stage2_qbyt/v42_encoders/V42-paperstage1	run_snapshots/lightning/exp/stage2_qbyt/v42_encoders/V42-paperstage1/version_1/hparams.yaml
exp__stage2_qbyt__v42_encoders__V42-paperstage1__checkpoints__V42-paperstage1__version_1__stage2_step042500.pt	exp/stage2_qbyt/v42_encoders/V42-paperstage1/checkpoints/V42-paperstage1/version_1/stage2_step042500.pt	21735323	b45532b60198bb02dbb796a20c4553934a652164962c398cadca527496fcc426	QbyTScoreSpec(version=4, value=QbyTReadoutConfig(mode='eps_softmin', temperature=1.0, sink_token=True, text_position='learned', audio_position='relative_bias', relative_num_buckets=32, relative_max_distance=64, sink_readout='additive', sink_identity=False, sink_zero_init=True, temperature_learnable=False, score_temperature=None))	stage2_qbyt/v42_encoders/V42-paperstage1	run_snapshots/lightning/exp/stage2_qbyt/v42_encoders/V42-paperstage1/version_1/hparams.yaml
exp__stage2_qbyt__v42_encoders__V42-paperstage1__checkpoints__V42-paperstage1__version_1__step_step-042500.ckpt	exp/stage2_qbyt/v42_encoders/V42-paperstage1/checkpoints/V42-paperstage1/version_1/step_step=042500.ckpt	25306433	a50ac0266b63df6938dab98685f4e13d5f0bea28377b9ef2e39ff24794e7fe34	QbyTScoreSpec(version=4, value=QbyTReadoutConfig(mode='eps_softmin', temperature=1.0, sink_token=True, text_position='learned', audio_position='relative_bias', relative_num_buckets=32, relative_max_distance=64, sink_readout='additive', sink_identity=False, sink_zero_init=True, temperature_learnable=False, score_temperature=None))	stage2_qbyt/v42_encoders/V42-paperstage1	run_snapshots/lightning/exp/stage2_qbyt/v42_encoders/V42-paperstage1/version_1/hparams.yaml
exp__stage2_qbyt__v42_encoders__V42-paperstage1__checkpoints__V42-paperstage1__version_1__step_step-045000.ckpt	exp/stage2_qbyt/v42_encoders/V42-paperstage1/checkpoints/V42-paperstage1/version_1/step_step=045000.ckpt	25306433	aacf02fa4c34d1bb07b8d7a64aa9404de613e10d16e0c59f48a03f713645ac5b	QbyTScoreSpec(version=4, value=QbyTReadoutConfig(mode='eps_softmin', temperature=1.0, sink_token=True, text_position='learned', audio_position='relative_bias', relative_num_buckets=32, relative_max_distance=64, sink_readout='additive', sink_identity=False, sink_zero_init=True, temperature_learnable=False, score_temperature=None))	stage2_qbyt/v42_encoders/V42-paperstage1	run_snapshots/lightning/exp/stage2_qbyt/v42_encoders/V42-paperstage1/version_1/hparams.yaml
exp__stage2_qbyt__v42_encoders__V42-paperstage1__checkpoints__V42-paperstage1__version_1__step_step-047500.ckpt	exp/stage2_qbyt/v42_encoders/V42-paperstage1/checkpoints/V42-paperstage1/version_1/step_step=047500.ckpt	25306433	6c5d37bb6d57f0ea294d6d9e238e609bdbeda956f25af71730363f093f5b1fc2	QbyTScoreSpec(version=4, value=QbyTReadoutConfig(mode='eps_softmin', temperature=1.0, sink_token=True, text_position='learned', audio_position='relative_bias', relative_num_buckets=32, relative_max_distance=64, sink_readout='additive', sink_identity=False, sink_zero_init=True, temperature_learnable=False, score_temperature=None))	stage2_qbyt/v42_encoders/V42-paperstage1	run_snapshots/lightning/exp/stage2_qbyt/v42_encoders/V42-paperstage1/version_1/hparams.yaml
raw__kws-checkpoints__gigaspeech-20240219__exp-finetune__pretrained.pt	raw/kws-checkpoints/gigaspeech-20240219/exp-finetune/pretrained.pt	14127130	0778a9321e9ef1674c96b2c96487fd0122b4f9f1ac86b3ff1bc21ac360102f75		raw/kws-checkpoints/gigaspeech-20240219/exp-finetune	
raw__kws-checkpoints__gigaspeech-20240219__exp__pretrained.pt	raw/kws-checkpoints/gigaspeech-20240219/exp/pretrained.pt	14127130	b9915bc01e96f5b0bef0d6b88d3a0d8086017e4f50711bf3c2be6b1acfb80900		raw/kws-checkpoints/gigaspeech-20240219/exp	
raw__kws-checkpoints__gigaspeech-asr-xl-2023-10-17__pretrained.pt	raw/kws-checkpoints/gigaspeech-asr-xl-2023-10-17/pretrained.pt	262605742	1b73e79a7545d360890a8eb437b1ec63946d8b7aa0923ca6d3911a33e84bec0b		raw/kws-checkpoints/gigaspeech-asr-xl-2023-10-17	
raw__kws-checkpoints__paper-stage1__ls-gs-1460.pt	raw/kws-checkpoints/paper-stage1/ls-gs-1460.pt	25750014	58e2b8b609565b6b16dfffcd27eaaeb0469f48d9a4571a5e203806459b65bf50		raw/kws-checkpoints/paper-stage1	
raw__kws-checkpoints__zh-en-3M-2025-12-20__epoch-13.pt	raw/kws-checkpoints/zh-en-3M-2025-12-20/epoch-13.pt	51959636	1356d5663fdc86139a33f7b65a1a8f01025735318e6170895b7d6ec9061c3aeb		raw/kws-checkpoints/zh-en-3M-2025-12-20	
raw__kws-checkpoints__zh-en-3M-2025-12-20__pretrained-epoch-13-avg-2.pt	raw/kws-checkpoints/zh-en-3M-2025-12-20/pretrained-epoch-13-avg-2.pt	13057683	62188d073aaf7ec33f85a2c1e1f2a75751658743daeb203f17241ec3bf4ff6eb		raw/kws-checkpoints/zh-en-3M-2025-12-20	
